id,source,chapter,topics,type,question,options,answer,explanation,why_wrong,hint,image,include,near_duplicate_of,flags,drafted_by_claude,reveals_answer_to,variant_of
ch00-book-01,Book: Types of variables (Q1),0,variable types,MC,"In a species with pink or white flowers, flower color is a special kind of categorical variable known as a ___ variable.","A) Nominal
B) Binary
C) Ordinal
D) Bimodal",B,"Flower color here has only two possible values, so it is binary. It is also unordered (nominal), but binary is the more specific description.","A) Nominal: true that pink is not greater or less than white, but with only two values, binary is the better description.
C) Ordinal: ordinal categories have a natural order (small, medium, large). Pink and white do not.
D) Bimodal describes the shape of a numeric distribution with two peaks, not a type of variable.",How many different values can flower color take in this species?,,yes,ch00-canvas-01,,"explanation (adapted from book), why_wrong, hint",,
ch00-book-02,Book: Types of variables (Q2),0,variable types,MC,Which of these variables is best described as continuous?,"A) Flower color (pink, white)
B) Petal length
C) Number of flowers on a plant",B,"Petal length can take any value within a range (e.g., 12.37 mm), so it is continuous.","A) Flower color is categorical (binary here), not numeric.
C) Number of flowers is a count. It can only take whole numbers, so it is discrete.",Which of these could fall between two whole numbers?,,yes,ch00-canvas-02,,"explanation, why_wrong, hint",,
ch00-book-03,Book: Types of variables (Q3),0,variable types,MC,The number of offspring produced by a single animal in one breeding season is:,"A) Binary
B) Continuous
C) Discrete",C,"Offspring are counted in whole numbers (0, 1, 2, ...), so this is a discrete numeric variable.","A) Binary variables have only two possible values. An animal can have many different numbers of offspring.
B) Continuous variables can take any value in a range. An animal can't have 2.5 offspring.",Can an animal have 2.5 offspring?,,yes,ch00-canvas-03,,"explanation, why_wrong, hint",,
ch00-book-04,Book: Types of variables (Q4),0,variable types,TF,TRUE or FALSE: Populations of Clarkia that we named 100 and 22 are numeric.,"A) TRUE
B) FALSE",B,"These numbers are just names (labels). Doing math with them is meaningless: population 100 is not 'bigger' than population 22, and their average (61) means nothing. They are nominal categorical.",TRUE: a number used as a name is still a category. Ask whether arithmetic on the values would mean anything.,Would it make sense to average the population names?,,yes,ch00-canvas-04,,"explanation, why_wrong, hint",,
ch00-book-05,Book: Types of variables (Q5),0,variable types,TF,"TRUE or FALSE: A variable on a Likert scale is clearly numeric. (Example Likert scale: How do you feel about Clarkia? (1) Love it, (2) Like it, (3) Don't care, (4) Do not like, (5) Hate it.)","A) TRUE
B) FALSE",B,"Likert values are written as numbers, but they label ordered categories, so the variable is ordinal. People sometimes analyze Likert data as if numeric (e.g., averaging), which can be a reasonable shortcut, but it is not 'clearly' numeric. 'Clearly' is the key word.",TRUE: the numbers 1 to 5 stand for ordered categories. The gap between 'Love it' and 'Like it' need not equal the gap between 'Don't care' and 'Do not like'.,"Do the numbers measure an amount, or just label ordered choices?",,yes,ch00-canvas-05,Book version relies on a margin note to define Likert scales; the definition is now included in the question text.,"explanation (adapted from book), why_wrong, hint",,
ch00-book-06,Book: Types of variables (Q6),0,variable types,MC,The variable kingdom (corresponding to one of the six kingdoms of life) is a ___ variable.,"A) Nominal
B) Binary
C) Ordinal
D) Discrete",A,"Kingdom has several categories with no natural order, so it is nominal.","B) Binary would require exactly two categories. There are six kingdoms.
C) Ordinal categories have a natural order. Animals are not 'more' or 'less' than plants.
D) Discrete describes whole-number counts, a kind of numeric variable. Kingdom is not a number.",Is there a natural order to the kingdoms of life?,,yes,ch00-canvas-01,,"explanation, why_wrong, hint",,
ch00-book-07,Book: Types of variables (Q7),0,"variable types, modeling choices",TF,TRUE or FALSE: A continuous variable can never be modeled as discrete and vice versa.,"A) TRUE
B) FALSE",B,"How we treat a variable is partly a modeling choice. Counts with many possible values (e.g., number of seeds) are often analyzed as if continuous, and continuous measurements are sometimes binned into categories (e.g., small vs. large petals).","TRUE: variable type guides analysis, but it is not a fixed rule. The best treatment depends on the question and the data.",Can you think of a count that takes so many values it behaves almost like a measurement?,,yes,ch00-canvas-06,Book text says 'TRUE of FALSE' (typo); corrected here.,"explanation, why_wrong, hint",,
ch00-canvas-01,Canvas quiz (varType),0,variable types,MC,"Some flowers are sweet, others are minty, some smell neutral, while others smell like rotting meat. In this description, flower fragrance is a special kind of categorical variable known as a ___ variable.","A) Binary
B) Nominal
C) Continuous
D) Ordinal",B,"Fragrance has several categories (sweet, minty, neutral, rotting meat) with no natural order, so it is nominal.","A) Binary would need exactly two categories. There are four.
C) Continuous variables are numeric measurements. Fragrance categories are not numbers.
D) Ordinal categories have a natural order. 'Minty' is not more or less than 'sweet'.","How many categories are there, and do they have a natural order?",,yes,"ch00-book-01, ch00-book-06",,"explanation, why_wrong, hint",,
ch00-canvas-02,Canvas quiz (varType),0,variable types,MC,Which of these variables is best described as continuous?,"A) Total time visited by pollinator
B) Number of pollinator visits
C) Number of flowers",A,"Time can take any value in a range (e.g., 3.72 minutes), so total visit time is continuous.","B) Number of visits is a count of whole numbers, so it is discrete.
C) Number of flowers is also a whole-number count, so it is discrete.",Which of these could be measured with a stopwatch rather than counted?,,yes,ch00-book-02,Removed a blank Canvas option ('No answer text provided'). Consider rewording option A to 'Total time a plant was visited by pollinators'.,"explanation, why_wrong, hint",,
ch00-canvas-03,Canvas quiz (varType),0,variable types,MC,The number of pollinators that visit a plant in one day is a ____ variable.,"A) Continuous
B) Binary
C) Discrete",C,"Pollinators are counted in whole numbers (0, 1, 2, ...), so this is a discrete numeric variable.","A) Continuous variables can take any value in a range. You can't have 2.5 pollinators.
B) Binary variables have only two values. A plant can receive many different numbers of visitors.",Can 2.5 pollinators visit a plant?,,yes,ch00-book-03,Removed a blank Canvas option ('No answer text provided').,"explanation, why_wrong, hint",,
ch00-canvas-04,Canvas quiz (varType),0,variable types,TF,TRUE or FALSE: Plant genotypes named 100 and 22 are numeric variables.,"A) TRUE
B) FALSE",B,"The numbers are names (labels) for genotypes, so genotype is nominal categorical. Arithmetic on them is meaningless: genotype 100 is not 'more' than genotype 22.",TRUE: a number used as a name is still a category. Ask whether arithmetic on the values would mean anything.,Would it make sense to average the genotype names?,,yes,ch00-book-04,,"explanation, why_wrong, hint",,
ch00-canvas-05,Canvas quiz (varType),0,variable types,TF,TRUE or FALSE: We are nearing the end of the US Open tennis tournament. Tennis players' rankings are clearly numeric.,"A) TRUE
B) FALSE",B,"Rankings are ordered categories (ordinal). The order is meaningful, but the gaps are not equal: the difference between #1 and #2 need not match the difference between #100 and #101.","TRUE: rankings look numeric, but they label positions in an order rather than measure an amount.",Is the gap between #1 and #2 the same as the gap between #100 and #101?,,yes,ch00-book-05,The US Open reference is tied to a time of year; consider dropping the first sentence.,"explanation, why_wrong, hint",,
ch00-canvas-06,Canvas quiz (varType),0,"variable types, modeling choices",TF,TRUE or FALSE: A discrete variable can never be modeled as continuous and vice versa.,"A) TRUE
B) FALSE",B,"How we treat a variable is partly a modeling choice. Counts with many possible values are often analyzed as if continuous, and continuous measurements are sometimes binned into categories.","TRUE: variable type guides analysis, but it is not a fixed rule.",Can you think of a count that takes so many values it behaves almost like a measurement?,,yes,ch00-book-07,,"explanation, why_wrong, hint",,
ch01-book-01,Book: Getting started summary (Q1),1,"R basics, errors & debugging",MC,"Entering ""p""^2 into R produces which error?","A) What error? It works great?
B) Error: object p not found
C) Error: object of type closure is not subsettable
D) Error in ""p""^2 : non-numeric argument to binary operator",D,"The quotes make ""p"" a character string, and you can't do arithmetic (like ^2) on text. R says the argument is ""non-numeric"".","A) R cannot square a word, so it does throw an error.
B) ""object not found"" happens when you type a name without quotes that doesn't exist (p^2). With quotes, R knows ""p"" is text, not an object.
C) ""closure is not subsettable"" comes from treating a function like data (e.g., mean[1]). Not relevant here.",What do the quotation marks around p tell R?,,yes,,,"explanation, why_wrong, hint",,
ch01-book-02,Book: Getting started summary (Q2),1,R basics,MC,Which logical question provides an unexpected answer?,"A) (2.0 + 1.0) == 3.0
B) (0.2 + 0.1) == 0.3
C) 2^2 > 8
D) (1/0) == (10 * 1/0)",B,"(0.2 + 0.1) == 0.3 returns FALSE because of floating-point precision: some decimals can't be stored exactly in binary, so 0.2 + 0.1 is very slightly different from 0.3. Use all.equal() or round() instead of == for decimals.","A) Whole-number arithmetic is exact, so this is TRUE, as expected.
C) 2^2 is 4, which is not greater than 8, so FALSE, as expected.
D) 1/0 is Inf in R, and 10 * Inf is also Inf, so this is TRUE. That surprises some people, but it follows from how R handles infinity.",Try (0.2 + 0.1) - 0.3 in R. Is it exactly zero?,,yes,,Option D also returns a result many beginners find surprising (Inf == Inf is TRUE). Consider replacing it with a clearly unsurprising option.,"explanation, why_wrong, hint",,
ch01-book-03,Book: Getting started summary (Q3),1,"R basics, vectors",MC,"You measured the length and width (in cm) of five wild grape (Vitis riparia) leaves and stored them in two vectors, leaf_length and leaf_width (in the same leaf order). Leaf area = 0.851 x leaf length x leaf width. Which code gives the mean leaf area?","A) mean(0.851 * leaf_length * leaf_width)
B) 0.851 * mean(leaf_length) * mean(leaf_width)
C) mean(leaf_length) * mean(leaf_width)
D) sum(0.851 * leaf_length * leaf_width)",A,"R multiplies vectors element by element, so 0.851 * leaf_length * leaf_width gives the area of each leaf. Then mean() averages those five areas. (With the book's data this gives 16.9 cm².)","B) This multiplies the average length by the average width. The mean of products is not the same as the product of means, so this gives a (slightly) different number.
C) Same problem as B, and it also forgets the 0.851.
D) sum() gives the total area of all five leaves, not the average.","First get one area per leaf, then summarize.",,yes,,"Concept version of the book question, which asked students to calculate the answer in R (16.9). Uses leaf_length rather than the book's 'length', which masks the base R function length().","question (rewritten), options, explanation, why_wrong, hint",,
ch01-book-04,Book: Getting started summary (Q4),1,"R basics, packages, scripts",MC,"A script has two lines, in this order:
Line 1: praise()
Line 2: library(praise)
How will running this script make you feel?","A) Amazing, I love being praised
B) Not good, it won't work :(",B,"R runs a script from top to bottom. Line 1 calls praise() before the praise package is loaded on line 2, so R gives 'could not find function ""praise""'. Load packages at the top of your script.",A) praise() would work only if the package were already loaded. Here it is loaded one line too late.,In what order does R run the lines of a script?,ch01-book-wrongpraise.png,yes,ch01-quiz-03,Book version shows the script as a screenshot; the code is now written into the question text.,"explanation, why_wrong, hint",,
ch01-book-05,Book: Getting started summary (Q5),1,"R basics, assignment & environment",MC,A script contains two lines: x <- 3:5 and y <- 1. The Environment pane shows only x (int [1:3] 3 4 5); y is not listed. What happens if you enter x^2 in the console?,"A) Error: object x not found
B) 1 4 9
C) 9 16 25",C,"x exists (it is in the Environment) and holds 3, 4, 5. Squaring each element gives 9, 16, 25.","A) x is in the Environment, so R can find it.
B) 1 4 9 would be the squares of 1, 2, 3. But x is 3:5, which is 3, 4, 5.",What values does 3:5 create?,ch01-book-badscript.png,yes,,Shares its setup with ch01-book-06. Book version shows the script and Environment as a screenshot; described in text here.,"explanation, why_wrong, hint",,
ch01-book-06,Book: Getting started summary (Q6),1,"R basics, assignment & environment",MC,A script contains two lines: x <- 3:5 and y <- 1. The Environment pane shows only x (int [1:3] 3 4 5); y is not listed. What happens if you enter x * y in the console?,"A) Error: object x not found
B) Error: object y not found
C) 1 2 3
D) 3 4 5",B,"Writing y <- 1 in a script does nothing until you run that line. The Environment shows only x, so y was never created, and R stops with 'object y not found'.","A) x is in the Environment, so R can find it.
C) and D) would require y to exist. D (3 4 5) is what you'd get if y were 1, which is the trap: the line exists in the script but was never run.",Is y listed in the Environment pane?,ch01-book-badscript.png,yes,ch01-quiz-01,Shares its setup with ch01-book-05.,"explanation, why_wrong, hint",,
ch01-book-07,Book: Getting started summary (Q7),1,learning R,MC,"You spend 30 minutes debugging something, and at the end the mistake was so obvious. What is the most accurate interpretation?","A) You're bad at R
B) You wasted time
C) Good job! You learned something and solved a problem.
D) R is stupid",C,"Debugging is how everyone learns R. Finding an 'obvious' mistake means you now recognize it, which makes the next one faster.","A), B) and D) all treat errors as failure. Errors are a normal part of coding, even for experts.",,,yes,,Mindset question; low value for exam practice. Consider include = no for the exam study guide.,"explanation, why_wrong, hint",,
ch01-book-08,Book: Getting started summary (Q8),1,"R basics, scripts & reproducibility",MC,"Script A:
a <- c(1,2,3)
b <- a*2

Script B:
leaf_length <- c(1,2,3)
double_length <- leaf_length * 2

While neither script is perfect, which is better?","A) They both work, so they are equally good
B) It depends on who is reading it
C) Script A, it's shorter
D) Script B, it's easier to understand",D,"Both scripts do the same thing, but Script B's names say what the values are. Clear names make code easier to read, check and reuse, including by you in a few weeks.","A) Working is necessary but not enough. Code also has to be understandable.
B) Descriptive names help every reader.
C) Shorter is not better if the reader can't tell what a and b mean.",Which script could you understand without any explanation?,,yes,,,"explanation, why_wrong, hint",,
ch01-book-09,Book: Getting started summary (Q9),1,"scripts & reproducibility, packages",MC,"Consider these lines of code:
a) x <- 4
b) class(x)
c) install.packages(""ggplot2"")
d) library(ggplot2)
Which two are best to include in your saved R script (assuming you are using functions from ggplot2)?","A) a & b
B) a & c
C) a & d
D) b & c
E) b & d
F) c & d",C,"a) and d) are needed for the code to work every time: x must be created and ggplot2 must be loaded. class(x) is a check you run while exploring, and install.packages() is a one-time setup step, not part of the analysis.","Options with b): class(x) only displays the type of x; the analysis doesn't need it.
Options with c): installing a package every time the script runs is unnecessary and slow. Install once in the console.
A) Includes b): class(x) only displays the type of x, which the analysis doesn't need.
B) Includes c): installing a package every time the script runs is unnecessary; install once in the console. And without library(ggplot2), its functions won't load.
D) Includes c), and leaves out both creating x and loading ggplot2.
E) Includes b), and leaves out creating x.
F) Includes c), and leaves out creating x.","Which lines must run every time for the script to work, and which are one-time or exploratory?",,yes,,,"explanation (adapted from book), why_wrong, hint",,
ch01-book-10,Book: Getting started summary (Q10),1,learning R,MC,Which of the following is the best long-term strategy for improving in R?,"A) Memorize as many functions as possible
B) Avoid errors
C) Write code regularly and reflect on mistakes
D) Ask AI to solve all your R problems and copy and paste its answers",C,Skill comes from practice and learning from errors. Look-up is easy; understanding comes from doing.,"A) You can always look functions up. Knowing how to use them comes from practice.
B) Errors are how you learn. Avoiding them means avoiding practice.
D) Copying answers without understanding them doesn't build skill, and AI answers can be wrong.",,,yes,,Mindset question; low value for exam practice. Consider include = no for the exam study guide.,"explanation, why_wrong, hint",,
ch01-quiz-01,"Intro to R group quiz (2026), Q1",1,"R basics, assignment & environment",MC,"Two students each typed x <- 5 in an R script.
Student A ran the line: it appears in the Console (> x<-5) and the Environment shows x = 5.
Student B did not run the line: the Console is empty and the Environment says 'Environment is empty'.
In which case does x equal 5?","A) A only
B) B only
C) Both
D) Neither",A,"Typing code in a script doesn't do anything until you run it. Only Student A ran x <- 5, so only A has x in the Environment.","B) and C): Student B wrote the code but never ran it, so x doesn't exist for B.
D) Student A did run the line, and the Environment confirms x = 5.",Check the Environment pane. Does x exist there?,,yes,ch01-book-06,"Original question shows two RStudio screenshots and asks 'A, B, Both, or Neither'. Rewritten in text so it works without images; the screenshots should be added if the tutor can show images.","explanation, why_wrong, hint",,
ch01-quiz-02,"Intro to R group quiz (2026), Q2",1,"R basics, assignment & environment, packages",short answer,"When you open up R, the iris data set has column names Sepal.Length, Sepal.Width, Petal.Length, Petal.Width, and Species. I run this code:
library(janitor)
clean_names(iris)
The console prints the data with names sepal_length, sepal_width, and so on. If you now type View(iris), what is the first column name?",,Sepal.Length,"clean_names(iris) returns a cleaned copy and prints it, but doesn't change iris itself, because the result wasn't saved. To keep it, you'd write iris <- clean_names(iris). So iris still has its original names.","Common wrong answer: sepal_length. That's what was printed, but printing a result is not the same as saving it.",Did the code save the result anywhere with <- ?,,yes,,"Original shows the code and output as a screenshot; written in text here. Related to practice exam Q8 (iris + clean_names), which is kept out of the bank.","explanation, why_wrong, hint",,
ch01-quiz-03,"Intro to R group quiz (2026), Q3",1,"R basics, errors & debugging, packages",MC,"You type glimpse(iris) and get:
Error in glimpse(iris) : could not find function ""glimpse""
What went wrong?","A) glimpse is spelled wrong
B) glimpse should be capitalized
C) the dplyr package is not loaded
D) iris does not exist",C,glimpse() comes from the dplyr package. 'Could not find function' usually means the package that provides the function hasn't been loaded with library(dplyr).,"A) glimpse is spelled correctly.
B) R is case-sensitive, and the function is lowercase glimpse().
D) iris is built into R. Also, if iris were missing, the error would say 'object not found', not 'could not find function'.",Does the error say R can't find an object or a function?,,yes,ch01-book-04,,"explanation, why_wrong, hint",,
ch01-quiz-04,"Intro to R group quiz (2026), Q4",1,"R basics, vectors, pipes & functions",written code,"Write the following R code by hand:
- Assign a vector with values two, four, six and eight to the variable appreciate.
- Pass this vector to the sqrt() function to (temporarily) create a new vector with the square root of each value.
- ""Pipe"" this forward and find the mean of this second vector.",,"appreciate <- c(2, 4, 6, 8)
sqrt(appreciate) |> mean()
(result: 2.17)","c() combines values into a vector, <- assigns it a name, sqrt() works on each element, and |> passes the result into mean(). The %>% pipe also works if dplyr or magrittr is loaded.","Common mistakes: forgetting c(); writing appreciate = 2, 4, 6, 8; or taking the mean first and then the square root (sqrt(mean(appreciate)) gives 2.24, not 2.17).","Break it into steps: make the vector, then transform it, then summarize it.",,no,,Hand-written code: moved to open_ended_bank.md for the tutor bot to check. Kept here for reference.,"explanation, why_wrong, hint",,
ch02-chimein-01,Chime In (ggplot),2,data viz principles,open,What are good reasons to make a plot?,,"Model answer (any several): to explore the data and see patterns we didn't expect; to check for errors, outliers or odd values; to see the shape of a distribution; to avoid being fooled by summary statistics, since very different data can share the same means and correlations (e.g., datasaurus); and to communicate results clearly to others.","Plots show what summaries hide. Making a plot early protects you from fooling yourself, and a good plot later helps others understand and check your results.",,"Think about two moments: before you analyze the data, and when you share your results.",,no,,Moved to open_ended_bank.md (O-02-01). Kept here for reference.,"answer (model answer), explanation, hint",,
ch02-chimein-02,"Chime In (ggplot), rewritten",2,data viz principles,MC,"You want to compare sepal width among three iris species using 'small multiples' (one histogram per species). Layout A stacks the three panels vertically so they share one x-axis. Layout B puts them side by side; each panel uses the same x-axis scale, but the panels sit next to each other rather than lined up above one another. Which layout makes it easier to compare where each species' values fall, and why?","A) Layout A, because stacking the panels on a shared x-axis lines up the values, so you can compare positions directly
B) Layout B, because side-by-side panels are always easier to read
C) There is no difference",A,"To compare where values fall (the centers and spreads), the x-axes should line up. Stacking panels vertically does that. Side-by-side panels line up the y-axes instead, which is better for comparing counts.","B) Side-by-side is not always better. It lines up the y-axis (counts), not the values we want to compare.
C) The layout changes which comparison is easy, so it does matter.",Which axis do you need to line up to compare where the values fall?,ch02-chimein-02.png,yes,,"The original Chime In was a preference poll with no right answer, followed by 'explain your answer'. Rewritten here as a question with a key. Check you agree with the key. Image saved as bank_images/ch02-chimein-02.png.","explanation, why_wrong, hint",,
ch02-chimein-03,Chime In (ggplot),2,data viz principles,MC,"Two density plots show sepal width for three iris species. In plot A, the curves are filled with solid colors, so some curves hide behind others. In plot B, the same curves are semi-transparent, so all three remain visible where they overlap. Which plot is superior?","A) A, because the colors are bolder
B) B, because you can see the distribution of values for all species
C) It depends...",B,"In plot A, the curves drawn last cover the ones underneath, hiding parts of the data. Transparency (alpha) in plot B lets you see every distribution, including where they overlap.","A) Bold colors don't help if they hide data.
C) Here the purpose (comparing all three species) is clear, and B serves it better.","In plot A, can you see the full shape of every species' curve?",ch02-chimein-03.png,yes,,Image saved as bank_images/ch02-chimein-03.png. The text description hints at the answer; show the image when the platform allows.,"explanation, why_wrong, hint",,
ch02-chimein-04,Chime In (ggplot),2,data viz principles,MC,"Two sets of faceted histograms show sepal width for three iris species. In plot A, all three panels share the same x-axis (2 to 4.5). In plot B, each panel has its own x-axis range (setosa about 2.2 to 4.5, versicolor 2.0 to 3.5, virginica about 2.2 to 3.8). What feature of plot B makes it dangerously misleading?","A) The width of bins varies by panel
B) The y-axis (count) is rescaled in each panel
C) Because the meaning of the x-axis differs across panels, we can't visually compare",C,"A reader assumes the same spot on the x-axis means the same value in every panel. In plot B, it doesn't, so species look more similar than they are. Facets meant for comparison should share axes.","A) Bin widths do differ, as a side effect of the different x ranges, but the main danger is that the axes themselves differ.
B) All three panels in plot B share the same y-axis (0 to 15); it is the x-axes that change from panel to panel.",Look at the x-axis labels in each panel of plot B. Do they match?,ch02-chimein-04.png,yes,,"Option A is also technically true (bins = 10 over different ranges gives different bin widths). Consider rewording it, or accept A as partly right. Image saved as bank_images/ch02-chimein-04.png.","explanation, why_wrong, hint",,
ch02-quiz-01,"ggplot quiz (2026), Q4 and Q5 merged",2,"data viz principles, aesthetics",short answer,"A plot of iris data maps four variables onto aesthetics: x position, y position, color, and point size. Which aesthetic mappings make it easiest for a reader to compare values, and which make it hardest? Explain.",,"Easiest: x and y position. Hardest: size, and color when it shows a continuous variable (color is fine for a few categories, like species).","People judge positions along a common axis very accurately, but are poor at judging differences in area or shade. Put the comparisons that matter most on the x and y axes.","Common mistake: saying color is easiest because it stands out. Color is great for telling groups apart, but poor for reading amounts.",Try reading an exact value from a point's size. How about from its position on the y-axis?,ch02-quiz-iris-aesthetics.png,yes,,"Original Q4 and Q5 (merged). Can be asked on its own, or after ch02-quiz-04 to 06 using the same plot (image added).","explanation, why_wrong, hint",,
ch02-quiz-02,"ggplot quiz (2026), Q6",2,"data viz principles, ggplot layers",MC,"Which code will best reveal the raw data?
a) ggplot(iris, aes(x = Species, y = Petal.Length)) + geom_boxplot()
b) ggplot(iris, aes(x = Species, y = Petal.Length)) + geom_boxplot() + geom_jitter(width = .2, alpha = .4)
c) ggplot(iris, aes(x = Species, y = Petal.Length)) + geom_jitter(width = .2, alpha = .4) + geom_boxplot()","A) a
B) b
C) c",B,"A boxplot alone summarizes the data and hides the individual points. Adding jittered points shows them. ggplot draws layers in order, so in b) the points sit on top of the boxplot, while in c) the boxplot is drawn last and covers points inside the box.","A) A boxplot shows a summary (median, quartiles), not the individual data points.
C) This includes the points, but the boxplot is drawn on top and hides the ones inside the box.",ggplot draws layers in the order you add them. Which layer ends up on top?,,yes,,"The original wording ('Which code will reveal the raw data?') makes c) arguably correct too; 'best' added. Somewhat code-based, but the idea (show the raw data; layer order) is conceptual.","explanation, why_wrong, hint",,
ch02-quiz-03,"ggplot quiz (2026), Q7",2,"data viz principles, honest plots",short answer,"I plotted sepal width by species with this code:
ggplot(iris, aes(x = Species, y = Sepal.Width)) + geom_col() + geom_jitter(width = .2, alpha = .4)
The bars reach roughly 140 to 170, while the individual points all sit near 3 at the bottom of the plot. Explain what went wrong. Bonus: how would you fix it?",,"geom_col() makes each bar's height the SUM of all the y values in that group (about 50 flowers per species x ~3 cm), not the mean. So the bars show totals that have no useful meaning here, and the raw points get squashed at the bottom. Fix: show the mean instead (e.g., stat_summary(fun = mean, geom = 'bar')), or use a boxplot with jittered points.","Bar heights should show a meaningful summary. Bars of summed widths make the groups look like they differ in something they don't, and hide the real data.","Common mistake: assuming bars always show the mean. In ggplot, geom_col() adds up the values.","If each species has about 50 flowers with sepals about 3 cm wide, what do you get if you add them all up?",,yes,,Original shows the resulting plot; described in text here.,"explanation, why_wrong, hint",,
ch02-quiz-04,"ggplot quiz (2026), Q1",2,"aesthetics, ggplot basics",short answer,"Plot setup (iris data, cleaned names): three panels, one per species (setosa, versicolor, virginica). Each point is a flower. The x-axis is sepal_length (about 4.3 to 7.9) and the y-axis is sepal_width (about 2 to 4.4). Point color shows petal_length (dark purple = short, about 1; yellow = long, about 7), and point size shows petal_width (small = narrow, large = wide). Each panel has a straight trendline from geom_smooth(method = ""lm""). Setosa points sit to the upper left (short, wide sepals), are small and dark purple, and have a steep trendline. Versicolor points are in the middle, medium-sized and teal. Virginica points sit furthest right, are the largest and green to yellow, with the shallowest trendline.

The plot uses four aesthetics. Map each variable onto its aesthetic: aes(x = ___, y = ___, color = ___, size = ___)",,"aes(x = sepal_length, y = sepal_width, color = petal_length, size = petal_width)","Read each mapping from the plot: the axis titles give x and y, and the two legends give color (petal_length) and size (petal_width). Species is not an aesthetic here; it splits the plot into panels (facets).","Common mistake: putting species as color. Species defines the panels, not the colors; color shows petal length.",Look at the axis titles and the two legends.,ch02-quiz-iris-aesthetics.png,yes,,Needs the image (description included in the question text).,"explanation, why_wrong, hint",,
ch02-quiz-05,"ggplot quiz (2026), Q2",2,"aesthetics, associations",MC,"Plot setup (iris data, cleaned names): three panels, one per species (setosa, versicolor, virginica). Each point is a flower. The x-axis is sepal_length (about 4.3 to 7.9) and the y-axis is sepal_width (about 2 to 4.4). Point color shows petal_length (dark purple = short, about 1; yellow = long, about 7), and point size shows petal_width (small = narrow, large = wide). Each panel has a straight trendline from geom_smooth(method = ""lm""). Setosa points sit to the upper left (short, wide sepals), are small and dark purple, and have a steep trendline. Versicolor points are in the middle, medium-sized and teal. Virginica points sit furthest right, are the largest and green to yellow, with the shallowest trendline.

Visually guess: which species shows the steepest increase in sepal width with sepal length?","A) setosa
B) versicolor
C) virginica",A,"Setosa's trendline rises the most for each unit of sepal length (roughly 0.8 cm of width per cm of length, versus about 0.3 for versicolor and 0.2 for virginica).","B) Versicolor's line rises, but more gently than setosa's.
C) Virginica has the shallowest line of the three.",Compare how much each trendline rises over the same distance along the x-axis.,ch02-quiz-iris-aesthetics.png,yes,,Needs the image (description included in the question text).,"explanation, why_wrong, hint",,
ch02-quiz-06,"ggplot quiz (2026), Q3",2,"aesthetics, data viz principles",short answer,"Plot setup (iris data, cleaned names): three panels, one per species (setosa, versicolor, virginica). Each point is a flower. The x-axis is sepal_length (about 4.3 to 7.9) and the y-axis is sepal_width (about 2 to 4.4). Point color shows petal_length (dark purple = short, about 1; yellow = long, about 7), and point size shows petal_width (small = narrow, large = wide). Each panel has a straight trendline from geom_smooth(method = ""lm""). Setosa points sit to the upper left (short, wide sepals), are small and dark purple, and have a steep trendline. Versicolor points are in the middle, medium-sized and teal. Virginica points sit furthest right, are the largest and green to yellow, with the shallowest trendline.

From the plot, visually estimate which species has the: widest sepals? widest petals? longest sepals? longest petals?",,Widest sepals: setosa. Widest petals: virginica. Longest sepals: virginica. Longest petals: virginica.,"Sepal width and length are read from position (y and x), so they're easy to judge. Petal width and length are read from point size and color, which is much harder, which is the point of the follow-up question on which aesthetics are easiest to compare (ch02-quiz-01).","Common mistakes: guessing petal width from color or petal length from size (they're swapped), or picking versicolor for longest sepals because its points sit in the middle.",Sepals: use the axes. Petals: use the legends for color and size.,ch02-quiz-iris-aesthetics.png,yes,ch02-quiz-01,Needs the image (description included in the question text). Pairs with ch02-quiz-01.,"explanation, why_wrong, hint",,
ch02-hw-01,"ggplot homework, Q2",2,"associations, data viz principles",MC,"This scatterplot shows petal width (y-axis) against petal length (x-axis) for the 150 flowers in the iris data, with a straight trendline added. The points run from the lower left (petal length about 1 to 2, width about 0.1 to 0.6) up to the upper right (length about 5 to 7, width about 1.5 to 2.5), and the trendline slopes upward. What do you see?","A) Petal width tends to increase with petal length
B) Petal width tends to decrease with petal length
C) Petal width shows no clear relationship with petal length",A,"The points and the trendline both rise from lower left to upper right: flowers with longer petals tend to have wider petals, a strong positive association. Also worth noticing: the points form a separate cluster at the lower left (these turn out to be one species, setosa), a reminder that a single trendline can hide group structure.","B) A decrease would show points falling from upper left to lower right.
C) The points follow the trendline closely, so the relationship is clear.",Follow the points from left to right. Do they go up or down?,ch02-hw-01.png,yes,,"Original homework Q1, Q3 and Q4 to Q6 were dropped: they need running code or test ggplot syntax (geom_point, color vs fill, aes with a constant). Q3 (color by species) could come back with an image of that plot.","explanation, why_wrong, hint",,
ch03-hw-01,"Reproducible research homework, Q1",3,"reproducibility, data dictionaries",select-all,"What would you expect in a data dictionary describing the following data table? (select all correct)

Date | Tree_ID | Diameter
2025-06-01 | 1A | 8
2025-06-01 | 2A | 12
2025-06-01 | 1B | 3
2025-06-01 | 2B | 9","A) An explanation of what Tree_ID represents
B) The units for the Diameter variable
C) A statement that date is in Year-Month-Day format","A, B, C","A data dictionary explains everything a stranger needs to use the data: what each variable means (what is a Tree_ID? what do 1 and A stand for?), its units (cm? inches?), and its format (YYYY-MM-DD).",All three belong in the dictionary. Leaving any out forces a future reader (including future you) to guess.,Imagine handing this table to someone who has never seen your study. What would they need to ask you?,,yes,ch03-book-02,,"explanation, why_wrong, hint",,
ch03-hw-02,"Reproducible research homework, Q2",3,"reproducibility, loading data",MC,"Suppose you have just started a new R project and want to read in a file located in the project named animal_data.csv, which contains your raw data. How would you do this?","A) Load the readxl package, and type read_xlsx(file = ""animal_data.csv"")
B) Load the readr package and type read_csv(""animal_data.csv"")
C) Load the readr package and type read_csv(animal_data.csv)
D) Type read_csv(""animal_data.csv"")",B,"read_csv() comes from the readr package, so load it first. Because the file is inside the R project, a relative path (just the file name) works, and file names go in quotes.","A) readxl reads Excel files (.xlsx), not CSV files.
C) Without quotes, R looks for an object called animal_data.csv instead of a file.
D) read_csv() won't be found unless readr (or the tidyverse) is loaded first.","Which package provides read_csv(), and how does R know you mean a file name rather than an object?",,yes,,Reads code but doesn't require running it.,"explanation, why_wrong, hint",,
ch03-hw-03,"Reproducible research homework, Q3",3,"reproducibility, scripts",MC,How should you make your code more reproducible? (choose the best answer),"A) Annotate code with comments to indicate the purpose of each section
B) Read in your data BEFORE loading in the required packages
C) Use absolute file paths rather than relative paths",A,"Comments explain what each part of the code is for, so others (and future you) can follow, check, and rerun it.","B) Packages should be loaded first, at the top of the script; functions like read_csv() won't exist until they are.
C) Absolute paths (like C:/Users/yaniv/...) only work on your computer. Relative paths inside an R project work for anyone.",Which option would still help a stranger running your script on their own computer?,,yes,ch03-book-04,,"explanation, why_wrong, hint",,
ch03-hw-04,"Reproducible research homework, Q4",3,"variable types, data in R",MC,"R has a built-in dataset called iris, with measurements of flowers. What type of variable is Petal.Length?","A) character
B) logical
C) factor
D) numeric",D,"Petal length is a measurement (in cm, with decimals like 1.4), so R stores it as a number (numeric, shown as <dbl>).","A) Character is for text.
B) Logical is for TRUE/FALSE.
C) Factor is for categories, like Species.",Is petal length a measurement or a category?,,yes,ch03-book-05,,"explanation, why_wrong, hint",,
ch03-hw-05,"Reproducible research homework, Q6 (rewritten)",3,"variable types, data in R",TF,"TRUE or FALSE: A variable whose values have decimals (e.g., 4.31, 5.67, 7.82) is stored as a double. It could be converted to an integer without losing information relevant to our analyses.","A) TRUE
B) FALSE",B,"Integers are whole numbers. Converting 4.31 to an integer gives 4, throwing away the decimal part, which is real information about the measurement.","TRUE: converting to integer rounds off (truncates) the decimals, so information is lost.",What happens to 4.31 if it can only be a whole number?,,yes,,"Original asked about glyhb in the diabetes dataset, which needs R to inspect. Rewritten to describe the values directly. Original Q5 and Q7 (diabetes dataset) were dropped because they need R.","explanation, why_wrong, hint",,
ch03-book-01,Book: Reproducible science summary (Q1),3,"reproducibility, data entry",MC,"What is the biggest mistake in this table?

ID | weight | date_collected_empty_means_same_as_above
1-A1 | 104 | 2024-03-01
1-1B | 210 | (blank)
3-7 | 150 | (blank)
2-B | 176 | 2024-03-15
1-A5 | 110 | (blank)","A) ID should be lower case
B) It's perfect, change nothing
C) The column name weight is not sufficiently descriptive; it should include the units
D) date_collected_empty_means_same_as_above is too wordy; replace with date
E) Values for date_collected_empty_means_same_as_above are implied
F) Date is in Year-Month-Day format, while Month-Day-Year format is preferred",E,"Spreadsheets should never leave values implied. Blank cells that 'mean the same as above' are easily broken by sorting or filtering, and anyone reading the data later can mistake them for missing data. Fill in every value.","A) Capitalization of a column name isn't a problem.
B) The implied values are a real problem.
C) Units matter, but they can go in the data dictionary. This is a smaller issue than implied data.
D) The long name is clumsy, but it's not the biggest problem.
F) Year-Month-Day is actually the recommended format, because it sorts correctly.",What happens to the blank dates if someone sorts the table by weight?,,yes,,,"explanation (adapted from book), why_wrong, hint",,
ch03-book-02,Book: Reproducible science summary (Q2),3,"reproducibility, data dictionaries",select-all,"What would you expect in a data dictionary accompanying this table? (select all correct)

ID | weight | date_collected_empty_means_same_as_above
1-A1 | 104 | 2024-03-01
1-1B | 210 | (blank)
3-7 | 150 | (blank)
2-B | 176 | 2024-03-15
1-A5 | 110 | (blank)","A) The units for weight
B) A statement that date is in Year-Month-Day format
C) A statement explaining that in the date collected column, empty means same as above","A, B, C","A data dictionary should say what each variable means, its units, and its format. Given the table as it is, documenting the 'empty means same as above' rule is better than leaving it unexplained, although the better fix is to fill in the dates.",Leaving any of these out forces a reader to guess.,Imagine handing this table to someone who has never seen your study. What would they need to know?,,yes,ch03-hw-01,"From my book review: keying C as correct seems to clash with Q1, which says implied values are the biggest mistake. Consider rewording C to 'A statement explaining the date format (and the dates should be filled in rather than left blank)', or keying only A and B.","explanation, why_wrong, hint",,
ch03-book-03,Book: Reproducible science summary (Q4),3,"reproducibility, scripts",MC,What should you do to make code reproducible? (pick the best answer),"A) Specify the working directory with setwd()
B) Show the packages installed with install.packages()
C) Restart R once you're done, and rerun your script to see if it works",C,"Restarting R clears everything you did by hand. If the script still runs top to bottom in a fresh session, it contains everything it needs.","A) setwd() points to a folder on your computer, so the script breaks on anyone else's computer. Use an R project instead.
B) Installing is a one-time setup step; it shouldn't run every time the script does.",How can you be sure your script doesn't depend on something you did by hand in the console?,,yes,ch03-hw-03,,"explanation, why_wrong, hint",,
ch03-book-04,Book: Reproducible science summary (Q5),3,"variable types, data in R",MC,R has a built-in dataset called iris. Which variable type is Species in the iris dataset?,"A) numeric <dbl>
B) logical <lgl>
C) character <chr>
D) factor <fct>",D,"Species is a categorical variable, and in iris it is stored as a factor: a category with a fixed set of levels (setosa, versicolor, virginica).","A) Numeric is for measurements.
B) Logical is for TRUE/FALSE.
C) Character also stores text, so this is a reasonable guess, but iris stores Species as a factor (with defined levels).",Species has exactly three possible values. Which type is built for categories with set levels?,,yes,ch03-hw-04,"Answering C vs D depends on knowing how iris happens to store Species. Fine as practice, but low value without R.","explanation, why_wrong, hint",,
ch03-book-05,Book: Reproducible science summary (Q8),3,"reproducibility, scripts, packages",MC,"Consider this R script:

# My R script
setwd(""~/ybrandva/Desktop/silphium_project"")

#### load data
silphium_data <- read_csv(""mydata.csv"")
View(silphium_data)

ggplot(silphium_data, aes(x = location, y = yield))+
  geom_point()

The script worked fine on my computer yesterday, but today I opened a new R session on the very same computer and it failed. What went wrong?","A) I set my working directory
B) I loaded data from an absolute path, not a relative path
C) I did not load the libraries in my script
D) I used the View function",C,"read_csv() and ggplot() come from packages (readr and ggplot2). Yesterday they were probably loaded earlier in the session; in a fresh session, nothing is loaded, and the script never loads them itself.","A) setwd() is a problem for other people's computers, but it works on yours.
B) The data are read with a relative path (""mydata.csv"").
D) View() is annoying in a script, but it doesn't make it fail.",What is different about a brand new R session?,,yes,,Shares its script with ch03-book-06 and ch03-book-07 (script included in each).,"explanation, why_wrong, hint",,
ch03-book-06,Book: Reproducible science summary (Q9),3,"reproducibility, file paths",MC,"Consider this R script:

# My R script
setwd(""~/ybrandva/Desktop/silphium_project"")

#### load data
silphium_data <- read_csv(""mydata.csv"")
View(silphium_data)

ggplot(silphium_data, aes(x = location, y = yield))+
  geom_point()

What about this script would prevent it from working on someone else's computer but allow it to work on mine?","A) Setting this working directory
B) Loading data from an absolute path, not a relative path
C) Neglecting to load libraries
D) Using the View function",A,"setwd() points to a folder that exists only on my computer (~/ybrandva/Desktop/...). On anyone else's computer, that folder doesn't exist. Using an R project and relative paths avoids this.","B) The data path (""mydata.csv"") is relative, so it isn't the problem.
C) Missing libraries would break the script on my computer too.
D) View() doesn't stop the script from working.",Which line names a location that only exists on my computer?,,yes,,Shares its script with ch03-book-05 and ch03-book-07. Book option 'libraies' typo fixed.,"explanation, why_wrong, hint",,
ch03-book-07,Book: Reproducible science summary (Q10),3,"reproducibility, scripts",MC,"Consider this R script:

# My R script
setwd(""~/ybrandva/Desktop/silphium_project"")

#### load data
silphium_data <- read_csv(""mydata.csv"")
View(silphium_data)

ggplot(silphium_data, aes(x = location, y = yield))+
  geom_point()

What about the script is annoying for someone using this code (once it works) and should be removed, but doesn't stop the code from working?","A) I set my working directory
B) I loaded data from an absolute path, not a relative path
C) I did not load the libraries in my script
D) I used the View function",D,"View() opens a new window every time the script runs. It's useful for exploring in the console, but it doesn't belong in a saved script.","A) and C) actually stop the script from working (on others' computers, or in a new session).
B) The data path is relative, so this isn't an issue here.","Which line is for you to look at the data, rather than part of the analysis?",,yes,,Shares its script with ch03-book-05 and ch03-book-06.,"explanation, why_wrong, hint",,
ch03-chimein-01,Chime In (reproducible research),3,"reproducibility, data entry",MC,You are entering measurements of tree diameters into a spreadsheet. One of the trees had something odd about it that made you wonder whether its data should be included. What should you do? (choose the best answer),"A) Do not enter it
B) Enter it and move on
C) Include a * in the column
D) Highlight the column in the spreadsheet
E) Add a brief note in the notes column explaining your concern",E,"Record the data and record your concern in a notes column. That keeps the raw data complete and lets you (or anyone else) decide later, with full information, whether to exclude it, and report that decision honestly.","A) Leaving it out throws away data and hides a decision nobody can check.
B) Entering it without comment loses what you noticed.
C) A * inside a data column turns numbers into text and breaks the analysis.
D) Highlighting is lost when the file is read into R or saved as CSV, and color doesn't say what the concern was.",Which option keeps the data intact and records what you noticed in a way that survives being read into R?,,yes,,,"explanation, why_wrong, hint",,
ch03-chimein-02,Chime In (reproducible research),3,"missing data, sampling bias",MC,"Consider this glucose and insulin dataset from glucose tolerance tests (GTT). Some insulin values are NA with the note 'insulin below curve', meaning the insulin level was too low for the assay to measure.

GTT time | glucose mg/dl | insulin ng/ml | note
0 | 99.2 | NA | insulin below curve
5 | 349.3 | 0.205 |
15 | 286.1 | 0.129 |
30 | 312 | 0.175 |
60 | 99.9 | 0.122 |
120 | 217.9 | NA | insulin below curve
0 | 185.8 | 0.251 |
5 | 297.4 | 2.228 |
15 | 439 | 2.078 |
30 | 362.3 | 0.775 |
60 | 232.7 | 0.5 |
120 | 260.7 | 0.523 |
0 | 198.5 | 0.151 |
5 | 530.6 | NA | insulin below curve

What is the most serious concern with fully ignoring the NA data?","A) Nothing. It's fine. Missing data happens
B) We would just have a smaller sample size, which is a bummer
C) We would systematically overestimate insulin levels
D) We would systematically underestimate insulin levels",C,"These values are missing for a reason: insulin was too LOW to measure. Dropping them removes exactly the lowest values, so the remaining data are biased upward and we'd overestimate insulin. Missing data that aren't random introduce bias, not just a smaller sample.","A) Missing data do happen, but here they are missing for a systematic reason.
B) A smaller sample is a cost, but the bigger problem is bias.
D) Dropping the lowest values pushes estimates up, not down.","What do the missing insulin values have in common? If you drop them, what happens to the average of what's left?",ch03-chimein-02.png,yes,,"Context sentence explaining 'below curve' added; check you're happy giving that away, since interpreting the note could be part of the question.","explanation, why_wrong, hint",,
ch03-chimein-03,Chime In (reproducible research),3,"reproducibility, data entry",MC,"Consider this data set:

id | date | glucose
101 | 2015-06-14 | 149.3
102 | (blank) | 95.3
103 | 2015-06-18 | 97.5
104 | (blank) | 117.0
105 | (blank) | 108.0
106 | 2015-06-20 | 149.0
107 | (blank) | 169.4

What is the biggest problem with this data set?","A) Date does not follow Month-Day-Year convention
B) We don't know the units for glucose
C) Date is implied
D) id should not be a number because it is not numeric
E) It is not tidy",C,Blank dates that 'mean the same as above' leave values implied. They break when the data are sorted or filtered and look like missing data to anyone else. Every cell should be filled in.,"A) Year-Month-Day is the recommended format (it sorts correctly).
B) Units do matter, but they belong in the data dictionary. This is a smaller problem than implied values.
D) IDs can be written as numbers; they just shouldn't be treated as numeric in analysis.
E) The data are tidy: each row is one observation and each column one variable.",What would happen to the blank dates if someone sorted the table by glucose?,ch03-chimein-03.png,yes,ch03-book-01,,"explanation, why_wrong, hint",,
ch04-hw-01,"Data in R homework, Q1",4,tidy data,MC,"Consider the data table below. The data are:

Species | setosa | setosa | setosa
Petal.Length | 1.4 | 1.4 | 1.3
Petal.Width | 0.2 | 0.2 | 0.2","A) tidy
B) not tidy",B,"In tidy data, each variable is a column and each observation (here, each flower) is a row. This table is turned sideways: variables are rows and flowers are columns.","A) Tidy data put each variable in its own column. Here, Species, Petal.Length and Petal.Width are rows.","Is each flower a row, and each variable a column?",,yes,"ch04-hw-02, ch04-book-01",,"explanation, why_wrong, hint",,
ch04-hw-02,"Data in R homework, Q2",4,tidy data,MC,"Consider the data table below. The data are:

Species | Petal.Length | Petal.Width
setosa | 1.4 | 0.2
setosa | 1.4 | 0.2
setosa | 1.3 | 0.2","A) tidy
B) not tidy",A,"Each row is one flower (an observation), each column is one variable, and each cell holds one value. That's tidy.","B) Every variable has its own column and every flower its own row, so nothing breaks the tidy rules.",Check: one row per flower? one column per variable? one value per cell?,,yes,ch04-hw-01,,"explanation, why_wrong, hint",,
ch04-hw-03,"Data in R homework, Q3",4,"data in R, assignment & environment",MC,"I ran this code, and the output printed with a new column, petal_length_to_width_ratio (e.g., 7 in the first row):

iris |> tibble() |> mutate(petal_length_to_width_ratio = Petal.Length / Petal.Width)

Then I ran:

iris |> pull(petal_length_to_width_ratio)

and got: Error: object 'petal_length_to_width_ratio' not found. How do you solve it?","A) iris <- iris |> mutate(petal_length_to_width_ratio = Petal.Length / Petal.Width)
B) iris <- petal_length_to_width_ratio = Petal.Length / Petal.Width
C) Give petal_length_to_width_ratio a shorter name",A,"mutate() returned a new version of iris with the extra column and printed it, but nothing saved it. iris itself never changed. Assigning the result (iris <- ...) keeps the new column, so pull() can find it.","B) This isn't valid R: you can't assign to two things at once, and there's no mutate() to create the column inside the data.
C) A long name is fine. The column doesn't exist in iris because the result was never saved.",Did the first block save its result anywhere with <- ?,,yes,ch01-quiz-02,,"explanation, why_wrong, hint",,
ch04-hw-04,"Data in R homework, Q4 (concept version)",4,"data in R, dplyr verbs",MC,"What does this code do?

ril_data |>
  rename(petal_area = petal_area_mm, asd = asd_mm) |>
  mutate(rel_asd = asd / petal_area)","A) It renames two columns and adds a new column, rel_asd, calculated row by row as asd divided by petal_area, then prints the result. ril_data itself is unchanged.
B) It permanently renames the columns in ril_data and adds rel_asd to it
C) It calculates one overall value: the mean asd divided by the mean petal area
D) It removes petal_area_mm and asd_mm and keeps only rel_asd",A,"rename() changes column names, and mutate() adds a column calculated separately for every row (each RIL gets its own rel_asd). Because the result isn't assigned with <-, it is only printed; ril_data stays as it was.","B) Nothing is saved: there's no <- assignment.
C) mutate() works row by row; a single summary value would need summarize().
D) mutate() adds a column and keeps all the others; rename() only changes names.","Does mutate() give one value per row, or one value overall? And was anything saved?",,yes,,"Original asked for the rel_asd value in row 10, which needs R. Replaced with a concept question about what the code does.","question (rewritten), options, explanation, why_wrong, hint",,
ch04-hw-05,"Data in R homework, Q5",4,"data in R, pipes, errors & debugging",select-all,"I tried to keep just the rel_asd column by typing:

ril_data |>
  rename(petal_area = petal_area_mm, asd = asd_mm) |>
  mutate(rel_asd = asd / petal_area)
select(rel_asd)

but got the error: Error: object 'rel_asd' not found. How do I fix this? (select all correct)","A) Type dplyr::select(rel_asd) instead of select(rel_asd)
B) Add conflicts_prefer(dplyr::select) before running the code
C) Add a |> after the mutate() line so select(rel_asd) chains onto it
D) Assign the output of the code above to an object, then call select() on that object","C, D","Without a pipe at the end of the mutate() line, R treats select(rel_asd) as a separate command with no data, so it looks for an object called rel_asd. Either connect it with |> or save the result first and select from that object.",A) and B) fix a different problem (R using the wrong select() function). Here the right select() is being used; it just isn't given any data.,Look at the end of the mutate() line. What connects it to the next line?,,yes,,Original option C said 'Add a |> before select(rel_asd)'; reworded slightly to 'after the mutate() line' (same fix).,"explanation, why_wrong, hint",,
ch04-hw-06,"Data in R homework, Q6",4,"data in R, dplyr verbs",MC,"What does the code below aim to do?

ril_data |>
  filter(location == ""SR"")","A) Create a new column called location
B) Remove the location column from the dataset
C) Remove all columns except location from the dataset
D) Sort the dataset by location
E) Return only data from the SR location",E,"filter() keeps the rows that meet a condition. Here it keeps only rows where location is ""SR"".","A) Creating columns is mutate().
B) and C) Removing or keeping columns is select().
D) Sorting is arrange().",Does filter() work on rows or on columns?,,yes,ch04-book-08,,"explanation, why_wrong, hint",,
ch04-hw-07,"Data in R homework, Q7",4,"data in R, errors & debugging, packages",select-all,"This code fails with: Error: object 'location' not found.

ril_data |>
  filter(location == ""SR"")

(The dplyr and conflicted packages are loaded, and the column location does exist in the data.)

How do I fix this? (select all correct)","A) Reload the data: ril_data <- read_csv(ril_link)
B) Tell R to use dplyr's filter: ril_data |> dplyr::filter(location == ""SR"")
C) Rename location to Location: ril_data |> rename(Location = location) |> filter(Location == ""SR"")
D) Filter on Location, not location: ril_data |> filter(Location == ""SR"")
E) After loading the dplyr and conflicted libraries, type: conflict_prefer(""filter"", ""dplyr"")","B, E","R used a different filter() (stats::filter), which doesn't look inside the data for column names, so it searched for an object called location. Telling R to use dplyr's filter fixes it, either each time (dplyr::filter) or once for the session (conflict_prefer).","A) The data are fine; reloading doesn't change which filter() R uses.
C) Renaming doesn't help: the same wrong filter() is still used.
D) The column is called location (lowercase), and the wrong filter() would still be used.",The column exists. So which filter() function is R using?,,yes,ch04-book-10,"Option E uses conflict_prefer(); the book teaches the newer conflicts_prefer(dplyr::filter). Both work, but students may think one is a typo.","explanation, why_wrong, hint",,
ch04-hw-08,"Data in R homework, Q8 (concept version)",4,"data in R, dplyr verbs",MC,You want to find which RIL (and at which location) had the greatest mean_visits. Which code returns that row?,"A) ril_data |> filter(mean_visits == max(mean_visits, na.rm = TRUE))
B) ril_data |> summarize(max(mean_visits, na.rm = TRUE))
C) ril_data |> arrange(mean_visits)
D) ril_data |> select(max(mean_visits))",A,"filter() keeps the row(s) where mean_visits equals its maximum, so you see the whole row, including ril and location. (In the actual data, this is RIL B136 at site SR, with 7.42 visits.)","B) summarize() returns only the maximum value, not which RIL had it.
C) arrange() sorts from smallest to largest, so the maximum ends up at the bottom, not shown first.
D) select() picks columns by name; it doesn't find rows.","You need the whole row, not just the number. Which verb keeps rows that meet a condition?",,yes,,Original asked students to find the RIL in R (answer: B136 at SR). Replaced with a concept question about which code finds it.,"question (rewritten), options, explanation, why_wrong, hint",,
ch04-book-01,Book: Data in R summary (Q1),4,tidy data,MC,"Consider the table below. The data are:

location | GC | GC | GC | GC | GC | GC
ril | A1 | A100 | A102 | A104 | A106 | A107
mean_visits | 0 | 0.1875 | 0.25 | 0 | 0 | 0","A) tidy
B) not tidy",B,"The data are turned sideways: each variable is a row and each RIL is a column. In tidy data, each variable is a column and each observation a row.","A) Variables (location, ril, mean_visits) appear as rows here, not columns.",Is each RIL a row?,,yes,ch04-hw-01,Table recreated in text from the first rows of ril_data.,"explanation (adapted from book), why_wrong, hint",,
ch04-book-02,Book: Data in R summary (Q2),4,tidy data,MC,"Consider the table below. The data are:

location-ril | mean_visits
GC-A1 | 0
GC-A100 | 0.1875
GC-A102 | 0.25
GC-A104 | 0
GC-A106 | 0
GC-A107 | 0","A) tidy
B) not tidy",B,"Location and RIL are two variables squeezed into one column. In tidy data, each variable gets its own column, otherwise you can't easily, for example, get the mean for each location.","A) One column holds two variables, which breaks the tidy rule of one variable per column.",How many variables are hiding in the first column?,,yes,,Table recreated in text from the first rows of ril_data.,"explanation (adapted from book), why_wrong, hint",,
ch04-book-03,Book: Data in R summary (Q3),4,tidy data,MC,"Consider the table below (mean pollinator visits for each RIL at two locations). The data are:

ril | GC | SR
A1 | 0 | 0.6667
A100 | 0.1875 | 0.5833
A102 | 0.25 | 0.6667
A104 | 0 | 1.75
A106 | 0 | 0.5
A107 | 0 | 1.5","A) tidy
B) not tidy",B,"This is 'wide format': the values of a variable (location: GC, SR) are used as column names. That can be a fine way to present data to people, but for analysis, tidy data would have columns ril, location and mean_visits.","A) GC and SR are values of the variable location, not variables themselves.","Are GC and SR variables, or values of a variable?",,yes,,Table recreated in text from ril_data (same RILs at GC and SR).,"explanation (adapted from book), why_wrong, hint",,
ch04-book-04,Book: Data in R summary (Q4),4,tidy data,MC,You should always make sure data are tidy when (pick the best answer),"A) collecting data
B) presenting data
C) analyzing data with dplyr
D) all of the above",C,"dplyr (and ggplot) are built to work on tidy data, so data must be tidy for analysis. For presenting data to people, other layouts (like a wide table) can be clearer.","A) Collecting data in a tidy layout is a good habit, but not a must; the essential moment is analysis.
B) Presentation tables can be wide if that's easier for readers.
D) Since B isn't always true, 'all of the above' isn't the best answer.","When is the tidy layout required, rather than just nice?",,yes,,Debatable: many would say collect data tidily too. Consider whether you want A to count.,"explanation, why_wrong, hint",,
ch04-book-05,Book: Data in R summary (Q5),4,"data in R, dplyr verbs",numeric,"Here are the first rows of the iris data:

Sepal.Length | Sepal.Width | Petal.Length | Petal.Width | Species
5.1 | 3.5 | 1.4 | 0.2 | setosa
4.9 | 3.0 | 1.4 | 0.2 | setosa
4.7 | 3.2 | 1.3 | 0.2 | setosa
4.6 | 3.1 | 1.5 | 0.2 | setosa

Consider this code:

iris |>
  mutate(pl_pw_ratio = Petal.Length / Petal.Width)

What is the value of pl_pw_ratio in the first row?",,7,"mutate() calculates the new column row by row. In row 1, Petal.Length is 1.4 and Petal.Width is 0.2, so 1.4 / 0.2 = 7.","Common mistake: dividing the wrong columns (e.g., Sepal.Length / Sepal.Width = 1.46).",Find Petal.Length and Petal.Width in the first row.,,yes,ch04-hw-03,,"explanation, why_wrong, hint",,
ch04-book-06,Book: Data in R summary (Q6),4,"data in R, dplyr verbs",select-all,"Here are the columns in iris: Sepal.Length, Sepal.Width, Petal.Length, Petal.Width, Species. Consider this code:

iris |>
  mutate(pl_pw_ratio = Petal.Length / Petal.Width) |>
  select(Species, pl_pw_ratio)

Which column names will appear in the output? (select all that apply)","A) Sepal.Length
B) Sepal.Width
C) Petal.Length
D) Petal.Width
E) Species
F) pl_pw_ratio","E, F","mutate() adds pl_pw_ratio, then select() keeps only the columns named: Species and pl_pw_ratio.","A) to D) select() drops every column it isn't given, even ones used to calculate pl_pw_ratio.",What does select() do to columns it isn't told to keep?,,yes,,,"explanation, why_wrong, hint",,
ch04-book-07,Book: Data in R summary (Q7),4,"data in R, cleaning names",MC,"Say I wanted to use clean_names() from janitor (which turns Petal.Length into petal_length, and so on). Which two of these scripts would work?

A) iris |> clean_names() |> mutate(pl_pw_ratio = Petal.Length / Petal.Width)
B) iris |> mutate(pl_pw_ratio = Petal.Length / Petal.Width) |> clean_names()
C) iris |> clean_names() |> mutate(pl_pw_ratio = petal_length / petal_width)
D) iris |> clean_names() |> mutate(pl_pw_ratio = Petal.Length / Petal.Width)","A) A and B
B) A and C
C) A and D
D) B and C
E) B and D
F) C and D",D,"Order matters in a pipe. In B, mutate() runs first, while the old names still exist, then the names are cleaned. In C, names are cleaned first, so mutate() correctly uses the new names. A and D use the old names after they've already been changed.","Any option with A or D: after clean_names(), Petal.Length no longer exists (it's now petal_length), so mutate() fails.
A) Script A fails: after clean_names(), Petal.Length no longer exists (it's now petal_length).
B) Script A fails for the same reason.
C) Scripts A and D both use Petal.Length after clean_names(), so both fail.
E) Script D fails: it uses Petal.Length after clean_names() renamed it.
F) Script D fails: it uses Petal.Length after clean_names() renamed it.","After clean_names() runs, what is the column Petal.Length called?",,yes,,Code-reading question; scripts A and D are identical in the book (D repeats A). Consider changing one of them.,"explanation, why_wrong, hint",,
ch04-book-08,Book: Data in R summary (Q8),4,"data in R, dplyr verbs",MC,"What was this code aiming to do?

iris |>
  filter(Species == ""setosa"")","A) Create a new column called Species
B) Convert Species to a factor
C) Return only the rows of the iris dataset where Species is ""setosa""
D) Remove the Species column from the dataset
E) Sort the dataset by Species",C,"filter() keeps the rows that meet a condition: here, only setosa flowers.","A) Creating columns is mutate().
B) Changing type would use mutate() with factor().
D) Removing columns is select().
E) Sorting is arrange().",Does filter() work on rows or on columns?,,yes,ch04-hw-06,,"explanation, why_wrong, hint",,
ch04-book-09,Book: Data in R summary (Q9),4,"data in R, errors & debugging, packages",MC,"This code fails with: Error: object 'Species' not found.

iris |>
  filter(Species == ""setosa"")

(The dplyr and conflicted packages are loaded, and the column Species does exist in the data.)

Why did the error arise?","A) We use select() to select by values in a row, not filter()
B) The iris dataset does not contain a Species column
C) The Species column was deleted earlier
D) filter() only works on tibbles, not data frames
E) Species must be quoted inside filter()
F) R used stats::filter() instead of dplyr::filter(), so Species was looked for as an object (not a column)",F,"Two packages have a function called filter(). The one from stats doesn't look inside data for column names, so R searched for an object called Species and couldn't find it.","A) filter() is the right verb for choosing rows.
B) and C) Species does exist in iris.
D) filter() works on data frames and tibbles.
E) Column names are not quoted inside dplyr's filter().",The column exists. So which filter() is R using?,,yes,ch04-hw-07,Book version forces this error with hidden setup code; the question now states that the column exists.,"explanation, why_wrong, hint",,
ch04-book-10,Book: Data in R summary (Q10),4,"data in R, errors & debugging, packages",select-all,"This code fails with: Error: object 'Species' not found.

iris |>
  filter(Species == ""setosa"")

(The dplyr and conflicted packages are loaded, and the column Species does exist in the data.)

How do you fix it? (select both correct answers)","A) Convert iris to a tibble first: as_tibble(iris) |> filter(Species == ""setosa"")
B) Tell R to use dplyr's filter: iris |> dplyr::filter(Species == ""setosa"")
C) Rename species to Species: iris |> rename(Species = species) |> filter(Species == ""setosa"")
D) Filter on species, not Species: iris |> filter(species == ""setosa"")
E) Tell R to use dplyr's filter. After library(dplyr), type: conflicts_prefer(dplyr::filter)","B, E",Both fixes make R use dplyr's filter(): either name it each time (dplyr::filter) or set it once for the session (conflicts_prefer).,"A) Converting to a tibble doesn't change which filter() is used.
C) and D) The column is called Species, and the wrong filter() would still be used.",What do B and E have in common?,,yes,ch04-hw-07,,"explanation, why_wrong, hint",,
ch04-quiz-01,"Data in R group quiz (2026), Q1",4,"data in R, errors & debugging, packages",MC,"In a fresh R session, you type:

iris |>
  mutate(PetalLength2PetalWidth = Petal.Length / PetalWidth)

and get:
Error in mutate(iris, PetalLength2PetalWidth = Petal.Length/PetalWidth) : could not find function ""mutate""

What is the most likely explanation?","A) The iris dataset is not loaded
B) The dplyr package is not loaded
C) You cannot have a number in a variable name in R
D) Either PetalWidth or Petal.Length is misspelled
E) You did not reassign iris after adding the column with mutate
F) You did not tell R you wanted dplyr::mutate()
G) You did not save the R script",B,"'Could not find function' means R doesn't know mutate() at all. mutate() comes from dplyr, which isn't loaded in a fresh session. Fix: library(dplyr).","A) iris is built into R, and a missing dataset gives 'object not found', not 'could not find function'.
C) Numbers are allowed in names (just not at the start).
D) A misspelled column gives 'object not found'; R hasn't even got that far.
E) Reassigning matters for keeping the result, not for running the code.
F) dplyr::mutate() would also work, but the underlying reason is that dplyr isn't loaded. (Choosing between same-named functions matters for filter(), not here.)
G) Saving a script doesn't affect whether code runs.",Is R complaining about a function or an object?,,yes,ch01-quiz-03,Original shows the error as a screenshot; written in text here.,"explanation, why_wrong, hint",,
ch04-quiz-02,"Data in R group quiz (2026), Q2",4,"data in R, errors & debugging",MC,"You load dplyr and rerun:

iris |>
  mutate(PetalLength2PetalWidth = Petal.Length / PetalWidth)

Now you get a new error: object 'PetalWidth' not found. (The iris columns are Sepal.Length, Sepal.Width, Petal.Length, Petal.Width and Species.) What is the most likely explanation?","A) The iris dataset is not loaded
B) The dplyr package is not loaded
C) You cannot have a number in a variable name in R
D) Either PetalWidth or Petal.Length is the wrong name for the column
E) You did not reassign iris after adding the column with mutate
F) You did not save the R script",D,"The column is called Petal.Width (with a dot), but the code says PetalWidth. R can't find a column by that name. Names in R must match exactly.","A) iris is built in.
B) dplyr is now loaded, so mutate() was found.
C) The new name PetalLength2PetalWidth is fine; numbers are allowed in names.
E) Reassigning wouldn't fix a misspelled column.
F) Saving doesn't affect whether code runs.","Compare the column names in the code with the real column names, character by character.",,yes,,"In the original, the first option ('The iris dataset is not loaded') lost its letter (list formatting), so the options are a to e plus one unlabeled. Fixed here. Original shows no error message for this step; one is added so the question stands alone.","explanation, why_wrong, hint",,
ch04-quiz-03,"Data in R group quiz (2026), Q3",4,"data in R, assignment & environment",MC,"You fix the column name, and now this code runs and prints iris with the new column:

iris |>
  mutate(PetalLength2PetalWidth = Petal.Length / Petal.Width)

But when you type View(iris), the new column is gone. What happened?","A) The iris dataset is not loaded
B) The dplyr package is not loaded
C) You cannot have a number in a variable name in R
D) Either PetalWidth or Petal.Length is misspelled
E) You did not reassign iris after adding the column with mutate
F) You did not save the R script",E,"mutate() returns a new version of the data and prints it, but nothing saved it. To keep the column, assign the result: iris <- iris |> mutate(...).","A) to D) The code ran successfully, so none of these can be the problem.
F) Saving the script saves your code, not the objects R created.",Did anything get saved with <- ?,,yes,"ch04-hw-03, ch01-quiz-02",,"explanation, why_wrong, hint",,
ch04-quiz-04,"Data in R group quiz (2026), Q4",4,"data in R, dplyr verbs",matching,"Match each R function with what it does to the data:

1. filter()
2. View()
3. mutate()
4. select()","A) Makes a new column
B) Shows the data
C) Only returns columns of interest
D) Only retains rows passing some logical criteria","1-D, 2-B, 3-A, 4-C","filter() works on rows, select() works on columns, mutate() adds (or changes) columns, and View() opens the data to look at.","Common mix-up: filter() and select(). Remember: filter rows, select columns.","Which two functions act on columns, and which one acts on rows?",,yes,ch04-hw-06,,"explanation, why_wrong, hint",,
ch04-quiz-05,"Data in R group quiz (2026), Q5A",4,tidy data,MC,"The tibble below is called score. Is it tidy?

game | points | minutes
1 | 24 | 30
2 | 12 | 20","A) Yes
B) No",A,"Each row is one game (an observation), each column is one variable (game, points, minutes), and each cell holds one value.","B) Nothing breaks the tidy rules: one observation per row, one variable per column, one value per cell.",Check: one row per game? one column per variable?,,yes,ch04-hw-02,,"explanation, why_wrong, hint",,
ch04-quiz-06,"Data in R group quiz (2026), Q5B",4,"data in R, dplyr verbs",written code,"The tibble below is called score.

game | points | minutes
1 | 24 | 30
2 | 12 | 20

Write R code to add the column points_per_min.",,"score |> mutate(points_per_min = points / minutes)
(to keep it: score <- score |> mutate(points_per_min = points / minutes))
Values: 0.8 and 0.6",mutate() adds a column calculated row by row: 24/30 = 0.8 for game 1 and 12/20 = 0.6 for game 2.,"Common mistakes: dividing the wrong way (minutes / points), using select() or filter() instead of mutate(), or forgetting that the result isn't saved without <-.",Which dplyr verb makes a new column?,,no,,Hand-written code: moved to open_ended_bank.md for the tutor bot to check. Kept here for reference.,"explanation, why_wrong, hint",,
ch05-quiz-01,"Data summaries quiz (Canvas), Q1 (image version)",5,"shape of distributions, histograms",MC,The histogram shows penguin body mass. The distribution is BEST described as:,"A) unimodal and symmetric
B) unimodal and right skewed
C) bimodal",B,"There is one clear peak (3500–4000 g), and the right tail stretches out further than the left (toward 6000+ g). That is right skew.","A) The two sides aren't mirror images: the right tail is longer.
C) There is only one peak; the bars decline steadily after it.","Count the peaks, then compare the lengths of the left and right tails.",ch05-quiz-bodymass-hist.png,yes,,Original asked students to make the histogram in R (with a hint to use 13 bins). Replaced with the plot itself.,"question (rewritten), explanation, why_wrong, hint",,
ch05-quiz-02,"Data summaries quiz (Canvas), Q2 (image version)",5,"shape of distributions, histograms",MC,The histogram shows penguin flipper length. The distribution is BEST described as:,"A) unimodal and symmetric
B) unimodal and right skewed
C) bimodal",C,"There are two separate peaks (around 190 mm and around 210–215 mm) with a dip between them. Bimodality often means two groups are mixed together; here, different penguin species.",A) and B) There isn't just one peak: the bars drop around 200 mm and rise again.,How many humps do you see?,ch05-quiz-flipper-hist.png,yes,,Original asked students to make the histogram in R. Replaced with the plot itself.,"question (rewritten), explanation, why_wrong, hint",,
ch05-quiz-03,"Data summaries quiz (Canvas), Q5",5,"boxplots, mean & median, range & IQR",matching,"Use the boxplot to visually estimate each value:

1. The mean of y
2. The median of y
3. The range of y
4. The interquartile range of y","A) about 7.5
B) about 19
C) a bit above 19 (about 20); a boxplot doesn't show it directly
D) about 23.5
E) about 34","1-C, 2-B, 3-D, 4-A","The thick line is the median (about 19). The box runs from Q1 (about 15.5) to Q3 (about 23), so IQR ≈ 23 − 15.5 = 7.5. The range is max − min, including the outlier point: about 34 − 10.5 = 23.5. A boxplot doesn't show the mean, but the long upper whisker and the high outlier pull the mean slightly above the median.","34 is the maximum, not the range (range = max − min).
The box spans the IQR; don't confuse it with the median line or the box's top edge.
A boxplot shows the median, not the mean.",The middle line is the median. The box edges are Q1 and Q3. Range = max − min. Don't forget the dot!,ch05-quiz-boxplot.png,yes,,"The Canvas dropdown choices weren't in what you sent, so I wrote the options. The mean is keyed by skew direction (a boxplot can't show the mean, but skew says which side of the median it's on).","options, explanation, why_wrong, hint",,
ch05-quiz-04,"Data summaries quiz (Canvas), Q6",5,"variance, sums of squares",numeric,"The grand mean of penguin flipper lengths is 201 mm. The mean flipper lengths of three penguin species are:

Adelie = 190
Chinstrap = 196
Gentoo = 217

What is the sum of squares for the differences between each species' flipper length and the grand mean?",,402,"Square each deviation from the grand mean, then add: (190 − 201)² + (196 − 201)² + (217 − 201)² = 121 + 25 + 256 = 402.","Common mistakes: adding the deviations without squaring them (−11 − 5 + 16 = 0, which is always 0), or squaring the sum instead of summing the squares.","Subtract 201 from each value, square each result, then add them up.",,yes,ch05-quiz-05,Hand calculation (no R needed).,"explanation, why_wrong, hint",,
ch05-quiz-05,"Data summaries quiz (Canvas), Q7",5,"variance, sums of squares",numeric,"The grand mean of penguin flipper lengths is 201 mm. The mean flipper lengths of three penguin species are:

Adelie = 190
Chinstrap = 196
Gentoo = 217

The sum of squared differences from the grand mean is 402. What is the sample variance?",,201,"Sample variance = sum of squares / (n − 1) = 402 / (3 − 1) = 201. We divide by n − 1, not n, because the mean was estimated from the same data.","402 / 3 = 134 uses n instead of n − 1 (that's the population formula).
√201 ≈ 14.2 is the standard deviation, not the variance.",Divide the sum of squares by n − 1.,,yes,ch05-quiz-04,Original said 'using the sum of squares you calculated in the previous question.' Here the stem gives the SS (402) so the question stands alone. That the variance (201) equals the grand mean is a coincidence and may confuse students.,"question (made self-contained), explanation, why_wrong, hint",ch05-quiz-04,
ch05-quiz-06,"Data summaries quiz (Canvas), Q8",5,"summarize, assignment & environment",MC,"What is the single worst thing about the code below?

penguins <- penguins |>
  summarise(flipper_len = sd(flipper_len))","A) I used summarise() instead of summarize()
B) I calculated the sample standard deviation, not the population standard deviation
C) I overwrote the penguins data set",C,"summarise() collapses the data to a single row (the SD). Assigning that back to penguins replaces the whole data set with one number, so every later analysis breaks. Save summaries to a new name, e.g. flipper_summary <- ...","A) summarise() and summarize() are the same function; the spelling doesn't matter.
B) sd() gives the sample SD, which is almost always what we want, since our data are a sample.","After this runs, what is left in penguins?",,yes,,,"explanation, why_wrong, hint",,
ch05-gquiz-01,"Summarizing data group quiz (2026), Q1",5,"robust summaries, mean & median, range & IQR, variance",select-all,Which TWO of the following summaries are largely unaffected by rare extreme values?,"A) range
B) 3rd quartile
C) mean
D) median
E) variance","B, D","Quantiles, such as the median and the 3rd quartile, depend only on the order of the values. Changing the most extreme value barely moves them.","A) The range is max − min, so it is set entirely by the extremes.
C) The mean uses every value, so one huge value pulls it toward itself.
E) The variance squares deviations, so extreme values have an outsized effect.","Which summaries are based on the ordered position of values, rather than on their size?",,yes,,,"explanation, why_wrong, hint",,
ch05-gquiz-02,"Summarizing data group quiz (2026), Q2",5,variance,MC,You correctly calculate a variance of zero in a sample of size 30. What must be TRUE?,"A) Half of the numbers are above the mean
B) All of the values are zero
C) The numbers are evenly spaced around the mean
D) All values are equal",D,"Variance is the average squared distance from the mean. Squares can't be negative, so the only way the total is zero is for every value to be exactly at the mean, i.e. all values are equal.","A) and C) Both describe data with some spread, which gives a variance above zero.
B) All values must be the same, but not necessarily zero; thirty 5s also have variance 0.",Can a squared deviation be negative? What has to happen for them all to add to zero?,,yes,,,"explanation, why_wrong, hint",,
ch05-gquiz-03,"Summarizing data group quiz (2026), Q3",5,"sample size, range & IQR, variance, mean",MC,Which of the following values is likely to increase with an increase in the sample size?,"A) Sample mean
B) Sample variance
C) Sample range
D) Sample IQR",C,"The range depends on the most extreme values, and the more you sample, the more likely you are to catch a rare extreme one. So the range tends to grow with sample size. The other summaries estimate a fixed population value: they get more precise, but they don't drift up.","A), B) and D) These estimate population values (mean, variance, IQR), so they settle near the true value as n grows. They don't systematically increase.","If you sample more individuals, which summary can only stay the same or get bigger as you add data?",,yes,,,"explanation, why_wrong, hint",,
ch05-gquiz-04,"Summarizing data group quiz (2026), Q4",5,"boxplots, mean & median, range & IQR, shape of distributions",matching,"Use the boxplot to visually estimate:

1. The median
2. The interquartile range
3. The range
4. The mean","A) about 10
B) about 4
C) a bit below the median (about 3); a boxplot doesn't show it directly
D) about 3.8
E) about 7.3","1-D, 2-B, 3-A, 4-C","The median is the thick line (about 3.8). The box runs from Q1 (about 1) to Q3 (about 4.9), so IQR ≈ 3.9 ≈ 4. The range runs from the bottom whisker (about −2.6) to the top (about 7.3), so ≈ 10. A boxplot doesn't show the mean, but the long lower whisker and the median near the top of the box suggest left skew, which pulls the mean below the median.","7.3 is the maximum, not the range (range = max − min).
The IQR is the height of the box, not the median.
A boxplot shows the median, not the mean.",The middle line is the median. The box edges are Q1 and Q3. Range = max − min. Which way is the long tail?,ch05-gquiz-boxplot.png,yes,ch05-quiz-03,"The original also asked for the mean and the variance. A boxplot shows neither directly, so I made the mean a direction-of-skew question and dropped the variance. Options are mine.","options, explanation, why_wrong, hint",,
ch05-gquiz-05,"Summarizing data group quiz (2026), Q5",5,"variance, sums of squares",numeric,"The plot shows the proportion of each of 7 females' eggs fertilized by males from another population. The dotted blue line is the mean (about 0.41), and the black lines show each value's deviation from the mean.

Reading approximate values off the plot (x1 to x7: 0.15, 0.22, 0.30, 0.37, 0.38, 0.50, 0.95), estimate the sample variance.

Recall: Var = SS / (n − 1), where SS = Σ(Xi − X̄)².",,about 0.07 (anything from about 0.06 to 0.08 is fine),"Deviations from 0.41: −0.26, −0.19, −0.11, −0.04, −0.03, 0.09, 0.54. Squared: 0.068, 0.036, 0.012, 0.002, 0.001, 0.008, 0.292. SS ≈ 0.418, so Var ≈ 0.418 / 6 ≈ 0.07 (SD ≈ 0.26). Notice that x7 alone contributes about 70% of the SS: squaring makes big deviations dominate.",Common mistakes: dividing by n (7) instead of n − 1 (6); forgetting to square the deviations (they sum to 0); reporting the SD (≈ 0.26) instead of the variance.,"Subtract the mean from each value, square, add them up, then divide by n − 1.",ch05-gquiz-lollipop.png,yes,"ch05-quiz-04, ch05-quiz-05",Hand calculation. The original said 'do math based on guessed values'; I listed approximate values in the stem so answers are checkable. Remove them if you want students to read the plot themselves.,"question (values added), explanation, why_wrong, hint",,
ch05-gquiz-06,"Summarizing data group quiz (2026), Q9 (concept version)",5,"summarize, errors & debugging, dplyr verbs",select-all,"I try to estimate the variance in Iris setosa sepal length with the code below, but it doesn't work. What is wrong? (select all that apply)

library(dplyr)
iris |>
    dplyr::summarize(var_sl = var(Sepal.Length)) |>
    dplyr::filter(Species =  setosa)","A) The filter comes after summarize(), so the Species column no longer exists (and the variance would be for all species anyway)
B) = should be == inside filter()
C) setosa needs quotes: ""setosa""
D) var() can't be used inside summarize()
E) dplyr:: should not be written before function names","A, B, C","Order matters in a pipeline: summarize() collapses iris into one row with only var_sl, so there is no Species left to filter on. Filter first, then summarize. Also, == tests equality (= is for assigning arguments), and setosa is a value, not an object, so it needs quotes. Fixed:

iris |>
  filter(Species == ""setosa"") |>
  summarize(var_sl = var(Sepal.Length))","D) Any summary function, including var(), mean() and sd(), works inside summarize().
E) dplyr:: is optional but harmless; it just names the package explicitly.","Read the pipe step by step: after summarize(), what columns are left?",,yes,,"Original was 'circle the mistakes, fix them and explain.' Turned into select-all; the open-ended version still works for Socratic mode.","question (rewritten), options, explanation, why_wrong, hint",,
ch05-gquiz-07,"Summarizing data group quiz (2026), Q (temperatures)",5,"mean & median, robust summaries",MC,"The following are high temperatures for a week in August: 94, 93, 98, 101, 98, 96, and 93. What is the largest increase in the highest temperature that doesn't change the median temperature?","A) Infinity degrees
B) Two degrees
C) Five degrees
D) 8 degrees",A,"Sorted: 93, 93, 94, 96, 98, 98, 101. The median is the middle (4th) value, 96. Making the hottest day hotter, by any amount, doesn't change which value is in the middle. The median is robust to extremes.","B), C) and D) Any increase in the maximum leaves the median at 96; there is no limit. (The mean, by contrast, would change with any increase.)",Sort the values. Which one is the median? Does changing the largest value move it?,,yes,ch05-gquiz-01,,"explanation, why_wrong, hint",,
ch05-gquiz-08,"Summarizing data group quiz (2026), Q (track meet)",5,"variance, coefficient of variation",matching,"Imagine you were at a track meet.

1. The variance in 100-meter dash times is probably ______ the variance in mile run times.
2. The coefficient of variation in 100-meter dash times is probably ______ the coefficient of variation in mile run times.","A) smaller than
B) greater than
C) similar to","1-A, 2-C","Mile times are much longer (minutes versus seconds), so runners differ by many more seconds, which gives a much larger variance. The coefficient of variation (SD / mean) scales spread by the mean, so relative variability can be similar for the two events.","Variance is in squared units of the data, so longer races naturally have bigger variance. CV removes that scale effect.",Variance depends on the scale of the measurement. CV = SD / mean. What happens when you divide out the mean?,,yes,,"Part 2 depends on an assumption: 'similar' is the intended idea, but a student could argue for either direction. Consider wording it as 'which summary is better for comparing variability between these events?'","explanation, why_wrong, hint",,
ch05-book-01,"Book: Summarizing summaries, Q2c",5,"shape of distributions, histograms, transformations",MC,The histogram shows river lengths after a log10 transformation. The distribution is best described as:,"A) unimodal and symmetric
B) unimodal and right skewed
C) bimodal",B,"There is one main peak (around 2.5), and a long tail stretches to the right (out to 3.6). Even after log-transforming, the data are still right skewed, though much less so than raw river lengths.","A) The right tail is clearly longer than the left.
C) Small bumps in the tail (one or two rivers per bar) are noise, not a second mode.","Count the main peaks, then compare the tails.",ch05-book-rivers-hist.png,yes,ch05-quiz-01,,"explanation, why_wrong, hint",,
ch05-book-02,"Book: Summarizing summaries, Q2b",5,"shape of distributions, histograms",MC,The histogram shows iris sepal width. The distribution is best described as:,"A) unimodal and symmetric
B) unimodal and right skewed
C) bimodal",A,"One peak near 3, with the bars dropping off about equally on both sides. That's unimodal and symmetric, roughly bell-shaped.","B) The two tails are about the same length.
C) There's only one peak.",Would the histogram look about the same if you flipped it left to right?,ch05-book-iris-hist.png,yes,,,"explanation, why_wrong, hint",,
ch05-book-03,"Book: Summarizing summaries, Q2a (rewritten for bin size)",5,"shape of distributions, histograms",MC,"This histogram of waiting times between eruptions of the Old Faithful geyser uses only 4 bins. With more bins, the data turn out to be clearly bimodal (peaks near 55 and 80 minutes). What's the lesson?","A) Too few bins can hide the shape of a distribution, so try several bin sizes
B) The 4-bin histogram is correct; the data are left skewed
C) More bins always distort a histogram, so use as few as possible
D) Bin size only changes the y-axis, not the shape",A,"With 4 wide bins, the two humps get merged, and the plot looks unimodal and left skewed. Bin width is a choice: too few bins hide features, while too many make noise look like structure. Try a few and see what's robust.","B) The apparent left skew comes from the coarse bins.
C) Too many bins can make noise look like structure, but too few hide real structure.
D) Bin size changes how values are grouped, so it changes the apparent shape.",What happens to two nearby peaks if they land in the same wide bin?,ch05-book-faithful-hist.png,yes,,"The book asks students to fix the bin size in R and then identify the bimodal variable (Old Faithful). Since students can't change the bins on the exam, I rewrote it as a bin-size concept question using your 4-bin image.","question (rewritten), options, explanation, why_wrong, hint",,
ch05-book-04,"Book: Summarizing summaries, Q3",5,"mean & median, missing data (NA)",MC,"I calculated the mean penguin body mass two ways:

penguins |>
  summarise(n_samples = n(),
            sum_mass = sum(body_mass, na.rm = TRUE),
            mean_mass_1 = sum_mass / n_samples,
            mean_mass_2 = mean(body_mass, na.rm = TRUE))

n_samples | sum_mass | mean_mass_1 | mean_mass_2
344 | 1437000 | 4177.326 | 4201.754

(Two penguins are missing body mass, NA.)

Which mean is correct?","A) mean_mass_1
B) mean_mass_2
C) It depends",B,"mean() with na.rm = TRUE adds the non-missing values and divides by the number of non-missing values. mean_mass_1 divides the same sum by all 344 rows, including the 2 with no data, so it's too small.","A) It divides by 344, but only 342 penguins have a body mass.
C) Only one is the mean of the observed data.",How many values went into sum_mass? How many did we divide by?,,yes,ch05-book-05,,"explanation, why_wrong, hint",,
ch05-book-05,"Book: Summarizing summaries, Q4",5,"mean & median, missing data (NA)",MC,"I calculated the mean penguin body mass two ways:

penguins |>
  summarise(n_samples = n(),
            sum_mass = sum(body_mass, na.rm = TRUE),
            mean_mass_1 = sum_mass / n_samples,
            mean_mass_2 = mean(body_mass, na.rm = TRUE))

n_samples | sum_mass | mean_mass_1 | mean_mass_2
344 | 1437000 | 4177.326 | 4201.754

(Two penguins are missing body mass, NA.)

What went wrong in calculating mean_mass_1?","A) n() counts the number of rows, but we need the number of non-NA values
B) na.rm should be set to TRUE, not T
C) The denominator for the mean is (n − 1), not n
D) Nothing; both are potentially correct depending on your goals",A,"sum(..., na.rm = TRUE) skips the 2 missing values, but n() still counts all 344 rows. So the numerator and denominator don't match.","B) T and TRUE mean the same thing.
C) n − 1 is for the variance, not the mean.
D) Dividing a 342-penguin sum by 344 isn't a valid mean of anything.",Does n() know which rows are NA?,,yes,ch05-book-04,,"explanation, why_wrong, hint",,
ch05-book-06,"Book: Summarizing summaries, Q5",5,"coefficient of variation, variance",MC,"Body mass (g) by penguin species:

species | sd_mass | var_mass | mean_mass
Adelie | 459 | 210283 | 3701
Chinstrap | 384 | 147713 | 3733
Gentoo | 504 | 254133 | 5076

Accounting for species differences in mean body mass, which species shows the greatest variability in body mass?","A) Adelie
B) Chinstrap
C) Gentoo",A,"Use the coefficient of variation, CV = SD / mean: Adelie 459/3701 ≈ 0.124, Chinstrap 384/3733 ≈ 0.103, Gentoo 504/5076 ≈ 0.099. Adelie is the most variable relative to its mean.","C) Gentoo has the largest SD and variance, but also a much larger mean. Relative to its size, it's the least variable.
B) Chinstrap has a mean similar to Adelie's but a smaller SD.",'Accounting for the mean' means dividing the SD by the mean.,,yes,ch05-gquiz-08,The book has students calculate the CV in R. Here the summary table is given and they divide by hand. I left the CV column out of your output so they have to compute it.,"question (table given), explanation, why_wrong, hint",,
ch05-book-07,"Book: Summarizing summaries, Q6a–f",5,"boxplots, mean & median, range & IQR, variance",matching,"The boxplot summarizes the level of Lake Huron (in feet) every year from 1875 to 1972. Roughly, what is the:

1. Mean
2. Median
3. Mode
4. Interquartile range
5. Range
6. Variance","A) six
B) one and three quarters
C) five hundred seventy-nine
D) we cannot estimate this from a boxplot","1-D, 2-C, 3-D, 4-B, 5-A, 6-D","A boxplot shows five numbers: min, Q1, median, Q3 and max. The median line is about 579. The box runs from about 578.1 to 579.9, so IQR ≈ 1.75. The whiskers run from about 576 to 582, so range ≈ 6. The mean, mode and variance are not shown. Skew can tell you which side of the median the mean is probably on (here the plot is roughly symmetric, so near 579), but you can't read the mean off the plot.","Mean: here it is probably near 579, since the box looks roughly symmetric, but a boxplot doesn't show it.
IQR ≠ range: the IQR is just the box, and the range is whisker tip to whisker tip.",Which five numbers does a boxplot actually show?,ch05-book-lakehuron-boxplot.png,yes,"ch05-quiz-03, ch05-gquiz-04",,"explanation, why_wrong, hint",,
ch05-book-08,"Book: Summarizing summaries, Q7a",5,"variance, sums of squares",numeric,"Brooke planted RILs at four locations and measured the proportion of hybrid seed at each: GC = 0.15, LB = 0.23, SR = 0.18, US = 0.03. The grand mean is 0.15. The plot shows each location's squared deviation from the grand mean as a pink square.

What is the sum of squares for the differences between each location's proportion hybrid and the grand mean?",,0.0217,"Deviations: 0, 0.08, 0.03, −0.12. Squares: 0, 0.0064, 0.0009, 0.0144. Sum = 0.0217. In the plot, these are the areas of the pink squares. US (0.03) contributes the most.",Common mistakes: not squaring (deviations sum to about 0); squaring 0.12 as 0.0144 but writing 0.144.,Each pink square's area is a squared deviation. Add them up.,ch05-book-hybrid-ss.png,yes,ch05-book-09,,"explanation, why_wrong, hint",,
ch05-book-09,"Book: Summarizing summaries, Q7b–c",5,"variance, standard deviation, sums of squares",numeric,"Brooke planted RILs at four locations and measured the proportion of hybrid seed at each: GC = 0.15, LB = 0.23, SR = 0.18, US = 0.03. The grand mean is 0.15. The plot shows each location's squared deviation from the grand mean as a pink square.

The sum of squares is 0.0217. What are the sample variance and the standard deviation?",,variance ≈ 0.0072; SD ≈ 0.085,"Variance = SS / (n − 1) = 0.0217 / 3 ≈ 0.0072. SD = √0.0072 ≈ 0.085, back in the original units (proportion hybrid).","Dividing by n = 4 gives 0.0054 (that's the population formula).
Forgetting the square root mixes up variance and SD.","n = 4 locations. Divide by n − 1, then take the square root for the SD.",ch05-book-hybrid-ss.png,yes,ch05-book-08,Combined Q7b and 7c; the stem gives the SS so it stands alone.,"question (merged), explanation, why_wrong, hint",ch05-book-08,
ch05-book-10,"Book: Summarizing summaries, Q7d",5,coefficient of variation,MC,"Proportion hybrid seed across four locations has mean 0.15 and SD ≈ 0.085. Petal area among RILs has mean 62 mm² and SD 14.3 mm². Accounting for differences in their means, how does their variability compare?","A) They are very similar
B) Petal area among RILs is roughly thirty times as variable
C) Proportion hybrid seed among sites is roughly two times as variable
D) You can't compare variability for traits measured on such different scales",C,"CV = SD / mean. Hybrid seed: 0.085/0.15 ≈ 0.57. Petal area: 14.3/62 ≈ 0.23. 0.57 / 0.23 ≈ 2.5, so hybrid proportion is roughly twice as variable relative to its mean.","B) That compares raw SDs (14.3 vs 0.085, actually about 170 times), which mostly reflects the different units.
D) That's exactly what the CV is for: it's unitless.
A) The CVs are about 0.57 and 0.23: more than twice as different.","Divide each SD by its mean, then compare.",,yes,ch05-book-06,"The book links to the petal-area numbers elsewhere. I put them in the stem (SD 14.26 and mean 62, from your chatbot prompt).","question (numbers added), explanation, why_wrong, hint",,
ch05-book-11,"Book: Summarizing summaries, Q8 (MC version)",5,"coefficient of variation, standard deviation",MC,Why is it important to standardize by the mean when comparing variability between variables?,"A) Because the SD depends on the scale and units of measurement: bigger numbers tend to vary by bigger amounts, so dividing by the mean puts variables on a common, unitless scale
B) Because the mean is always larger than the SD
C) Because dividing by the mean removes outliers
D) Because variables with larger means are always more variable",A,"If you measured petal area in cm² instead of mm², the SD would shrink 100-fold even though nothing biological changed. The CV (SD / mean) is unaffected by units, so it compares relative variability fairly.","B) Not necessarily true, and irrelevant anyway.
C) Dividing doesn't remove any data points.
D) Larger values often vary more in absolute terms, which is exactly why we standardize. Relative variability can be larger or smaller.",What would happen to the SD of petal area if you switched from mm² to cm²?,,yes,,The original is open-ended (with a chatbot helper). It's a good candidate for Socratic mode as is.,"question (made MC), options, explanation, why_wrong, hint",,
ch05-book-12,"Book: Summarizing summaries, Q9",5,"summarize, assignment & environment",MC,"What is wrong with the code below? (Pick the most egregious issue.)

iris <- iris |>
  summarise(mean_sepal_length = mean(Sepal.Length))","A) I overwrote iris and lost the raw data
B) I did not show the output
C) I used summarise() rather than summarize()
D) I did not tell R to remove missing data when calculating the mean",A,summarise() collapses iris into one row. Assigning that to iris replaces the whole data set with a single number. Save summaries under a new name.,"B) Not printing is harmless; you can print it later.
C) Both spellings are the same function.
D) iris has no missing values, and even if it did, that's a minor issue compared to losing the data.","After this runs, what's left in iris?",,yes,ch05-quiz-06,,"explanation, why_wrong, hint",,
ch06-hw-01,"Associations I homework (Nobel), Q1",6,"two categorical variables, bar charts, conditional proportions",matching,"A taste of brilliance. These data (Prinz 2020) give national chocolate consumption, coffee consumption (kg/capita/year), and number of Nobel laureates for 27 countries. Countries are classified as having more_than_ten_nobels (TRUE/FALSE) and exceptional_coffee (coffee consumption above the mean across countries, TRUE/FALSE).

The plot shows the same bar chart (x = more_than_ten_nobels, fill = exceptional_coffee) with three geom_bar() positions. Which position makes it easiest to:

1. Read off the total number of countries with more than ten Nobel laureates?
2. Read off the number of countries with more than ten Nobel laureates AND exceptional coffee consumption?
3. Compare the proportion of countries with above-average coffee consumption between the two Nobel groups?","A) dodge
B) fill
C) stack","1-C, 2-A, 3-B","stack piles groups on top of each other, so the bar height is the group total. dodge puts subgroups side by side from a common baseline, so each count is easy to read. fill rescales every bar to 1, so it shows conditional proportions directly.","fill hides counts; it only shows proportions.
stack makes the top segment's count hard to read (you'd have to subtract).
dodge shows counts, but you'd have to mentally divide to get proportions.",Which one shows totals? Individual counts? Proportions within each bar?,ch06-nobel-bars.png,yes,ch06-book-01,The original was 'imagine the plot.' I made the three plots from the data so students can see them.,"question (plot added), explanation, why_wrong, hint",,
ch06-hw-02,"Associations I homework (Nobel), Q2",6,"two categorical variables, conditional proportions, joint proportions",matching,"A taste of brilliance. These data (Prinz 2020) give national chocolate consumption, coffee consumption (kg/capita/year), and number of Nobel laureates for 27 countries. Countries are classified as having more_than_ten_nobels (TRUE/FALSE) and exceptional_coffee (coffee consumption above the mean across countries, TRUE/FALSE).

Countries with coffee data (n = 24; mean coffee consumption = 4.06 kg/capita):

more_than_ten_nobels | exceptional_coffee = TRUE | exceptional_coffee = FALSE | total
TRUE | 6 | 9 | 15
FALSE | 4 | 5 | 9
total | 10 | 14 | 24

What proportion of countries:

1. have more than ten Nobel laureates?
2. have above-average coffee consumption?
3. have more than ten Nobel laureates AND above-average coffee consumption?
4. have more than ten Nobel laureates, given above-average coffee (P(>10 Nobels | above-average coffee))?
5. have more than ten Nobel laureates, given below-average coffee (P(>10 Nobels | below-average coffee))?","A) 0.25
B) 0.417
C) 0.643
D) 0.6
E) 0.625","1-E, 2-B, 3-A, 4-D, 5-C","1. 15/24 = 0.625. 2. 10/24 = 0.417. 3. 6/24 = 0.25 (a joint proportion: both conditions, out of all 24). 4. 6/10 = 0.6 (a conditional proportion: only look within the 10 high-coffee countries). 5. 9/14 = 0.643.",Joint vs. conditional: the joint proportion divides by all 24 countries; the conditional divides only by the countries in the 'given' group.,"For 'given X,' restrict yourself to the row or column for X before dividing.",,yes,ch06-book-02,The original required filtering and computing in R. I gave the 2×2 count table so students compute by hand.,"question (table added), explanation, why_wrong, hint",,
ch06-hw-03,"Associations I homework (Nobel), Q3",6,"conditional proportions, interpreting associations",MC,"A taste of brilliance. These data (Prinz 2020) give national chocolate consumption, coffee consumption (kg/capita/year), and number of Nobel laureates for 27 countries. Countries are classified as having more_than_ten_nobels (TRUE/FALSE) and exceptional_coffee (coffee consumption above the mean across countries, TRUE/FALSE).

P(>10 Nobels | above-average coffee) = 0.60 and P(>10 Nobels | below-average coffee) = 0.64. What do you conclude?","A) Coffee consumption is unrelated to Nobel laureate counts
B) Any true association between coffee consumption and Nobel creation is modest, if it exists at all
C) Coffee makes you dumb",B,"The two conditional proportions are very similar (0.60 vs 0.64), so the data show little association. But with only 24 countries we can't say there's no association at all, and a tiny difference certainly doesn't show causation.","A) 'Unrelated' claims too much: a small sample with slightly different proportions can't establish zero association.
C) That's a causal claim, which observational country-level data can't support, and the difference is tiny anyway.",How different are 0.60 and 0.64? And can country-level correlations tell us what coffee does to a person?,,yes,ch06-book-03,,"explanation, why_wrong, hint",ch06-hw-02,
ch06-hw-04,"Associations I homework (Nobel), Q4–5",6,"difference in means, Cohen's d, one categorical one continuous",numeric,"A taste of brilliance. These data (Prinz 2020) give national chocolate consumption, coffee consumption (kg/capita/year), and number of Nobel laureates for 27 countries. Countries are classified as having more_than_ten_nobels (TRUE/FALSE) and exceptional_coffee (coffee consumption above the mean across countries, TRUE/FALSE).

Chocolate consumption (kg/capita) by Nobel group, all 27 countries:

more_than_ten_nobels | n | mean | sd
TRUE | 16 | 5.89 | 3.09
FALSE | 11 | 4.92 | 2.87

a) What is the difference in mean chocolate consumption (more than ten Nobels minus ten or fewer)?
b) Express this as Cohen's d, using a pooled SD of 3.00.",,"a) ≈ 0.97 kg/capita
b) ≈ 0.32","a) 5.89 − 4.92 = 0.97 kg/capita. b) Cohen's d = difference / pooled SD = 0.97 / 3.00 ≈ 0.32, a small effect by traditional benchmarks (0.2 small, 0.5 medium, 0.8 large).","Dividing by just one group's SD gives a slightly different value (about 0.31–0.34), which is close enough. Getting a negative value means you subtracted in the other direction. (If a student filtered to the 24 coffee countries first, the difference is 1.03.)",Cohen's d = (mean1 − mean2) / pooled SD.,,yes,ch06-book-04,The original computed these in R. I gave the summary table and pooled SD.,"question (table added), explanation, why_wrong, hint",,
ch06-hw-05,"Associations I homework (Nobel), Q6",6,"interpreting associations, correlation vs causation",MC,"A taste of brilliance. These data (Prinz 2020) give national chocolate consumption, coffee consumption (kg/capita/year), and number of Nobel laureates for 27 countries. Countries are classified as having more_than_ten_nobels (TRUE/FALSE) and exceptional_coffee (coffee consumption above the mean across countries, TRUE/FALSE).

Countries with more than ten Nobels averaged 5.89 kg/capita of chocolate vs 4.92 for countries with ten or fewer (Cohen's d ≈ 0.32). From these analyses we conclude (pick best):","A) It appears that countries with more than ten Nobel laureates tend to have higher chocolate consumption than countries with ten or fewer
B) It appears that countries with more than ten Nobel laureates tend to have lower chocolate consumption
C) It appears that chocolate makes people smarter
D) It appears that smart people buy more chocolate",A,"A describes the association without claiming a cause. Wealth, population size and so on could drive both chocolate consumption and Nobel counts.","B) The difference goes the other way.
C) and D) Both are causal stories; observational country-level data can't tell us which way (if any) causation runs.",Which answer describes the pattern without explaining why it happens?,,yes,ch06-book-05,,"explanation, why_wrong, hint",ch06-hw-04,
ch06-hw-06,"Associations I homework (Nobel), Q7 (option 1)",6,"visualizing associations, boxplots, jitter",MC,"A taste of brilliance. These data (Prinz 2020) give national chocolate consumption, coffee consumption (kg/capita/year), and number of Nobel laureates for 27 countries. Countries are classified as having more_than_ten_nobels (TRUE/FALSE) and exceptional_coffee (coffee consumption above the mean across countries, TRUE/FALSE).

Three plots compare chocolate consumption between countries with more vs fewer than ten Nobels. Which is best?

A) geom_boxplot() + geom_jitter(width = .2)
B) geom_jitter(width = .2) + geom_boxplot()
C) geom_jitter(width = 1)","A) Plot A
B) Plot B
C) Plot C",A,"In ggplot, layers are drawn in order. In A the points are drawn on top of the boxplot, so you see both the summary and every country. In B the boxes are drawn over the points and hide many of them. In C, width = 1 jitters the points so far that the two groups blur together.","B) The boxplot covers the points drawn before it.
C) The jitter is too wide: you can't tell which group a point belongs to.",Later layers are drawn on top of earlier ones.,ch06-nobel-choc-A.png; ch06-nobel-choc-B.png; ch06-nobel-choc-C.png,yes,ch06-book-06,"Uses three images. Q7 originally had students pick code pieces from dropdowns; this keeps the idea (layer order, jitter width) as a picture choice.","question (rewritten as plots), options, explanation, why_wrong, hint",,
ch06-hw-07,"Associations I homework (Nobel), Q7 (options 2–3)",6,"visualizing associations, histograms, density plots, facets",MC,"A taste of brilliance. These data (Prinz 2020) give national chocolate consumption, coffee consumption (kg/capita/year), and number of Nobel laureates for 27 countries. Countries are classified as having more_than_ten_nobels (TRUE/FALSE) and exceptional_coffee (coffee consumption above the mean across countries, TRUE/FALSE).

Three more plots compare the distributions of chocolate consumption between Nobel groups:

D) Faceted histograms (facet_wrap(~more_than_ten_nobels))
E) Overlapping density plots, geom_density()
F) Overlapping density plots, geom_density(alpha = .4)

Which plot is the poor choice?","A) Plot D
B) Plot E
C) Plot F",B,"Without transparency, the density drawn second covers the first, so where they overlap you can't see one of the groups. alpha = .4 makes both visible. Faceted histograms are also a fine choice.","A) Faceted histograms clearly show each group's distribution.
C) Transparency lets you see both densities where they overlap.",Look at the region where the two groups overlap. Can you see both?,ch06-nobel-choc-D.png; ch06-nobel-choc-E.png; ch06-nobel-choc-F.png,yes,,Rewritten from the code-dropdown version as a 'which plot' question.,"question (rewritten as plots), options, explanation, why_wrong, hint",,
ch06-book-01,"Book: Summarizing associations I, Q1–3",6,"two categorical variables, bar charts, conditional proportions",matching,"The plot shows survival of adult males on the Titanic in 1st class vs crew, with three geom_bar() positions. Which position makes it easiest to:

1. Read off the number of males in 1st class?
2. Read off the number of male crew members who did not survive?
3. Compare survival probabilities of 1st-class males vs crew?","A) dodge
B) fill
C) stack","1-C, 2-A, 3-B","stack: bar height = group total. dodge: each subgroup count from a common baseline. fill: each bar scaled to 1, so you see the proportion surviving.","fill hides the counts.
In stack, the upper segment's count has to be read by subtraction.
dodge needs mental division to compare proportions.","Totals, individual counts, or proportions?",ch06-titanic-bars.png,yes,ch06-hw-01,Plot made from the book's titanic_males data.,"question (plot added), explanation, why_wrong, hint",,
ch06-book-02,"Book: Summarizing associations I, Q4a–e",6,"two categorical variables, conditional proportions, joint proportions",matching,"The Titanic data, subset to adult males who were in 1st class or crew (n = 1037):

Class | Survived = Yes | Survived = No | total
1st | 57 | 118 | 175
Crew | 192 | 670 | 862
total | 249 | 788 | 1037

What proportion:

1. were in 1st class?
2. survived?
3. were in 1st class AND survived?
4. survived, given 1st class (P(Survive | 1st))?
5. survived, given crew (P(Survive | Crew))?","A) 0.055
B) 0.169
C) 0.223
D) 0.240
E) 0.326","1-B, 2-D, 3-A, 4-E, 5-C",1. 175/1037 = 0.169. 2. 249/1037 = 0.240. 3. 57/1037 = 0.055 (joint). 4. 57/175 = 0.326. 5. 192/862 = 0.223 (conditional: divide within the row).,Joint proportions divide by everyone (1037). Conditional proportions divide only by the 'given' group.,"For 'given 1st class,' only look at the 175 people in 1st class.",,yes,ch06-hw-02,Book has students compute in R; here the count table is given and the answers are options I wrote.,"question (table added), options, explanation, why_wrong, hint",,
ch06-book-03,"Book: Summarizing associations I, Q5",6,"conditional proportions, interpreting associations",MC,"The Titanic data, subset to adult males who were in 1st class or crew (n = 1037):

Class | Survived = Yes | Survived = No | total
1st | 57 | 118 | 175
Crew | 192 | 670 | 862
total | 249 | 788 | 1037

P(Survive | 1st) = 0.326 and P(Survive | Crew) = 0.223. What do you conclude?","A) First-class males were more likely to survive than male crew members
B) Survival was independent of class; it was safer to be a crew member
C) It was safer to be crew, because more crew members survived than first-class passengers
D) Because the joint probability is small, class and survival are unrelated",A,Compare conditional proportions: 33% of 1st-class males survived vs 22% of crew.,"B) Contradicts itself, and the proportions differ.
C) More crew survived in raw numbers (192 vs 57) only because there were far more crew. Compare proportions, not counts.
D) A joint probability being small says nothing about association; it depends on how common each category is.","Compare the conditional proportions, not the raw counts.",,yes,ch06-hw-03,,"explanation, why_wrong, hint",ch06-book-02,
ch06-book-04,"Book: Summarizing associations I, Q6–7",6,"difference in means, Cohen's d",MC,"Clarkia RILs at site GC were classified as visited (some_visits) or not (no_visits) by pollinators. Anther–stigma distance (mm):

visited | n | mean | sd
no_visits | 66 | 0.821 | 0.375
some_visits | 23 | 0.964 | 0.378

(Pooled SD ≈ 0.376)

What is the difference in mean anther–stigma distance (some_visits − no_visits), and how big is this 'effect' by traditional interpretations of Cohen's d?","A) 0.14 mm; small (d ≈ 0.38)
B) 0.14 mm; large (d ≈ 1.4)
C) −0.14 mm; small
D) 0.14 mm; tiny, not worth reporting",A,"0.964 − 0.821 = 0.143 mm. d = 0.143 / 0.376 ≈ 0.38, which is 'small' by convention (about 0.2 small, 0.5 medium, 0.8 large).","B) d divides by the SD, not into it: 0.143/0.376 ≈ 0.38, not 1.4.
C) The order is some_visits − no_visits, so the difference is positive.
D) 0.38 is above the 0.2 'small' threshold.",d = difference / pooled SD.,,yes,ch06-hw-04,Book Q6 (difference) and Q7 (size of effect) merged; summary stats computed from the GC data in the book.,"question (merged, stats given), options, explanation, why_wrong, hint",,
ch06-book-05,"Book: Summarizing associations I, Q8",6,"interpreting associations, correlation vs causation",MC,"Clarkia RILs at site GC were classified as visited (some_visits) or not (no_visits) by pollinators. Anther–stigma distance (mm):

visited | n | mean | sd
no_visits | 66 | 0.821 | 0.375
some_visits | 23 | 0.964 | 0.378

(Pooled SD ≈ 0.376)

From these analyses we conclude (pick best):","A) Anther–stigma distance causes pollinators to visit plants more often
B) Pollinators prefer plants with greater anther–stigma separation
C) There is no relationship between anther–stigma distance and visitation
D) Visited plants tend to have greater anther–stigma distance than plants that did not receive visits",D,D describes the observed association without assuming a cause. A and B make causal claims that these data can't support.,"A) and B) Causal; something else (e.g., flower size) could drive both.
C) There is a difference (d ≈ 0.38), even if it's small.",Which answer just describes the pattern?,,yes,ch06-hw-05,,"explanation, why_wrong, hint",,
ch06-book-06,"Book: Summarizing associations I, Q9",6,"visualizing associations, jitter",MC,"Five plots compare anther–stigma distance between visited and unvisited Clarkia RILs. Which plot is the worst?

Plot 1: jittered points with a line connecting the group means
Plot 2: faceted histograms
Plot 3: overlapping densities (alpha = .4)
Plot 4: boxplot with jittered points on top
Plot 5: geom_jitter(width = 1)","A) Plot 1
B) Plot 2
C) Plot 3
D) Plot 4
E) Plot 5",E,With width = 1 the jitter is so wide that the two groups' points overlap and you can't tell which point belongs to which group.,"Plots 1–4 each show the two groups clearly, with different trade-offs (individual points, distribution shape, summary).
A) Plot 1 shows every point plus the group means, so both groups are clear.
B) Plot 2 shows each group's distribution clearly.
C) Plot 3's transparency lets you see both groups where they overlap.
D) Plot 4 shows a summary and the data. That's a great choice.",In which plot can you not tell the groups apart?,ch06-asd-plot1.png; ch06-asd-plot2.png; ch06-asd-plot3.png; ch06-asd-plot4.png; ch06-asd-plot5.png,yes,ch06-hw-06,Code-only in the book; the five plots are now rendered.,"question (plots added), explanation, why_wrong, hint",,
ch07-gquiz-01,"Comparing apples and oranges group quiz (2026), Q1",7,"variance, covariance",MC,"Compare the equations for variance and covariance:

Var(X) = Σ(xᵢ − x̄)² / (n − 1)
Cov(X, Y) = Σ(xᵢ − x̄)(yᵢ − ȳ) / (n − 1)

Which statement is correct?","A) Both sum products of deviations from the mean and divide by n − 1; variance multiplies a variable's deviation by itself, while covariance multiplies deviations of two different variables, so covariance can be negative
B) They are the same except that covariance divides by n
C) Covariance is the square root of variance
D) Both are always positive",A,"Variance is the covariance of a variable with itself: Cov(X, X) = Var(X). Because the deviations in covariance can have opposite signs, covariance can be negative (as X goes up, Y goes down), but variance never can.","B) Both use n − 1 for samples.
C) That's the standard deviation.
D) Variance is ≥ 0, but covariance can be negative.",What would you get if you plugged X in for Y in the covariance formula?,,yes,,The original is open-ended (similar? different?). I made it MC; the open version fits Socratic mode.,"question (made MC), options, explanation, why_wrong, hint",,
ch07-gquiz-02,"Comparing apples and oranges group quiz (2026), Q2 (review)",5,coefficient of variation,MC,You want to compare the variability in fruit area between apples and oranges. Which statistic should you use?,"A) The coefficient of variation (SD / mean), because oranges and apples differ in mean size, and bigger things tend to vary by bigger amounts
B) The variance, because it uses all the data
C) The range, because it shows the biggest and smallest fruit
D) The covariance between apple area and orange area",A,"The CV puts variability relative to the mean, so it compares spread fairly between groups with different average sizes.","B) Variance is in squared units and scales with the mean, so larger fruits would look more variable just because they are larger.
C) The range depends on extremes and on sample size.
D) Covariance measures how two variables vary together, which doesn't apply here (apples and oranges aren't paired).","If oranges were twice as big on average, would you expect their SD to be bigger even if they were 'equally variable'?",,yes,ch05-book-11,"Originally open-ended ('which statistic, and why').","question (made MC), options, explanation, why_wrong, hint",,
ch07-gquiz-03,"Comparing apples and oranges group quiz (2026), Q3",7,"correlation, covariance",MC,You want to compare how strongly fruit size is related to cost per pound in apples vs in oranges. Which statistic should you use?,"A) Correlation, because it is standardized (unitless, between −1 and 1), so its strength can be compared across groups measured on different scales
B) Covariance, because it keeps the original units
C) Covariance, because it can be negative
D) Either; they always give the same answer",A,"Covariance depends on the units and spread of each variable, so a bigger covariance in oranges could just mean oranges vary more in size or price. Correlation divides covariance by both SDs, so it measures the strength of the linear relationship on a common scale.","B) Keeping units is exactly the problem when comparing strength across groups.
C) Correlation can be negative too.
D) They agree in sign but not in magnitude.",What does dividing by the two SDs do?,,yes,,Originally open-ended.,"question (made MC), options, explanation, why_wrong, hint",,
ch07-gquiz-04,"Comparing apples and oranges group quiz (2026), Q4",7,"covariance, joint proportions",numeric,"A store had a buy-one-get-one-free sale on apples and oranges. Half of all fruit sold were apples and half were oranges. Of the pairs of fruit sold, one third consisted of two oranges. Code each fruit as 1 = orange, 0 = apple. What is the covariance between the first and second fruit in a pair? (Ignore Bessel's correction.)",,1/12 ≈ 0.083,"Cov(X, Y) = E[XY] − E[X]E[Y]. XY = 1 only when both are oranges, so E[XY] = P(both orange) = 1/3. E[X] = E[Y] = 1/2. Cov = 1/3 − 1/4 = 1/12 ≈ 0.083. It's positive: people who pick one orange tend to pick another (if independent, P(two oranges) would be 1/4).","Common mistakes: using 1/3 (the joint probability) as the answer, or forgetting to subtract E[X]E[Y] = 1/4.","If the fruits were picked independently, what would P(two oranges) be? Compare to 1/3.",,yes,,"This is the hardest item in the set. It uses E[XY] − E[X]E[Y], which may not be how the book frames covariance for binary variables. Check that it matches the course.","explanation, why_wrong, hint",,
ch06-gquiz-05,"Comparing apples and oranges group quiz (2026), Q5",6,"difference in means, Cohen's d",MC,You want to describe the difference in mean fruit area of apples and oranges. When would you report Cohen's d rather than the raw difference in means?,"A) When you want a unitless effect size relative to the variability in the data, e.g., to compare with other studies or traits measured in different units; the raw difference is better when its units are meaningful to readers (e.g., 'oranges are 12 cm² larger')
B) Always; the raw difference is never useful
C) When the two groups have the same mean
D) Only when the data are categorical",A,"The difference in means is in real units, so it's easy to interpret when those units mean something. Cohen's d scales the difference by the pooled SD, which tells you how big it is relative to the spread and allows comparison across traits or studies.","B) Raw differences are often more interpretable.
C) Then both are zero.
D) Both require a numeric response.",Which one has units? Which one is relative to the spread?,,yes,,Originally two open-ended parts (when/why each one). The open version fits Socratic mode.,"question (made MC), options, explanation, why_wrong, hint",,
ch07-gquiz-06,"Comparing apples and oranges group quiz (2026), Q6",7,"covariance, correlation",MC,"If we measure the heights of people in inches and in feet, the two variables are perfectly linearly related (inches = 12 × feet). What are the covariance and the correlation between height in inches and height in feet?","A) Covariance = 12 × Var(height in feet), which depends on the data and the units; correlation = 1
B) Covariance = 1; correlation = 1
C) Covariance = 12; correlation = 12
D) Covariance = 1; correlation = 1/12",A,"Cov(12F, F) = 12·Cov(F, F) = 12·Var(F), so there's no fixed number: it depends on how variable heights are. Correlation = Cov / (SD_inches × SD_feet) = 12·Var(F) / (12·SD_F × SD_F) = 1. A perfect positive linear relationship always has r = 1, whatever the units.","B) Covariance isn't standardized, so it's not automatically 1.
C) Correlation can never exceed 1.
D) Changing units doesn't change correlation.","Covariance has units; correlation doesn't. What is Cov(F, F)?",,yes,ch07-gquiz-03,Originally open-ended ('explain and show math').,"question (made MC), options, explanation, why_wrong, hint",,
ch07-hw-01,"Associations II homework (Nobel), Q1",7,"independence, joint proportions, multiplication rule",numeric,"A taste of brilliance. These data (Prinz 2020) give national chocolate consumption, coffee consumption, and number of Nobel laureates for different countries.

Of the 24 countries with coffee consumption data:
• 10 (0.417) drink more than the average amount of coffee
• 15 (0.625) have more than ten Nobel laureates

If coffee drinking and Nobel success were independent, what proportion would you expect to BOTH drink more than average coffee AND have more than ten Nobel laureates?",,0.417 × 0.625 ≈ 0.260,"Under independence, P(A and B) = P(A) × P(B) = 0.4167 × 0.625 = 0.2604. That's about 6.25 of 24 countries.","Adding the proportions (1.04) gives an impossible value above 1. Using a conditional proportion (e.g., 6/10) answers a different question.",Multiplication rule for independent events.,,yes,ch07-book-03,,"explanation, why_wrong, hint",,
ch07-hw-02,"Associations II homework (Nobel), Q2",7,"covariance, independence, joint proportions",numeric,"A taste of brilliance. These data (Prinz 2020) give national chocolate consumption, coffee consumption, and number of Nobel laureates for different countries.

Of the 24 countries with coffee consumption data:
• 10 (0.417) drink more than the average amount of coffee
• 15 (0.625) have more than ten Nobel laureates

We actually find that 6 of 24 countries (0.25) both drink more coffee than average AND have more than ten Nobel laureates. Find the covariance between these two binary variables (ignore Bessel's correction).",,0.25 − 0.2604 ≈ −0.0104,"For binary (0/1) variables, the covariance is observed joint proportion − expected joint proportion under independence: 0.25 − 0.417 × 0.625 = 0.25 − 0.2604 = −0.0104. It's tiny and slightly negative: high-coffee countries are very slightly *less* likely to have many Nobels than independence predicts.",Common mistakes: reporting 0.25 (the joint proportion) or flipping the sign (expected − observed).,Covariance = P(A and B) − P(A)·P(B).,,yes,"ch07-book-04, ch07-gquiz-04",,"explanation, why_wrong, hint",,
ch07-hw-03,"Associations II homework (Nobel), Q3",7,"correlation, covariance, scatterplots",numeric,"A taste of brilliance. These data (Prinz 2020) give national chocolate consumption, coffee consumption, and number of Nobel laureates for different countries.

The scatterplot shows chocolate consumption vs number of Nobel laureates for 27 countries.

Cov(chocolate, laureates) = 81.3
SD(chocolate) = 2.99 kg/capita
SD(laureates) = 76.1

What is the correlation?",,≈ 0.36,"r = Cov / (SD_x × SD_y) = 81.3 / (2.99 × 76.1) = 81.3 / 227.5 ≈ 0.36. A moderate positive correlation. Note in the plot that a few countries (USA especially) have far more laureates than the rest, so this correlation is driven largely by a handful of points.","Common mistakes: reporting the covariance (81.3), which has units and isn't bounded by ±1; or dividing by only one SD.",Correlation = covariance divided by the product of the two SDs.,ch07-hw-choc-nobel-scatter.png,yes,ch07-gquiz-06,"The original was computed in R. I gave the covariance and SDs so students compute r by hand (from all 27 countries, raw laureate counts).","question (stats + plot added), explanation, why_wrong, hint",,
ch07-hw-04,"Associations II homework (Nobel), Q4",7,"correlation vs causation, interpreting associations",MC,"A taste of brilliance. These data (Prinz 2020) give national chocolate consumption, coffee consumption, and number of Nobel laureates for different countries.

The correlation between per-capita chocolate consumption and number of Nobel laureates is about 0.36. What can we safely conclude?","A) There is a positive association between chocolate consumption and Nobel prizes (ignoring 'significance')
B) There is a negative association between chocolate consumption and Nobel prizes
C) Chocolate makes you smart
D) Smartness makes chocolate",A,A positive correlation means countries that eat more chocolate tend to have more laureates. That's all we can say: country wealth (and population) could drive both.,"B) r > 0 means a positive association.
C) and D) Causal claims (in opposite directions) that correlational data can't distinguish, and a confounder like wealth is a likely explanation.",Which answer only describes the pattern?,,yes,ch06-hw-05,,"explanation, why_wrong, hint",ch07-hw-03,
ch07-hw-05,"Associations II homework (Nobel), Q5",7,"correlation, linear vs nonlinear association, scatterplots",matching,"Consider the four scatterplots (a–d). In which panel:

1. are x and y most tightly associated?
2. are x and y most tightly linearly associated?
3. do x and y have the most positive correlation coefficient?
4. do x and y have the largest correlation in absolute value (|r|)?
5. does x do the worst job of predicting y?","A) a
B) b
C) c
D) d","1-B, 2-C, 3-D, 4-C, 5-A","1. b: y is a perfect (but wavy, nonlinear) function of x, so knowing x tells you y exactly. 2. c: the points hug a straight line most closely. 3. d: the only clearly positive relationship. 4. c: its r is strongly negative (about −0.9), so it has the largest magnitude even though it's the smallest number. b's r is near zero despite the perfect relationship, because r only measures linear association. 5. a: a cloud of points with no pattern.","b for any correlation question: r only captures straight-line relationships, so a sine wave has r near 0.
Mixing up 3 and 4: the sign of r gives the direction, and |r| gives the strength of the linear association.","Correlation measures linear association only, and its sign matters for 'largest.'",ch07-hw-fourpanels.png,yes,ch07-book-05,,"options, explanation, why_wrong, hint",,
ch07-book-01,"Book: Summarizing associations II, Q1–2",7,"correlation, causation, experimental design",MC,"Correlations among Clarkia RIL traits (pairwise complete data, n ≈ 435–440 plants):

pair | correlation
petal_area & prop_hybrid | 0.224
lwc (leaf water content) & prop_hybrid | −0.202
petal_area & lwc | −0.168

Which variable, leaf water content (lwc) or petal area, is more plausibly interpreted as influencing proportion hybrid seed (prop_hybrid)?","A) Equally likely, because the absolute values of their correlations are similar
B) Petal area, because it has the stronger correlation coefficient
C) Neither: the correlations are both near zero
D) Petal area: there's a substantial association, these are experimental RILs, and it's biologically plausible that pollinators are attracted to larger petals, not to low leaf water content
E) There is no relevant information here; correlation does not imply causation",D,"The correlations are similar in size (0.22 vs −0.20), so the numbers alone can't decide. Biology plus design does: RILs shuffle traits, and a pollinator responding to petal size is a plausible mechanism, whereas pollinators sensing leaf water content is not.","A) Similar r doesn't mean similar plausibility as a cause.
B) 0.224 vs 0.202 is barely different, so that's not the reason.
C) About ±0.2 is modest but not zero.
E) Correlation isn't proof, but combined with design and mechanism it is evidence.",The numbers are nearly tied. What else can help you decide?,,yes,,"Book Q1 has students compute r in R. Here the correlations are given (computed from the RIL data; r(lwc, prop_hybrid) = −0.202) and Q1 and Q2 are merged.","question (merged, stats given), explanation, why_wrong, hint",,
ch07-book-02,"Book: Summarizing associations II, Q3",7,"confounding, correlation vs causation",MC,"Correlations among Clarkia RIL traits (pairwise complete data, n ≈ 435–440 plants):

pair | correlation
petal_area & prop_hybrid | 0.224
lwc (leaf water content) & prop_hybrid | −0.202
petal_area & lwc | −0.168

Which explanation best accounts for the negative association between leaf water content and proportion hybrid seed?","A) Chance: strange associations sometimes appear randomly
B) Reverse causation: pollinator visits might reduce leaf water content
C) A direct causal link: pollinators are attracted to plants with dry leaves
D) Confounding: low leaf water content may be linked (genetically or physiologically) with a trait that does influence pollinators, e.g., petal area",D,"lwc is negatively correlated with petal area (r = −0.17), and petal area is positively correlated with hybrid seed. So plants with low lwc tend to have bigger petals, which attract pollinators. That makes lwc and hybrid seed look related through petal area.","A) Possible, but the table shows a better explanation.
B) and C) Neither has a plausible mechanism.",Look at the third row of the table.,,yes,,"Book hint asks students to compute cor(petal_area, lwc) in R; the value is given in the stem.","question (stats given), explanation, why_wrong, hint",,
ch07-book-03,"Book: Summarizing associations II, Q4–5",7,"independence, joint proportions, multiplication rule",numeric,"We collected 131 Clarkia plants (74 parviflora, 57 xantiana) from a natural hybrid zone and genotyped a chloroplast marker.

species | parviflora chloroplast | xantiana chloroplast | total
parviflora | 74 | 0 | 74
xantiana | 8 | 49 | 57
total | 82 | 49 | 131

a) If species and chloroplast type were independent, what proportion of plants would you expect to be xantiana AND have a xantiana chloroplast?
b) How much does the observed proportion differ from that expectation (observed − expected)?",,"a) (57/131) × (49/131) ≈ 0.163
b) 49/131 − 0.163 = 0.374 − 0.163 ≈ 0.211","a) P(xantiana) = 57/131 = 0.435; P(xan chloroplast) = 49/131 = 0.374; product = 0.163. b) Observed joint proportion = 49/131 = 0.374, which is much more than 0.163, so species and chloroplast are strongly associated.",Using 49/57 (a conditional proportion) instead of 49/131 (joint) is the most common slip.,Expected joint = product of the two marginal proportions. Observed joint = count in that cell / total.,,yes,ch07-hw-01,,"explanation, why_wrong, hint",,
ch07-book-04,"Book: Summarizing associations II, Q6",7,"covariance, Bessel's correction",numeric,"We collected 131 Clarkia plants (74 parviflora, 57 xantiana) from a natural hybrid zone and genotyped a chloroplast marker.

species | parviflora chloroplast | xantiana chloroplast | total
parviflora | 74 | 0 | 74
xantiana | 8 | 49 | 57
total | 82 | 49 | 131

The observed joint proportion of xantiana plants with xantiana chloroplasts exceeds the expectation under independence by 0.2113. What is the covariance between being a xantiana plant and having a xantiana chloroplast, using Bessel's correction?",,0.2113 × 131/130 ≈ 0.213,"For 0/1 variables, (observed − expected joint proportion) is the covariance with n in the denominator. Bessel's correction switches to n − 1: multiply by n/(n − 1) = 131/130, giving 0.2129.",Forgetting Bessel's correction gives 0.2113. Multiplying by 130/131 goes the wrong way.,Going from dividing by n to dividing by n − 1 means multiplying by n/(n − 1).,,yes,ch07-hw-02,Stem gives the Q5 result (0.2113) so it stands alone.,"question (made self-contained), explanation, why_wrong, hint",ch07-book-03,
ch07-hw-06,"Associations II homework (Nobel), new follow-up to Q3",7,"correlation, outliers, scatterplots, correlation vs causation",MC,"Across 27 countries, the correlation between chocolate consumption and number of Nobel laureates is r ≈ 0.36 (see the scatterplot). If we remove just three countries (the USA, the UK and Germany), the correlation among the remaining 24 drops to r ≈ −0.06. What does this tell us?","A) The association is driven by a few extreme countries; for most countries there is essentially no linear association
B) Removing data always lowers the correlation, so this tells us nothing
C) Those three countries are errors and should be deleted
D) Chocolate causes Nobel prizes only in large countries",A,"Correlation is sensitive to extreme points: three countries with huge laureate counts (which also eat a lot of chocolate) create the whole pattern. Among the other 24, r is about 0. Also note these are raw counts, not per capita, so big, rich countries dominate. Always look at the plot before trusting an r.","B) Removing points can raise, lower or not change r. Here it changed it a lot, which is informative.
C) They're real data; you can report results with and without them, but you don't delete them for being inconvenient.
D) A causal claim the data can't support.",Look at the scatterplot. Where would the line go without the three labeled points?,ch07-hw-choc-nobel-scatter.png,yes,,"New question (not in the original homework), suggested by the scatterplot. r without USA/UK/Germany computed from the data: −0.057.",all (new question),ch07-hw-03,
ch07-book-05,"Book: Summarizing associations II, Q7–10 (plot regenerated)",7,"correlation, linear vs nonlinear association, scatterplots",matching,"Consider the four scatterplots (a–d), each with a best-fit straight line. In which panel:

1. are x and y most tightly associated?
2. are x and y most tightly linearly associated?
3. do x and y have the most positive correlation coefficient?
4. does x do the worst job of predicting y?","A) a
B) b
C) c
D) d","1-A, 2-C, 3-B, 4-D","1. a: y is almost exactly determined by x, but along a U-shaped curve. 2. c: the points hug a straight line most closely (r ≈ −0.87). 3. b: r ≈ 0.77, the most positive. 4. d: almost no relationship (r ≈ 0.16). Note that a has r ≈ 0.05 even though the relationship is very tight, because r only measures linear association.","a for 'linear' or 'correlation': a U-shape has r near 0.
c for 'most positive': its r is strongly negative.","Correlation measures straight-line association only, and its sign matters.",ch07-book-fourpanels.png,yes,ch07-hw-05,"Plot regenerated with a fixed seed. Panel a is now a U-shape, y = (x − 12)² + noise. The book's x⁴ version is nearly linear (r ≈ 0.93), which broke the original keys. R code to update the book is in book_fix_assocII.R. Realized r: a 0.05, b 0.77, c −0.87, d 0.16.",all (plot regenerated),,
ch08-hw-01,"Sampling homework, Q1",8,"estimates vs parameters, samples vs populations",matching,"Fill in the blanks:

When we do science, our data summaries represent (1) ____ found by considering all individuals in our (2) ____. These give us a hint of the truth we really care about: true (3) ____ from the entire (4) ____.","A) estimates
B) parameters
C) sample
D) population","1-A, 2-C, 3-B, 4-D","We compute estimates (e.g., a sample mean) from the sample we actually measured. They're our best guess at parameters, the true values for the whole population, which we almost never get to see.",Parameters describe populations and estimates describe samples. Swapping them is the classic mix-up.,"Which one do we calculate, and which one do we want to know?",,yes,ch08-gquiz-04,,"explanation, why_wrong, hint",,
ch08-hw-02,"Sampling homework, Q2",8,sampling distribution,MC,The ____ describes the expected distribution of estimates we would get if we took estimates from many different samples of our population.,"A) Sampling distribution
B) Histogram
C) Population distribution
D) Sampling error",A,"A sampling distribution is a distribution of estimates (e.g., sample means), one from each of many hypothetical samples of the same size.","B) A histogram is a type of plot, not a concept.
C) The population distribution is of individuals, not estimates.
D) Sampling error is the chance difference between an estimate and the parameter; the sampling distribution shows its spread.",Is this a distribution of individuals or of estimates?,,yes,ch08-gquiz-05,,"explanation, why_wrong, hint",,
ch08-hw-03,"Sampling homework, Q3",8,"sampling distribution, uncertainty",MC,Understanding the sampling distribution is important for understanding statistics because…,"A) It helps us think about other estimates we might have gotten from sampling
B) It shows how individuals in the population are distributed
C) It removes uncertainty from our estimates
D) We often calculate it directly from a single dataset",A,"We only get one sample, but the sampling distribution shows the range of estimates we could have gotten. That is the basis for standard errors, confidence intervals and p-values.","B) That's the population distribution.
C) It describes uncertainty; it doesn't remove it.
D) We usually can't observe it directly; we estimate or approximate it (by resampling or math).",It's about the estimates we didn't get.,,yes,,,"explanation, why_wrong, hint",,
ch08-hw-04,"Sampling homework, Q4",8,"standard deviation, standard error",matching,"Fill in the blanks:

1. The ____ estimates the expected variation among individuals in the population.
2. The ____ estimates the expected variation among sample estimates from the population.","A) standard deviation
B) standard error","1-A, 2-B","The SD describes spread among individuals. The SE is the SD of the sampling distribution, i.e., spread among estimates. The SE shrinks as n grows; the SD doesn't.",Swapping them is the most common confusion in the chapter.,Individuals → SD. Estimates → SE.,,yes,ch08-book-01,,"explanation, why_wrong, hint",,
ch08-hw-05,"Sampling homework, Q5",8,"sampling error, sample size",MC,Sampling error can never be fully eliminated. Which of the following best mitigates sampling error?,"A) Taking precise measurements
B) Sampling at random
C) Taking a large sample
D) There is nothing to be done; you can't fight chance deviations",C,"Sampling error is chance variation from who happens to be in your sample. Larger samples average out more of that chance, so estimates land closer to the parameter (the SE shrinks with √n).","A) Precise measurements reduce measurement error, a different thing.
B) Random sampling prevents bias, not sampling error.
D) You can't eliminate it, but you can shrink it.",What makes sampling distributions narrower?,,yes,,,"explanation, why_wrong, hint",,
ch08-hw-06,"Sampling homework, Q6",8,"shape of distributions, histograms",MC,"The histogram shows the lengths of eruptions of the Old Faithful geyser.

The distribution of eruption lengths is:","A) Unimodal & right skewed
B) Unimodal & left skewed
C) Unimodal & symmetric
D) Bimodal",D,Two clear peaks (around 2 and 4.5 minutes) with a valley between them: short and long eruptions.,"A)–C) There are two humps, not one.",Count the peaks.,ch08-hw-faithful-eruptions.png,yes,ch05-book-03,,"explanation, why_wrong, hint",,
ch08-hw-07,"Sampling homework, Q7",8,"sampling bias, random sampling",MC,"The histogram shows the lengths of eruptions of the Old Faithful geyser.

Which method would give an unbiased estimate of the mean eruption length per eruption (if we didn't already have the data)? (Hint: eruption length and time between eruptions are positively correlated.)","A) Randomly select eruptions, measure their lengths, and calculate the mean
B) Randomly select eruptions, measure their lengths, and calculate the median
C) Randomly select times of day, measure the length of the current or next eruption, and calculate the mean
D) Randomly select times of day, measure the length of the current or next eruption, and calculate the median",A,"Every eruption should have an equal chance of being picked. If you pick random times of day, you are more likely to land in a long gap between eruptions, and long gaps go with long eruptions. That oversamples long eruptions: a size-biased sample. And the mean, not the median, estimates the mean.","B) and D) The median estimates the median, not the mean.
C) Random times oversample eruptions that follow long gaps, which tend to be long eruptions.",Does every eruption have the same chance of being chosen under each method?,ch08-hw-faithful-eruptions.png,yes,ch08-book-04,,"explanation, why_wrong, hint",,
ch08-hw-08,"Sampling homework, Q8",8,"non-independence, sampling design",MC,"The histogram shows the lengths of eruptions of the Old Faithful geyser.

Which sampling technique would best minimize non-independence among observations? (Ignore any link between eruption length and waiting time.)","A) Sampling randomly across the day
B) Sampling during a fixed block of time each day (e.g., 8 a.m.–noon)
C) Sampling at regular, highly coordinated intervals (e.g., every hour on the hour)",A,Eruptions close in time may be more similar to each other (and to conditions at that time of day). Random times spread observations out so that no shared timing links them.,"B) Observations within the same block share conditions.
C) Regular schedules can line up with cycles in the geyser (or the day), so observations aren't independent of each other.",Which method keeps observations from sharing a common time-related cause?,ch08-hw-faithful-eruptions.png,yes,,,"explanation, why_wrong, hint",,
ch08-hw-09,"Sampling homework, Q9",8,"sampling distribution, sampling bias",MC,"The plot shows sampling distributions of the mean eruption length of Old Faithful for samples of size n = 10, 25, 50 and 100 (each panel is a histogram of many sample means). The true population mean is about 3.49 minutes and the population SD is 1.14 minutes.

Which sampling distribution has the greatest proportion of estimates above the true population mean?","A) n: 10
B) n: 25
C) n: 50
D) n: 100
E) They all have basically half greater than the true mean",E,"All four are centered on the true mean (random samples give unbiased estimates), so about half of the estimates fall above it regardless of n. Bigger n changes the spread, not the center.","A)–D) Sample size affects how far estimates stray, not which side they're on.",Where is each histogram centered?,ch08-hw-sampdist-n.png,yes,ch08-book-07,,"explanation, why_wrong, hint",,
ch08-hw-10,"Sampling homework, Q10",8,"sampling bias, sample size",MC,"The plot shows sampling distributions of the mean eruption length of Old Faithful for samples of size n = 10, 25, 50 and 100 (each panel is a histogram of many sample means). The true population mean is about 3.49 minutes and the population SD is 1.14 minutes.

Which statement about sampling bias is correct?","A) Sampling bias is greatest with n: 10
B) Sampling bias is greatest with n: 25
C) Sampling bias is greatest with n: 50
D) Sampling bias is greatest with n: 100
E) There is no difference in sampling bias, only sampling error",E,"Bias is a systematic shift of the whole sampling distribution away from the truth. All four distributions are centered on the true mean, so there's no bias. They differ only in spread (sampling error).","A)–D) A larger sample doesn't fix bias, and a smaller one doesn't create it.",Bias moves the center; error widens the spread.,ch08-hw-sampdist-n.png,yes,ch08-book-06,,"explanation, why_wrong, hint",,
ch08-hw-11,"Sampling homework, Q11",8,"sampling error, sample size",MC,"The plot shows sampling distributions of the mean eruption length of Old Faithful for samples of size n = 10, 25, 50 and 100 (each panel is a histogram of many sample means). The true population mean is about 3.49 minutes and the population SD is 1.14 minutes.

Which statement about sampling error is correct?","A) Sampling error is greatest with n: 10
B) Sampling error is greatest with n: 25
C) Sampling error is greatest with n: 50
D) Sampling error is greatest with n: 100
E) There is no difference in sampling error, only sampling bias",A,"The n = 10 distribution is the widest, so its estimates stray furthest from the truth by chance.","D) n = 100 is the narrowest, with the least sampling error.
E) The widths clearly differ.
B) and C) The middle sample sizes are narrower than n = 10.",Which histogram is widest?,ch08-hw-sampdist-n.png,yes,ch08-book-06,,"explanation, why_wrong, hint",,
ch08-hw-12,"Sampling homework, Q12",8,"sampling error, standard error",MC,"The plot shows sampling distributions of the mean eruption length of Old Faithful for samples of size n = 10, 25, 50 and 100 (each panel is a histogram of many sample means). The true population mean is about 3.49 minutes and the population SD is 1.14 minutes.

Which sampling distribution has the greatest proportion of sample means more than half a population SD away from the true mean (i.e., below 2.92 or above 4.06)?","A) n: 10
B) n: 25
C) n: 50
D) n: 100
E) They all have basically 60% more than 0.5 SD away from the true mean",A,"Look at the tails beyond 2.92 and 4.06. Only the wide n = 10 distribution has much there (roughly 10%). Larger samples are almost never that far off. 'About 60%' would be true for individual eruptions, not for means.","E) That describes individuals (the population distribution), not sample means.
B)–D) Narrower distributions put less in the tails.",Mark 2.92 and 4.06 on each panel. Which has bars outside them?,ch08-hw-sampdist-n.png,yes,,"Roughly 11% for n = 10, assuming SE = 1.14/√10 ≈ 0.36 (z ≈ 1.58). The 'about 60% for individuals' in the explanation is approximate for this bimodal population.","explanation, why_wrong, hint",,
ch08-hw-13,"Sampling homework, Q13",8,"standard error, sample size",MC,"The plot shows sampling distributions of the mean eruption length of Old Faithful for samples of size n = 10, 25, 50 and 100 (each panel is a histogram of many sample means). The true population mean is about 3.49 minutes and the population SD is 1.14 minutes.

Which has the smallest standard error?","A) n: 10
B) n: 25
C) n: 50
D) n: 100
E) They all have the same standard error",D,"The standard error is the SD of the sampling distribution, and n = 100 has the narrowest. SE ≈ SD/√n: 1.14/√100 ≈ 0.11 versus 1.14/√10 ≈ 0.36.","A) n = 10 has the largest SE.
E) The SE shrinks as n grows.
B) and C) These are narrower than n = 10 but wider than n = 100.",Narrowest histogram = smallest SE.,ch08-hw-sampdist-n.png,yes,ch08-book-06,,"explanation, why_wrong, hint",,
ch08-gquiz-01,"Sampling group quiz (Oct 2, 2026), Q1",8,"sampling error, sample size",MC,"In class, students sampled 10 crayons (without replacement) from a bin and reported the number that were red, using a Google form.

Because it would take too long, only one person per group sampled crayons. (Logistics often limit sample size.) This practice:","A) Increases sampling bias
B) Increases sampling error
C) Had no real impact on the outcome of sampling",B,"Fewer samples means fewer estimates and a smaller total sample, so there's more chance variation. Bias isn't affected, because each sample is still random.","A) Bias comes from how we sample, not how many.
C) A smaller sample makes estimates noisier.",Does sample size affect the center or the spread of the sampling distribution?,,yes,ch08-hw-05,,"explanation, why_wrong, hint",,
ch08-gquiz-02,"Sampling group quiz (Oct 2, 2026), Q2",8,non-independence,MC,"In class, students sampled 10 crayons (without replacement) from a bin and reported the number that were red, using a Google form.

I asked that no more than one person per table report results for the crayon sampling. Why?","A) To minimize sampling bias
B) To minimize sampling error
C) To minimize non-independence
D) To be a pedantic jerk",C,"People at the same table may have shared one sample (or influenced each other), so their reports aren't independent: two reports of the same draw would count as two observations when they're really one.","A) Duplicate reports don't systematically shift the center.
B) More reports would seem to reduce error, but non-independent reports only fake it.
D) 😉","If two people at one table report the same sample, how many independent samples is that?",,yes,,,"explanation, why_wrong, hint",,
ch08-gquiz-03,"Sampling group quiz (Oct 2, 2026), Q3",8,"sampling bias, non-independence",MC,"In class, students sampled 10 crayons (without replacement) from a bin and reported the number that were red, using a Google form.

Say that instead of picking crayons at random you picked ones you wanted. This would have potentially increased:","A) Sampling bias
B) Non-independence
C) Both
D) Neither",C,"Picking crayons you like gives some colors a better chance than others, which biases the estimate. And because classmates share color preferences, their samples are also similar to each other, so they're non-independent too.","A) Bias alone misses that shared preferences make samples resemble each other.
B) Non-independence alone misses that non-random choice shifts the estimate.
D) Choosing by preference is clearly not random.",Do all crayons have an equal chance of being picked?,,no,ch08-hw-07,"Excluded (include = no): the key was debated in class (settled on C, both). Kept in the file for reference.","explanation, why_wrong, hint",,
ch08-gquiz-04,"Sampling group quiz (Oct 2, 2026), Q4",8,estimates vs parameters,matching,"In class, students sampled 10 crayons (without replacement) from a bin and reported the number that were red, using a Google form.

The number of red crayons in a sample of 10 is an (1) ____ of the true population (2) ____.","A) estimate
B) parameter","1-A, 2-B","The count (or proportion) in your sample estimates the true proportion of red crayons in the whole bin, which is the parameter.",Parameters describe populations; estimates come from samples.,Which one did you calculate?,,yes,ch08-hw-01,Originally a fill-in-the-blank.,"options, explanation, why_wrong, hint",,
ch08-gquiz-05,"Sampling group quiz (Oct 2, 2026), Q5",8,sampling distribution,MC,"In class, students sampled 10 crayons (without replacement) from a bin and reported the number that were red, using a Google form.

The distribution of sample estimates from this exercise (if we repeated it an infinite number of times) is the:","A) sampling distribution
B) population distribution
C) standard error
D) sampling bias",A,Many repeated samples → many estimates → their distribution is the sampling distribution.,"B) The population distribution is the colors of all crayons in the bin.
C) The SE is the spread (SD) of the sampling distribution, not the distribution itself.
D) Bias would be a shift in its center.",Distribution of estimates.,,yes,ch08-hw-02,Originally a fill-in-the-blank.,"options, explanation, why_wrong, hint",,
ch08-gquiz-06,"Sampling group quiz (Oct 2, 2026), Q6",8,"non-independence, sampling bias",MC,"Suppose the crayons were carefully arranged by color, like a rainbow, in the bin, and you stuck your hand in one place and grabbed a handful. You would have a ______ sample.","A) random
B) biased
C) idealized
D) non-independent",D,"Crayons next to each other are the same or similar colors, so each crayon in your handful tells you little new: the observations are non-independent. A handful from a random spot isn't systematically shifted toward any color, but it will be wildly variable (all red, or no red).","A) It's not random: crayons near each other are picked together.
B) Defensible if you always grab from the same spot. But if the spot is random, the sampling distribution is still centered on the truth; it's just much wider.
C) Not a term we use.","Is any one handful systematically off, or just clumped?",,no,,Excluded (include = no): B (biased) is also defensible. The in-class key was D (non-independent). Kept in the file for reference.,"explanation, why_wrong, hint",,
ch08-gquiz-07,"Sampling group quiz (Oct 2, 2026), Q7 (MC version)",8,"standard error, sampling distribution",MC,"In class, students sampled 10 crayons (without replacement) from a bin and reported the number that were red, using a Google form.

How could you find the standard error of the proportion of red crayons in a sample of size ten from the bin?","A) Repeatedly draw samples of 10 crayons (returning them between samples), calculate the proportion red in each sample, and take the standard deviation of those proportions
B) Draw one sample of 10 and calculate the standard deviation of crayon colors in it
C) Count all the crayons in the bin and calculate the proportion red
D) Draw one sample of 100 crayons instead of 10",A,"The SE is the SD of the sampling distribution, so build the sampling distribution: many samples of the same size (10), one estimate per sample, then the SD of the estimates.","B) That's (roughly) an SD among individuals, not among estimates.
C) That gives the parameter, with no uncertainty to describe.
D) That gives one estimate from a different sample size, not the SE for n = 10.",SE = the SD of what?,,yes,,Originally open-ended ('describe how you would…'). Good Socratic prompt as is.,"question (made MC), options, explanation, why_wrong, hint",,
ch08-book-01,"Book: Sampling summary, Q1–2",8,"standard deviation, standard error",matching,"1. The ____ describes the variability among individual observations in a sample (or population). It quantifies how far we expect individuals to deviate from the sample estimate.
2. The ____ describes the variability among estimates (of a fixed sample size) from a population. It quantifies how far we expect sample estimates to deviate from the population parameter.","A) standard error
B) standard deviation
C) error function","1-B, 2-A",SD: spread of individuals. SE: spread of estimates (the SD of the sampling distribution).,C) isn't a term we use here.,Individuals → SD. Estimates → SE.,,yes,ch08-hw-04,,"explanation, why_wrong, hint",,
ch08-book-02,"Book: Sampling summary, Q3–4",8,"shape of distributions, population distribution",select-all,"The histogram shows the lengths of all ~20,000 human genes (the whole population). The mean is 2.62 kb, the median is 2.23 kb, and the SD is 2.04 kb.

Which statements are correct? (Select all that apply.)","A) The distribution is unimodal
B) The distribution is bimodal
C) The distribution is symmetric
D) The distribution is right skewed
E) The histogram displays the population distribution
F) The histogram displays a sampling distribution","A, D, E","One peak near 1–2 kb with a long tail of very long genes: unimodal and right skewed (that's why the mean, 2.62, is above the median, 2.23). It shows every gene, i.e., individuals in the whole population, so it's the population distribution.","B) One peak.
C) The right tail is much longer.
F) A sampling distribution would show estimates (e.g., means of many samples), not individual genes.",Individuals or estimates? And which way does the long tail go?,ch08-book-gene-lengths.png,yes,,Book Q3 and Q4 merged into one select-all question.,"question (merged), explanation, why_wrong, hint",,
ch08-book-03,"Book: Sampling summary, Q5",8,sampling bias,MC,"I tried to estimate mean human gene length by randomly selecting nucleotides from the genome, finding the gene they were in, and recording that gene's length, until I had 50 genes. I did this 1000 times. The plot shows my 1000 estimates; the red dashed line is the true population mean (2.62 kb).

The difference between the true mean and my estimates is most likely explained by:","A) Sampling bias
B) Non-independence
C) Sampling error
D) The unreliability of the law of large numbers",A,"Every one of the 1000 estimates is above the true mean (the whole distribution sits around 4 kb). That's a systematic shift, i.e., bias, not chance.","B) Non-independence would widen the distribution, not shift it away from the truth.
C) Sampling error would scatter estimates on both sides of the truth.
D) The law of large numbers works fine for random samples.","Are the estimates scattered around the truth, or all off in one direction?",ch08-book-biased-sampdist.png,yes,ch08-book-04,The book's text says 'sampling distribution for median' but the figure plots means. I used 'mean' throughout.,"explanation, why_wrong, hint",,
ch08-book-04,"Book: Sampling summary, Q6 (MC version)",8,"sampling bias, random sampling",MC,"I estimated mean human gene length by randomly choosing nucleotides from the genome and recording the length of the gene each one fell in. My estimates (about 4 kb) were far above the true mean (2.62 kb). Why, and how could I fix it?","A) Long genes contain more nucleotides, so they were more likely to be hit. Fix: randomly sample genes from a list of all genes, giving each gene an equal chance
B) My sample of 50 was too small. Fix: sample 5000 genes the same way
C) Nucleotides near each other are non-independent. Fix: sample nucleotides farther apart
D) Bad luck. Fix: repeat the experiment",A,Picking random nucleotides is size-biased sampling: a 20 kb gene is ten times as likely to be picked as a 2 kb gene. Each gene needs an equal chance of being chosen. It's the same issue as picking random times of day for Old Faithful.,"B) A bigger biased sample is still biased, just more precisely wrong.
C) Spacing doesn't change the length-based selection.
D) 1000 repeats were all too high; that's not luck.",Does every gene have the same chance of being in the sample?,,yes,ch08-hw-07,Originally open-ended (with a chatbot). Good Socratic prompt as is.,"question (made MC), options, explanation, why_wrong, hint",,
ch08-book-05,"Book: Sampling summary, Q7",8,"sampling distribution, population distribution",MC,"Gene lengths in the human genome range from under 1 kb to over 20 kb, but the 1000 sample means (n = 50 each) all fall between about 3 and 7 kb. Why is the range of the sample means so much smaller than the range of individual gene lengths?","A) Sampling bias
B) Non-independence
C) Sampling error
D) Parameter estimates usually have a tighter distribution than individual observed values",D,Averaging 50 genes cancels out extremes: one huge gene gets diluted by 49 others. So means vary much less than individuals (SE = SD/√n).,"A) Bias shifts the center; it doesn't explain narrowness.
B) Non-independence would widen, not narrow.
C) Sampling error is the spread we're looking at, not its cause.",What happens to an extreme value when you average it with 49 others?,ch08-book-gene-lengths.png; ch08-book-biased-sampdist.png,yes,,,"explanation, why_wrong, hint",,
ch08-book-06,"Book: Sampling summary, Q8–9",8,"sampling error, standard error, sample size",MC,"The plot shows sampling distributions of mean human gene length from 1000 random samples each of n = 5, 30 and 500 genes (red line = true mean). What explains the difference between the panels, and which n has the smallest standard error?","A) Less sampling error in larger samples; n = 500 has the smallest SE
B) Less sampling bias in larger samples; n = 500 has the smallest SE
C) Less non-independence in larger samples; n = 5 has the smallest SE
D) Less sampling error in larger samples; they all have about the same SE",A,"All three are centered on the truth (no bias). They get narrower as n increases. The SEs computed from the data are about 1.04 kb (n = 5), 0.37 (n = 30) and 0.09 (n = 500).","B) None of the three is biased; they're all centered on the red line.
C) Sample size doesn't change independence.
D) The widths clearly differ.",Center = bias; width = sampling error / SE.,ch08-book-sampdist-n.png,yes,"ch08-hw-11, ch08-hw-13",Book Q8 and Q9 merged. Plot redrawn from samp_dist_e.csv.,"question (merged), options, explanation, why_wrong, hint",,
ch08-book-07,"Book: Sampling summary, Q10–11",8,"sampling distribution, standard error",matching,"The plot shows sampling distributions of mean gene length (n = 5 and n = 500; true mean 2.62 kb). Approximately what proportion of sample means are:

1. greater than the population mean, for n = 5?
2. greater than the population mean, for n = 500?
3. greater than 3.8 kb, for n = 5?
4. greater than 3.8 kb, for n = 500?","A) way less than 0.01
B) about 0.10
C) about 0.50","1-C, 2-C, 3-B, 4-A","Both distributions are centered on the truth, so about half fall above it (from the data: 0.44 for n = 5 and 0.46 for n = 500; a bit under half because the right-skewed population makes small-sample means slightly right skewed). Only the wide n = 5 distribution reaches 3.8 kb: 8% of n = 5 means vs 0% of n = 500 means.",Being centered on the truth doesn't depend on n; reaching far from the truth does.,"Find the red line, then find 3.8 on the x-axis.",ch08-book-sampdist-n.png,yes,"ch08-hw-09, ch08-hw-12","From samp_dist_e.csv: P(> mean) = 0.444 (n = 5) and 0.46 (n = 500). The book's 'about 0.50' is fine, but you might mention the skew. P(> 3.8) = 0.084 and 0.","options, explanation, why_wrong, hint",,
ch08-book-08,"Book: Sampling summary, Q12–14",8,"standard error, parameters vs estimates, population",MC,"The histogram shows the lengths of all ~20,000 human genes (the whole population). The mean is 2.62 kb, the median is 2.23 kb, and the SD is 2.04 kb.

What is the standard error of the mean gene length here?","A) There is none: this is the entire population, so 2.62 kb is the parameter itself, known without sampling error
B) 2.04 kb, the SD
C) 2.04 / √20,290 ≈ 0.014 kb
D) 2.62 / √20,290",A,"An SE describes how much an estimate would vary across samples. We measured every gene, so there's no sample, no sampling error, and no SE: the mean is the parameter.","B) That's the SD among genes.
C) That's what you'd compute if these 20,290 genes were a sample from a larger population, which they aren't.
D) Wrong formula, and it doesn't apply here anyway.",Is this a sample or the whole population?,ch08-book-gene-lengths.png,yes,,Book Q12–13 (compute the mean and SD in R) are given in the stem; Q14 (SE = NA) is the question.,"question (rewritten), options, explanation, why_wrong, hint",,
ch09-hw-01,"Uncertainty homework, Q1",9,"sampling distribution, standard error, bootstrap",matching,"Match each description to a concept (each concept used at most once):

1. The theoretical idea describing the distribution of likely estimates (e.g., a mean) from repeated samples.
2. The expected distance between a sample estimate and the population parameter.
3. The computational approach of resampling our data with replacement to approximate the distribution of likely estimates.","A) standard error
B) standard deviation
C) sampling distribution
D) bootstrapping","1-C, 2-A, 3-D","Sampling distribution: the idea (distribution of estimates). Standard error: its spread, i.e., how far estimates typically land from the truth. Bootstrapping: the tool for approximating it from one sample. The SD (spread of individuals) is the leftover.","B) The SD describes individuals, not estimates.","Idea, measure, tool.",,yes,ch09-book-01,,"explanation, why_wrong, hint",,
ch09-hw-02,"Uncertainty homework, Q2",9,"standard error, confidence intervals, sample size",select-all,Which of the following quantities typically increase when the sample size gets smaller? (Select all that apply.),"A) Standard error
B) Sample median
C) Width of a 99% confidence interval
D) The variance","A, C","Smaller samples mean more sampling error, so the SE and CI width grow. Estimates of the median and variance get less precise with small n, but they don't systematically get bigger.","B) and D) They become noisier, not larger. (Without Bessel's correction the variance would actually be underestimated.)","Which of these measure uncertainty in an estimate, rather than describing the data?",,yes,"ch09-book-03, ch09-chime-04",,"explanation, why_wrong, hint",,
ch09-hw-03,"Uncertainty homework, Q3",9,"confidence intervals, interpretation",MC,You calculate a 95% confidence interval from one random sample. Which statement is correct about this CI?,"A) There's a 95% chance the true value is inside this interval
B) Either the interval contains the true value or it doesn't; there's no probability anymore
C) Larger samples make the interval more likely to contain the parameter
D) The population parameter changes depending on the sample",B,"The parameter is fixed and, once calculated, so is your interval. The 95% describes the method: 95% of intervals made this way catch the truth. Any one interval simply did or didn't.","A) The common misreading: the probability applies to the process, not to this interval.
C) Larger samples make intervals narrower, but still 95% of them catch the parameter.
D) The parameter is fixed; it's the estimate that changes.",Is anything random left once the interval is calculated?,ch09-gquiz-ringtoss.png,yes,"ch09-book-04, ch09-chime-09",,"explanation, why_wrong, hint",,
ch09-hw-04,"Uncertainty homework, Q4",9,"confidence intervals, coverage",MC,Suppose you know the population parameter. 100 friends each take random samples and compute 95% confidence intervals. About how many intervals would you expect to exclude the true parameter?,"A) None
B) About 5
C) About 50
D) It depends on the sample mean",B,"95% coverage means about 95 of 100 intervals catch the truth, so about 5 miss.","A) Some intervals always miss by bad luck.
C) That would be 50% coverage.
D) Coverage is a property of the method, not of any one sample.",What does the '95%' describe?,,yes,"ch09-book-05, ch09-chime-10",,"explanation, why_wrong, hint",,
ch09-gquiz-01,"Uncertainty group quiz (Oct 5, 2026), Q1 (MC version)",9,"sampling distribution, sampling error, uncertainty",MC,Which statement best describes the sampling distribution and how it relates to sampling error and uncertainty?,"A) It's the distribution of estimates we would get from many samples of the same size; its spread reflects sampling error, so it tells us how uncertain any single estimate is
B) It's the distribution of values in our sample; its spread is the standard deviation
C) It's the distribution of individuals in the population; it shows sampling bias
D) It's what we get after removing sampling error from our data",A,"Each sample gives a slightly different estimate by chance (sampling error). The sampling distribution collects all those possible estimates; its SD is the standard error, our measure of uncertainty.","B) That's the sample distribution.
C) That's the population distribution, and bias is about the center, not this idea.
D) Sampling error can't be removed, only described.",Distribution of what: individuals or estimates?,,yes,"ch08-hw-02, ch09-chime-01",Originally open-ended ('Explain…'). Good Socratic prompt.,"question (made MC), options, explanation, why_wrong, hint",,
ch09-gquiz-02,"Uncertainty group quiz (Oct 5, 2026), Q2 (MC version)",9,bootstrap,MC,How does the bootstrap approximate the sampling distribution?,"A) Resample the data WITH replacement, making each resample the same size as the original sample; calculate the estimate (e.g., the mean) for each resample; repeat many times
B) Resample the data WITHOUT replacement, same size as the original; calculate the estimate; repeat
C) Take new samples from the population many times and calculate the estimate for each
D) Resample WITH replacement, but make each resample much larger than the original sample to reduce error",A,"With replacement and the same n means each resample is a plausible alternative sample: some observations show up twice, some not at all. The spread of the estimates across resamples approximates the sampling distribution.","B) Without replacement, every resample is just the original data shuffled, so every estimate is identical.
C) That's the true sampling distribution; in real studies we can't keep resampling the population.
D) Uncertainty depends on n; bigger resamples would understate it.",What happens if you resample n values from n values without replacement?,,yes,ch09-book-02,"Originally open-ended (how selected, what size, what calculated).","question (made MC), options, explanation, why_wrong, hint",,
ch09-gquiz-03,"Uncertainty group quiz (Oct 5, 2026), Q3 (MC version)",9,"bootstrap, sample size",MC,Why does bootstrapping do a poor job of approximating the sampling distribution when the sample size is very small?,"A) The bootstrap can only resample the few values we observed, so a tiny sample poorly represents the population's spread and shape; bootstrap distributions are then lumpy and tend to understate uncertainty
B) Small samples are always biased
C) The bootstrap needs at least 1000 observations to run
D) With small samples you must resample without replacement",A,"The bootstrap treats your sample as a stand-in for the population. With, say, 5 values, that stand-in is crude: there are few distinct resamples, extremes are missing, and the bootstrap spread is often too narrow.","B) Small random samples are noisy, not biased.
C) It runs fine; it just approximates poorly.
D) Without replacement, every resample is identical.",What does the bootstrap use as its 'population'?,,yes,,Originally open-ended.,"question (made MC), options, explanation, why_wrong, hint",,
ch09-gquiz-04,"Uncertainty group quiz (Oct 5, 2026), Q4 (MC version)","6, 9","Cohen's d, confidence intervals",MC,"A study compared the proportion of correct predictions made by professional astrologers vs random guessers (prop_correct). Cohen's d (astrologers − guessers) = 0.27, 95% CI [0.05, 0.48]. Benchmarks: tiny 0.01–0.20, small 0.20–0.50, medium 0.50–0.80, large 0.80–1.20. What does this mean?","A) Astrologers did slightly better than guessers (a small effect); the plausible range runs from tiny to almost medium, and it excludes zero
B) Astrologers did much better than guessers; a large effect
C) There's a 95% chance the true d is exactly 0.27
D) Because the CI includes small values, there is no difference",A,"d = 0.27 is 'small' by convention. The CI [0.05, 0.48] says effects from tiny (0.05) to nearly medium (0.48) are consistent with the data. The CI doesn't include 0, but the plausible effect is modest at best.","B) 0.27 is small, not large.
C) The CI gives a range; 0.27 is our best estimate, not the truth.
D) The CI excludes 0, so 'no difference' isn't supported.","Read the point estimate first, then the range.",,yes,ch06-book-04,Originally open-ended. Benchmarks from your supplementary table are given in the stem.,"question (made MC), options, explanation, why_wrong, hint",,
ch09-gquiz-05,"Uncertainty group quiz (Oct 5, 2026), Q5 (concept version)",9,"bootstrap, standard error, confidence intervals",MC,We bootstrapped the slope of sepal length on sepal width for Iris versicolor (1000 bootstrap replicates; each replicate's slope is called stat). How would we get the bootstrap standard error and the 95% confidence interval from these 1000 slopes?,"A) SE = standard deviation of the 1000 slopes; 95% CI = their 2.5th and 97.5th percentiles
B) SE = mean of the 1000 slopes; 95% CI = their 5th and 95th percentiles
C) SE = standard deviation of the 1000 slopes; 95% CI = their 5th and 95th percentiles
D) SE = the original slope / √1000; 95% CI = their minimum and maximum",A,"The bootstrap distribution approximates the sampling distribution, so its SD is the SE. A 95% CI leaves 2.5% in each tail, so use the 2.5th and 97.5th percentiles (quantile(stat, 0.025) and quantile(stat, 0.975)).","B) The mean of the replicates is near the estimate itself, not its uncertainty.
C) 5th to 95th percentiles is a 90% interval.
D) The number of replicates isn't the sample size, and min–max isn't a 95% interval.",95% in the middle leaves how much in each tail?,,yes,"ch09-book-08, ch09-chime-07","Original was code fill-in (sd, 0.025, 0.975) plus 'describe what this code does.' Turned into a concept question with no code.","question (rewritten), options, explanation, why_wrong, hint",,
ch09-gquiz-06,"Uncertainty group quiz (Oct 5, 2026), Q6",9,"visualizing uncertainty, variability, error bars",matching,"A study compared the proportion of correct predictions made by professional astrologers vs random guessers (prop_correct).

Two plots show the same data. Plot A: raw points plus each group's mean with error bars. Plot B: raw points plus boxplots.

1. Which plot highlights variability among individuals?
2. Which plot highlights uncertainty in the estimated means?","A) Plot A
B) Plot B","1-B, 2-A","Boxplots summarize the spread of individuals (quartiles, range). Error bars around the means show uncertainty in the estimated means (SE or CI), which is much narrower than the spread of the data.","Error bars are not the spread of the data: they shrink with n, but individual variability doesn't.",What would happen to each summary with 10× as much data?,ch09-gquiz-astrology-plots.png,yes,,"Part 6b ('which do you prefer, why?') is open-ended; left for Socratic mode.","explanation, why_wrong, hint",,
ch09-gquiz-07,"Uncertainty group quiz (Oct 5, 2026), Q7 (optional)",9,"confidence intervals, interpretation",MC,"People often say a 95% CI is 'the interval with a 95% chance of capturing the true parameter.' Statisticians prefer: '95% of confidence intervals from samples of a population will include the true parameter.' The cartoon contrasts archery (target fixed, arrow might hit) with ring toss (true value fixed, ring might land around it). What's the key difference?","A) The probability belongs to the process of making intervals (tossing rings); the true value is fixed, and any single interval either caught it or didn't
B) The true parameter moves around, and the interval might catch it
C) There is no difference; it's just wording
D) 95% CIs are wrong 95% of the time",A,"Like a coin already flipped under a cup: it's heads or tails, not '50% heads.' Before sampling, the method has a 95% chance of catching the parameter. After, your interval is right or wrong. (Whether to police this in everyday speech is a fair debate.)","B) The parameter is fixed (the post in ring toss).
C) It's a real conceptual difference about where the randomness lives.
D) They miss about 5% of the time.","In ring toss, what moves: the post or the ring?",ch09-gquiz-ringtoss.png,yes,ch09-hw-03,Cartoon by @epiellie (Ellie Murray); credit her if it's shown to students. 'Is it worth policing?' is a good Socratic prompt.,"question (made MC), options, explanation, why_wrong, hint",,
ch09-chime-01,"Uncertainty Chime In, Q1",9,sampling distribution,MC,True or false: the sampling distribution is the distribution of values in your sample.,"A) TRUE
B) FALSE",B,"The sampling distribution is the distribution of estimates (e.g., means) across many hypothetical samples. The values in your one sample form the sample distribution.",A) That's the most common mix-up: sample distribution ≠ sampling distribution.,"Values of individuals, or of estimates?",,yes,ch08-hw-02,,"explanation, why_wrong, hint",,
ch09-chime-02,"Uncertainty Chime In, Q2",9,"sampling error, standard error, sample size",select-all,Which of the following will tend to decrease the sampling error in estimates of the mean? (Select all that apply.),"A) A smaller variance
B) A smaller mean (with an equal variance)
C) A larger sample size
D) Unbiased sampling
E) None of these will tend to decrease sampling error","A, C",SE = SD/√n: less variable populations and larger samples both shrink sampling error.,"B) The mean doesn't enter the SE.
D) Unbiased sampling fixes the center, not the spread.
E) Two of these do help: a smaller variance and a larger sample.",Think SE = SD / √n.,,yes,ch08-hw-05,,"explanation, why_wrong, hint",,
ch09-chime-03,"Uncertainty Chime In, Q3",9,"sampling distribution, sampling error",MC,The sampling distribution is a key idea in statistics because we use it to think about (choose the best answer):,"A) Sampling error
B) Sampling bias
C) Non-independence",A,The sampling distribution shows how estimates vary by chance from sample to sample: sampling error.,"B) Bias would shift the sampling distribution, but we can't see bias from it (we don't know the truth).
C) Non-independence is a design problem, not what the sampling distribution describes.",Chance variation among estimates is called…,,yes,ch08-hw-03,,"explanation, why_wrong, hint",,
ch09-chime-04,"Uncertainty Chime In, Q4",9,"standard error, standard deviation, confidence intervals, sample size",select-all,Which will get smaller as the sample size increases? (Select all correct.),"A) The standard deviation
B) The variance
C) The standard error
D) The width of a confidence interval (e.g., upper minus lower 99% CI)","C, D",More data means less uncertainty in estimates: the SE and CI width shrink. The SD and variance describe the population's spread; larger samples estimate them more precisely but don't make them smaller.,A) and B) These estimate a fixed population property; they don't trend downward with n.,"Which of these describe the data, and which describe uncertainty about an estimate?",,yes,ch09-hw-02,,"explanation, why_wrong, hint",,
ch09-chime-05,"Uncertainty Chime In, Q5",9,"bootstrap, sampling distribution",MC,Which can we actually generate from the data in a scientific study?,"A) The sampling distribution
B) The bootstrap distribution
C) Neither
D) Both",B,"We only have one sample, so we can't draw new samples from the population to build the true sampling distribution. We can resample our own data to make a bootstrap distribution, which approximates it.","A) and D) That would require many samples from the population.
C) The bootstrap only needs our one sample.",What would you need in order to build the true sampling distribution?,,yes,,,"explanation, why_wrong, hint",,
ch09-chime-06,"Uncertainty Chime In, Q6",9,"bootstrap, standard error",MC,The bootstrap standard error is the _____ of estimates from many bootstrap replicates.,"A) Mean
B) Standard deviation
C) Upper and lower quantiles
D) Covariance",B,"The SE is the SD of the sampling distribution, and the bootstrap distribution approximates it, so the bootstrap SE is the SD of the bootstrap estimates.","A) The mean of the replicates is close to the original estimate.
C) Quantiles give a confidence interval, not the SE.
D) Covariance involves two variables.",SE = the SD of what?,,yes,ch09-book-08,,"explanation, why_wrong, hint",,
ch09-chime-07,"Uncertainty Chime In, Q7",9,"bootstrap, standard error, standard deviation",MC,The bootstrap standard error of the mean will be _____ the sample standard deviation.,"A) less than
B) greater than
C) equal to
D) not different in any consistent direction from",A,"SE ≈ SD/√n. With any n > 1, the SE is smaller: means vary less than individuals. E.g., Old Faithful waiting times have SD 13.6 min, while the bootstrap SE of the mean is about 0.82 min.",B)–D) Averaging always reduces spread relative to individuals.,Do means vary more or less than individuals?,,yes,ch08-book-05,,"explanation, why_wrong, hint",,
ch09-chime-08,"Uncertainty Chime In, Q8",9,"bootstrap, sampling distribution",MC,True or false: the bootstrap is the only way to approximate a sampling distribution.,"A) TRUE
B) FALSE",B,"Mathematical approaches (e.g., SE = SD/√n with the normal or t distribution) also approximate it. We'll use those later in the course.",A) The bootstrap is one tool among several.,Have you seen a formula for the standard error?,,yes,,,"explanation, why_wrong, hint",,
ch09-chime-09,"Uncertainty Chime In, Q9",9,"confidence intervals, interpretation",select-all,You have correctly calculated a 95% confidence interval from a sample. What is the probability it contains the true population parameter? (Select all correct.),"A) 95%
B) Depends on sample size
C) Depends on standard deviation
D) There is no probability about this; it either did or it didn't",D,"Once the interval is calculated, both it and the parameter are fixed. It caught the parameter or it didn't.","A) 95% is the long-run rate of the method, not the chance for this interval.
B) and C) These affect width, not interpretation.",Before or after the sample was taken?,ch09-gquiz-ringtoss.png,yes,ch09-hw-03,,"explanation, why_wrong, hint",,
ch09-chime-10,"Uncertainty Chime In, Q10",9,"confidence intervals, coverage",MC,You will conduct 100 experiments in your life. What proportion of their 95% confidence intervals do you expect to contain the true parameter being estimated?,"A) 0.95
B) Depends on sample size
C) Depends on standard deviation
D) There is no probability about this; they will or they won't",A,"Looking ahead at many future intervals, the method's 95% success rate applies: expect about 95 of 100 to catch their parameters.","B) and C) These affect width, not coverage.
D) That's true of each finished interval, but this question is about the long-run proportion before they're made.","Are you being asked about one finished interval, or about the long-run proportion of many future intervals?",,yes,ch09-hw-04,,"explanation, why_wrong, hint",,
ch09-book-01,"Book: Uncertainty summary, Q1",9,"sampling distribution, uncertainty",MC,The ___ is the key idea we use to think about uncertainty due to sampling error.,"A) Standard error
B) Standard deviation
C) Sampling distribution
D) Error function
E) Bootstrap distribution",C,"The sampling distribution (the distribution of estimates across samples) is the foundational idea. The SE measures its spread, and the bootstrap approximates it.","A) Close: the SE quantifies uncertainty, but it comes from the sampling distribution.
B) The SD describes individuals.
D) Not a thing here.
E) A tool to approximate the sampling distribution, not the idea itself.",Idea vs measure vs tool.,,yes,ch09-hw-01,,"explanation, why_wrong, hint",,
ch09-book-02,"Book: Uncertainty summary, Q2",9,bootstrap,MC,"For real data, we can use the ___, which we make by sampling ___ replacement, to estimate uncertainty.","A) Bootstrap distribution, with
B) Bootstrap distribution, without
C) Sampling distribution, without
D) Sampling distribution, with",A,"We can't make the true sampling distribution from one dataset, but we can bootstrap: resample our data with replacement.","B) Without replacement, every resample equals the original data.
C) and D) The sampling distribution needs new samples from the population.",Which one can you make from a single dataset?,,yes,ch09-gquiz-02,,"explanation, why_wrong, hint",,
ch09-book-03,"Book: Uncertainty summary, Q3",9,"standard error, confidence intervals, sample size",select-all,Which of these tend to get bigger as sample sizes get smaller? (Select all that apply.),"A) Standard error
B) Standard deviation
C) Mean
D) Confidence interval width","A, D","Uncertainty grows as n shrinks. The mean and SD get less precise with small samples, but they aren't systematically larger.","B) and C) Noisier, not bigger.","Which describe uncertainty, and which describe the data?",,yes,ch09-hw-02,,"explanation, why_wrong, hint",,
ch09-book-04,"Book: Uncertainty summary, Q4",9,"confidence intervals, interpretation",select-all,You calculated a 95% confidence interval from a random sample. What is the probability that the interval captured the true population parameter? (Check all that apply.),"A) There is no probability about this; it either did or it did not
B) 95%
C) It depends on the sample size
D) It depends on the sample standard deviation",A,"Your interval (e.g., 0.108–0.199) and the parameter are both fixed numbers, so the chance part is over.","B) 95% is the method's long-run rate.
C) and D) These change the width, not the interpretation.",Is anything random left?,,yes,ch09-hw-03,,"explanation, why_wrong, hint",,
ch09-book-05,"Book: Uncertainty summary, Q5",9,"confidence intervals, coverage",MC,You know the population parameter. A bunch of friends sample randomly from this population and calculate 95% confidence intervals. What proportion of these intervals will catch the true parameter?,"A) There is no probability about this
B) 95%
C) It depends on the sample size
D) It depends on the sample standard deviation",B,"Across many intervals, about 95% catch the parameter. That's what 95% confidence means.","A) That applies to one finished interval, not the proportion of many.
C) and D) These change width, not coverage.","Many intervals, not one.",,yes,ch09-hw-04,,"explanation, why_wrong, hint",,
ch09-book-06,"Book: Uncertainty summary, Q6",9,"shape of distributions, histograms",MC,"The Old Faithful data have 272 eruptions. The mean waiting time until the next eruption is 70.9 minutes (SD = 13.6).

The histogram shows waiting times. The distribution is:","A) Unimodal
B) Bimodal
C) Symmetric",B,"Two peaks (around 55 and 80 minutes): short waits follow short eruptions, long waits follow long ones.",A) and C) There are two clear humps.,Count the peaks.,ch09-book-faithful-waiting.png,yes,ch05-book-03,,"explanation, why_wrong, hint",,
ch09-book-07,"Book: Uncertainty summary, Q8",9,"bootstrap, sampling distribution, shape of distributions",select-all,"The Old Faithful data have 272 eruptions. The mean waiting time until the next eruption is 70.9 minutes (SD = 13.6).

The plot shows 5000 bootstrap replicates of the mean waiting time. Even though the data are bimodal, the bootstrap distribution is roughly: (select all that apply)","A) Unimodal
B) Bimodal
C) Symmetric","A, C","Averaging smooths out extremes: each resample mixes short and long waits, so the means cluster in one roughly symmetric peak. This previews the central limit theorem. (Picking only 'unimodal' is fine too.)",B) The bimodality of individuals doesn't carry over to means.,"Is this plot of individual waits, or of means?",ch09-book-faithful-boot.png,yes,ch08-book-05,"Book Q7 (compute the mean in R, 70.9) is given in the stem. Bootstrap computed from the faithful data: SE ≈ 0.82.","explanation, why_wrong, hint",,
ch09-book-08,"Book: Uncertainty summary, Q9–10",9,"bootstrap, confidence intervals, standard error",MC,"The Old Faithful data have 272 eruptions. The mean waiting time until the next eruption is 70.9 minutes (SD = 13.6).

In the plot of 5000 bootstrap means, the red dashed lines mark the 0.5th and 99.5th percentiles (about 68.8 and 73.0 minutes). Which statement is correct?","A) The 99% CI for mean waiting time is about 68.8 to 73.0 minutes, and the bootstrap SE is the standard deviation of the 5000 bootstrap means (about 0.82 min)
B) The 95% CI is about 68.8 to 73.0 minutes, and the SE is the mean of the bootstrap distribution
C) The 99% CI is about 68.8 to 73.0 minutes, and the SE is the SD of the original data (13.6 min)
D) 99% of individual waiting times fall between 68.8 and 73.0 minutes",A,The middle 99% of bootstrap estimates (0.5th to 99.5th percentiles) gives the 99% CI. The SE is the spread (SD) of the bootstrap distribution. A 99% CI is wider than a 95% CI (69.3–72.5) from the same data: more confidence costs precision.,"B) The 0.5th–99.5th percentiles give 99%, not 95%, and the SE is an SD, not a mean.
C) 13.6 is the SD among individual waits.
D) The CI is for the mean, not for individuals (which range from about 43 to 96 minutes).",Which percentiles leave 0.5% in each tail? And SE = SD of what?,ch09-book-faithful-boot.png,yes,ch09-chime-06,Merges Q9 (99% CI lower bound = 68.8) and Q10 (SE = SD). Bootstrap run on the faithful data with 5000 reps.,"question (merged, stats given), options, explanation, why_wrong, hint",,
ch10-gquiz-01,"Hypothesis testing quiz A (Oct 7, 2026), Q1",10,"null and alternative hypotheses, two-tailed tests",matching,"Anna (a former TA) noticed that her dog, Calvin, chases both black and gray squirrels, and wants to know if he has a preference. She conducts a two-tailed test.

Which statement is the null hypothesis, and which is the alternative?

1. Null hypothesis
2. Alternative hypothesis","A) Calvin prefers black squirrels
B) Calvin is not equally interested in black and gray squirrels
C) Calvin prefers gray squirrels
D) Calvin is equally interested in black and gray squirrels","1-D, 2-B","The null is the 'nothing interesting' claim: no preference. A two-tailed alternative is simply 'not equal', i.e., a preference in either direction.","A) and C) are one-tailed (directional) alternatives, which don't match a two-tailed test.",Two-tailed: does the alternative pick a direction?,,yes,ch10-book-03,,"explanation, why_wrong, hint",,
ch10-gquiz-02,"Hypothesis testing quiz A (Oct 7, 2026), Q2",10,"confounding, interpreting results",MC,"Anna (a former TA) noticed that her dog, Calvin, chases both black and gray squirrels, and wants to know if he has a preference. She conducts a two-tailed test.

Anna records chases and finds that Calvin chases significantly more gray than black squirrels, so she rejects the null. What is the biggest mistake she made?","A) She is not considering a Bayesian approach
B) She is not considering the confound that Calvin may encounter gray and black squirrels at different frequencies
C) We should never reject the null hypothesis",B,"If gray squirrels are simply more common, Calvin would chase more of them with no preference at all. She has to compare chases to encounters.","A) A Bayesian approach would have the same problem.
C) Rejecting the null is fine when the evidence supports it; the problem is what the null was compared to.",What if there are just more gray squirrels around?,,yes,ch06-hw-05,,"explanation, why_wrong, hint",,
ch10-gquiz-03,"Hypothesis testing quiz A (Oct 7, 2026), Q3",10,"p-values, effect size",MC,"Anna (a former TA) noticed that her dog, Calvin, chases both black and gray squirrels, and wants to know if he has a preference. She conducts a two-tailed test.

Anna fixes the encounter problem and records thousands of encounters over many years. Her p-value is very low (p = 0.001), and she concludes that Calvin has a STRONG preference for gray squirrels. What is her biggest mistake?","A) She is using an arbitrary p-value threshold as a 'bright line' for decision making
B) She is misusing a p-value as a measure of the effect size
C) She is not considering the possibility that this pattern arose by chance",B,"With thousands of observations, even a tiny preference gives a tiny p-value. A small p says the data are hard to explain under the null; it says nothing about how big the preference is. Look at the estimate (e.g., 56% vs 50%).","A) No threshold is involved in her mistake: she jumped from small p to 'strong.'
C) p = 0.001 does address chance.","With huge n, how big must an effect be to give a small p?",,yes,ch10-hw-03,,"explanation, why_wrong, hint",,
ch10-gquiz-04,"Hypothesis testing quiz A (Oct 7, 2026), Q4",10,"p-values, interpretation",MC,"Anna (a former TA) noticed that her dog, Calvin, chases both black and gray squirrels, and wants to know if he has a preference. She conducts a two-tailed test.

Anna's p-value of 0.001 means (pick the best answer):","A) There is a 0.1% chance that Calvin has no preference
B) There is a 0.1% chance that Anna's results are due to chance
C) If Calvin truly had no preference, there would be a 0.1% chance of seeing a difference this large or larger
D) There is a 99.9% chance that Calvin has a preference",C,"A p-value is a probability about data, calculated assuming the null is true: P(data this extreme or more | H0). It is not the probability that the null (or the alternative) is true.","A), B) and D) all flip it into a probability about the hypothesis. That's the prosecutor's fallacy.",A p-value assumes the null is true. Can it then tell you the probability that the null is true?,,yes,"ch10-chime-01, ch10-chime-04",,"explanation, why_wrong, hint",,
ch10-gquiz-05,"Hypothesis testing quiz A (Oct 7, 2026), Q5",10,"non-independence, assumptions",MC,"Anna (a former TA) noticed that her dog, Calvin, chases both black and gray squirrels, and wants to know if he has a preference. She conducts a two-tailed test.

Anna realizes her thousands of observations all came from four families of squirrels: one all white, one all gray, and two mixed. Which assumption does this violate?","A) Normally distributed error
B) Data collected without sampling bias
C) Data collected without sampling error
D) Data collected independently",D,"Chases within a family are related (same squirrels, same places), so she effectively has about four independent units, not thousands. Non-independence makes p-values look far more convincing than they should.","A) Not relevant to this design.
B) It might also be unrepresentative, but the core problem is that the observations are clustered.
C) Sampling error is always present; it's not an assumption.",How many truly independent units does she have?,,yes,ch08-gquiz-02,Original says 'grey' and 'gray' inconsistently; standardized to 'gray'.,"explanation, why_wrong, hint",,
ch10-gquiz-06,"Hypothesis testing quiz A (Oct 7, 2026), Q6",10,"confidence intervals, hypothesis tests",select-all,"Anna (a former TA) noticed that her dog, Calvin, chases both black and gray squirrels, and wants to know if he has a preference. She conducts a two-tailed test.

After correcting for encounter rates, Anna estimates that 56% of Calvin's chases are of gray squirrels, 95% CI: 55.3% to 56.7%. Which statements are true? (Select all.)","A) If Calvin had no preference we'd expect 50%; because 50% is outside the 95% CI, Anna would reject the null at α = 0.05
B) There's a 95% chance that Calvin's true preference is between 55.3% and 56.7%
C) If Anna repeated her study many times, about 95% of the intervals would contain Calvin's true preference
D) If Anna had studied Calvin for half as long, her CI would probably be wider","A, C, D","A 95% CI that excludes the null value corresponds to p < 0.05. The 95% describes the method (C), not this particular interval (B). Less data means a bigger SE and a wider CI (D). Also notice: the preference is real but modest (56% vs 50%).",B) Any one interval either contains the truth or doesn't.,"What does the '95%' describe: this interval, or the method?",,yes,ch09-hw-03,,"explanation, why_wrong, hint",,
ch10-gquiz-07,"Hypothesis testing quiz A (Oct 7, 2026), Q7",10,"p-values, sample size, publication bias",MC,"Two labs are testing the efficacy of a new heart disease medication:
• Lab 1 runs a small pilot study, reports a very large and significant effect (P = 0.02), and publicizes it in the New York Times.
• Lab 2 runs a larger study, finds basically no effect, and fails to reject the null (P = 0.83).

Which conclusion is more likely?","A) The medicine has either a weak effect or no effect
B) The medicine has a very strong effect
C) The medicine has a real but modest effect
D) Both hypotheses are equally likely",A,"Small studies are noisy, and when they do reach significance their estimates tend to be exaggerated (the 'winner's curse'), and those are the results that make the news. The larger, more precise study found nothing.","B) One small, noisy study shouldn't outweigh a large one.
C) Neither study shows a modest effect.
D) The larger study carries more weight.",Which study has the smaller standard error?,,yes,ch10-gquiz-08,The 'explain' part is in the open-ended bank (O-10-01).,"explanation, why_wrong, hint",,
ch10-gquiz-08,"Hypothesis testing quiz A (Oct 7, 2026), Q8",10,"p-values, sample size, power",MC,"Two labs are testing the efficacy of a new heart disease medication:
• Lab 1 runs a small pilot study, finds a modest, non-significant effect (P = 0.35), and gives up on the drug.
• Lab 2 runs a larger study, finds a very similar modest effect, and rejects the null (P ≪ 0.05).

Which conclusion is more likely?","A) The medicine has either a weak effect or no effect
B) The medicine has a very strong effect
C) The medicine has a real but modest effect
D) Both hypotheses are equally likely",C,"Both labs estimated a similar, modest effect. The small study just lacked the power to detect it (its CI was wide and included 0). Non-significant ≠ no effect.","A) Lab 1's p = 0.35 doesn't show there's no effect.
B) Both estimates are modest.
D) The two studies agree on the size of the effect.","Compare the estimated effects, not the p-values.",,yes,ch10-gquiz-07,The 'explain' part is in the open-ended bank (O-10-02).,"explanation, why_wrong, hint",,
ch10-hw-01,"NHST homework, Q1",10,null and alternative hypotheses,MC,Which of the following statements is most appropriate as an ALTERNATIVE hypothesis?,"A) After a drought reduced the supply of small, soft seeds, the average beak depth of medium ground finches was greater than before the drought, as larger beaks were needed to crack the remaining large, hard seeds
B) The average beak depth of medium ground finches was the same before and after a drought that reduced the supply of small, soft seeds
C) After the drought, the average beak depth of medium ground finches increased by exactly 0.5 mm compared to the pre-drought population",A,"An alternative hypothesis states that there is a difference (here, a larger beak depth).","B) 'The same' is the null.
C) Hypotheses aren't usually 'exactly 0.5 mm'; a specific value is something you'd test against, not a typical alternative.",The null says 'no difference.' What does the alternative say?,,yes,ch10-book-01,,"explanation, why_wrong, hint",,
ch10-hw-02,"NHST homework, Q2",10,one- vs two-tailed tests,MC,"Consider this alternative hypothesis: 'After the drought, the average beak depth of medium ground finches was GREATER than before the drought.' Is it one-tailed or two-tailed?","A) One-tailed
B) Two-tailed",A,"It specifies a direction (greater), so it's one-tailed. A two-tailed alternative would say 'different' (either direction). The book recommends two-tailed tests unless there's a strong reason otherwise.",B) A two-tailed alternative doesn't choose a direction.,Does the alternative pick a direction?,,yes,,Stem restates the alternative so the question stands alone.,"question (made self-contained), explanation, why_wrong, hint",,
ch10-hw-03,"NHST homework, Q3",10,"p-values, sample size, effect size",MC,Which statement best explains why very large studies sometimes detect 'significant' effects that are practically meaningless?,"A) Because with large N, even tiny differences become statistically detectable
B) Because large studies have biased estimators
C) Because large studies violate null assumptions more often",A,"The SE shrinks with √n, so with huge samples even a trivially small (but nonzero) effect yields a small p-value. Statistical significance ≠ practical importance; look at the effect size.","B) Large studies aren't more biased.
C) Sample size doesn't change whether the null is true.",What happens to the SE as n grows?,,yes,ch10-gquiz-03,,"explanation, why_wrong, hint",,
ch10-hw-04,"NHST homework, Q4",10,"type I error, p-values, sample size",MC,"Two well-designed studies test the same null hypothesis. Study A has 20 participants; Study B has 2,000. If the null hypothesis is actually TRUE, which study is more likely to get a 'statistically significant' result (p < 0.05) just by chance?","A) Study A (20 participants)
B) Study B (2,000 participants)
C) Both are equally likely",C,"When the null is true, p-values are equally likely to fall anywhere, so P(p < 0.05) = 0.05 regardless of sample size. That's what α means: the false-positive rate is set by the threshold, not by n.","A) and B) Sample size affects power (the chance of detecting a real effect), not the false-positive rate when the null is true.","If the null is true, what is P(p < α)?",,yes,ch10-book-02,,"explanation, why_wrong, hint",,
ch10-hw-05,"NHST homework, Q5",10,"p-values, null distribution",numeric,"Can parents identify their own children by smell? In Porter and Moore (1981), each of nine mothers was given her own child's worn T-shirt and one from another randomly chosen child, and asked to pick her own. Use a two-sided test with α = 0.05. The plot shows the probability of each number of correct guesses (0–9) if mothers were just guessing (the null distribution):

correct | 0 | 1 | 2 | 3 | 4 | 5 | 6 | 7 | 8 | 9
probability | 0.002 | 0.018 | 0.07 | 0.164 | 0.246 | 0.246 | 0.164 | 0.07 | 0.018 | 0.002

Suppose 7 of 9 mothers identified their children correctly. Use the probabilities to estimate the (two-sided) P-value.",,≈ 0.18,"Add up the probabilities of results at least as extreme as 7, in both tails: P(7, 8 or 9) = 0.07 + 0.018 + 0.002 = 0.09; doubled for two sides = 0.18 (exact: 0.1797).",Common mistakes: using only P(7) = 0.07; forgetting to double for a two-sided test (0.09); or counting only one tail.,"'As or more extreme' in BOTH directions: 7, 8, 9 and 2, 1, 0.",ch10-smell-null-dist.png,yes,ch10-book-04,The image has no title; the stem explains what the bars are.,"explanation, why_wrong, hint",,
ch10-hw-06,"NHST homework, Q6–7",10,"hypothesis testing decisions, interpretation",MC,"Can parents identify their own children by smell? In Porter and Moore (1981), each of nine mothers was given her own child's worn T-shirt and one from another randomly chosen child, and asked to pick her own. Use a two-sided test with α = 0.05. The plot shows the probability of each number of correct guesses (0–9) if mothers were just guessing (the null distribution):

correct | 0 | 1 | 2 | 3 | 4 | 5 | 6 | 7 | 8 | 9
probability | 0.002 | 0.018 | 0.07 | 0.164 | 0.246 | 0.246 | 0.164 | 0.07 | 0.018 | 0.002

With 7 of 9 correct, the two-sided P-value is about 0.18. What do we do with the null hypothesis, and what do we know about whether it's true?","A) Fail to reject it; we don't have enough information to say whether it's true or false
B) Reject it; it is false
C) Accept it; it is true
D) Fail to reject it; it has an 18% chance of being true",A,"0.18 > 0.05, so we fail to reject. That does not make the null true (we never 'accept' it): with only 9 mothers we have little power. And the p-value isn't the probability that the null is true.","B) p > α.
C) Failing to reject ≠ accepting.
D) The p-value is P(data | H0), not P(H0 | data).",Compare p to α. Then: can a p-value tell you the probability the null is true?,ch10-smell-null-dist.png,yes,ch10-book-05,Homework Q6 and Q7 merged.,"question (merged), options, explanation, why_wrong, hint",ch10-hw-05,
ch10-hw-07,"NHST homework, Q8",10,"prosecutor's fallacy, p-values",MC,The prosecutor's fallacy is the error of:,"A) Assuming all evidence is independent
B) Assuming sampling error is zero
C) Using p < 0.05 as proof of the alternative
D) Confusing the probability of the evidence under a hypothesis with the probability that the hypothesis is true given the evidence",D,"P(evidence | innocent) is not P(innocent | evidence). In statistics: a p-value is P(data | H0), not P(H0 | data).","A)–C) Real problems, but not this fallacy.",Which way does the 'given' go?,,yes,ch10-book-06,,"explanation, why_wrong, hint",,
ch10-chime-01,"NHST Chime In, Q1",10,"p-values, interpretation",TF,TRUE or FALSE: A p-value is the probability that the data (or something more extreme) were generated by the null hypothesis.,"A) TRUE
B) FALSE",B,"This sounds close but flips the conditional. The p-value is the probability of data this extreme IF the null is true, i.e., P(data | H0). 'The probability the data were generated by the null' is a statement about the null given the data, i.e., P(H0 | data).",A) The wording slips from 'assuming the null' to 'the chance the null did it.',"Is the null assumed, or is it what we're assigning a probability to?",,yes,ch10-gquiz-04,"Subtle wording; students may split on it, which is the point. The practice exam Q9 has a similar option ('a 1% chance the null generated our data'). Check that both keys agree. The 'why' follow-up is in the open-ended bank (O-10-04).","explanation, why_wrong, hint",,
ch10-chime-02,"NHST Chime In, Q2",10,"power, type II error",select-all,"We reject the null hypothesis when P < α (by custom 0.05). Assuming the null is FALSE, what's the probability we fail to reject it? (Pick all correct.)","A) 0.95
B) 0.05
C) Depends on effect size
D) Depends on sample size","C, D",Failing to reject a false null is a type II error. Its probability (1 − power) depends on how big the true effect is and how much data we have.,A) and B) Fixed numbers like these apply only when the null is true.,What makes a real effect easier to detect?,,yes,"ch10-chime-03, ch10-book-02",,"explanation, why_wrong, hint",,
ch10-chime-03,"NHST Chime In, Q3",10,"type I error, alpha",select-all,"We reject the null hypothesis when P < α (by custom 0.05). Assuming the null is TRUE, what's the probability we fail to reject it? (Pick all correct.)","A) 0.95
B) 0.05
C) Depends on effect size
D) Depends on sample size",A,"If the null is true, we wrongly reject it with probability α = 0.05, so we (correctly) fail to reject with probability 0.95, whatever the sample size. There's no effect, so effect size is irrelevant.","B) That's the probability of rejecting (a type I error).
C) and D) With a true null, the false-positive rate is set by α alone.","If the null is true, how often is p < 0.05?",,yes,ch10-hw-04,,"explanation, why_wrong, hint",,
ch10-chime-04,"NHST Chime In, Q4",10,"p-values, interpretation",MC,Spot the flaw: researchers found a highly significant (p = 0.01) shift toward more daughters among radiologists compared with the general population. A newspaper wrote: 'this is highly significant as there is only a one percent probability the results were due to chance.' Which misinterpretation is this?,"A) It misinterprets a P-value as the probability that the null hypothesis is true
B) It tells a causal story while ignoring confounds
C) It ignores sampling error
D) It incorrectly uses the p-value as a measure of the size of an effect",A,'1% probability the results were due to chance' means '1% chance the null is true.' But a p-value is the probability of results this extreme IF the null were true.,"B) No causal story is told.
C) The p-value does address sampling error.
D) Nothing is said about how big the shift is.",Rephrase 'due to chance' in terms of the null hypothesis.,,yes,ch10-gquiz-04,,"explanation, why_wrong, hint",,
ch10-chime-05,"NHST Chime In, Q5",10,"correlation vs causation, confounding",MC,Spot the flaw: Scottish researchers compared depression rates between 94 undergraduates who regularly kept diaries and 41 who did not. Diary-keepers were more likely to be depressed. The researchers said: 'You are probably much better off if you don't write anything at all.' Why is this an incorrect interpretation?,"A) It misinterprets a P-value as the probability that the null hypothesis is true
B) It tells a causal story while ignoring confounds
C) It ignores sampling error
D) It incorrectly uses the p-value as a measure of the size of an effect",B,"This is an observational study. People who are struggling may be more likely to keep diaries (reverse causation or confounding), so it doesn't show that writing causes depression.","A), C) and D) No p-value is misinterpreted here; the problem is the causal leap.",Was diary-keeping assigned at random?,,yes,ch06-hw-05,,"explanation, why_wrong, hint",,
ch10-book-01,"Book: NHST summary, Q1",10,null and alternative hypotheses,MC,Which statement is most appropriate as a NULL hypothesis?,"A) The number of hours grade school children spend doing homework predicts their future success on standardized tests
B) King cheetahs on average run the same speed as standard spotted cheetahs
C) The mean length of African elephant tusks has changed over the last 100 years",B,A null hypothesis states 'no difference' or 'no association.',A) and C) claim an effect or a change; those are alternatives.,Which one says 'nothing is going on'?,,yes,ch10-hw-01,,"explanation, why_wrong, hint",,
ch10-book-02,"Book: NHST summary, Q2–3",10,"type I error, power, sample size",matching,"Compare a study with a large sample to a study with a small sample.

1. If the null hypothesis is TRUE, the larger study is ____ likely to get P < 0.05.
2. If the null hypothesis is FALSE, the larger study is ____ likely to get P < 0.05.","A) more
B) less
C) equally","1-C, 2-A","If the null is true, P < 0.05 happens 5% of the time regardless of n (that's α). If the null is false, bigger samples have more power, so they're more likely to detect the real effect.","Sample size changes power, not the false-positive rate.",α is set by you; power grows with n.,,yes,"ch10-hw-04, ch10-chime-02",Book Q2 and Q3 merged.,"question (merged), explanation, why_wrong, hint",,
ch10-book-03,"Book: NHST summary, Q4–5",10,"null and alternative hypotheses, two-tailed tests",matching,"In the T-shirt smell study, nine mothers each tried to pick their own child's shirt from two. Using a two-tailed test:

1. The null hypothesis is ____
2. The alternative hypothesis is ____","A) Mothers correctly guess their children's shirts half of the time
B) Mothers correctly guess half of the time or less
C) Mothers correctly guess more than half of the time
D) Mothers do not correctly guess half of the time","1-A, 2-D","Null: just guessing (50%). Two-tailed alternative: not 50%, whether better or worse.",B) and C) are one-tailed versions.,Two-tailed means the alternative doesn't pick a direction.,,yes,ch10-gquiz-01,Book Q4 and Q5 merged.,"question (merged), explanation, why_wrong, hint",,
ch10-book-04,"Book: NHST summary, Q6",10,"p-values, null distribution",numeric,"Can parents identify their own children by smell? In Porter and Moore (1981), each of nine mothers was given her own child's worn T-shirt and one from another randomly chosen child, and asked to pick her own. Use a two-sided test with α = 0.05. The plot shows the probability of each number of correct guesses (0–9) if mothers were just guessing (the null distribution):

correct | 0 | 1 | 2 | 3 | 4 | 5 | 6 | 7 | 8 | 9
probability | 0.002 | 0.018 | 0.07 | 0.164 | 0.246 | 0.246 | 0.164 | 0.07 | 0.018 | 0.002

In the actual study, 8 of 9 mothers identified their children correctly. Use the probabilities to estimate the two-sided P-value.",,≈ 0.04,"As or more extreme than 8, in both tails: (0.018 + 0.002) + (0.018 + 0.002) = 0.04 (exact: 0.039).",Common mistakes: using only P(8) = 0.018; using one tail (0.02); including 7 (0.07).,"Include 8 and 9, plus the mirror image 1 and 0.",ch10-smell-null-dist.png,yes,ch10-hw-05,,"explanation, why_wrong, hint",,
ch10-book-05,"Book: NHST summary, Q7–8",10,"hypothesis testing decisions, interpretation",MC,"Can parents identify their own children by smell? In Porter and Moore (1981), each of nine mothers was given her own child's worn T-shirt and one from another randomly chosen child, and asked to pick her own. Use a two-sided test with α = 0.05. The plot shows the probability of each number of correct guesses (0–9) if mothers were just guessing (the null distribution):

correct | 0 | 1 | 2 | 3 | 4 | 5 | 6 | 7 | 8 | 9
probability | 0.002 | 0.018 | 0.07 | 0.164 | 0.246 | 0.246 | 0.164 | 0.07 | 0.018 | 0.002

With 8 of 9 correct, the P-value is about 0.04. What do we do with the null, and what do we know about it?","A) Reject it; but we need more information to know whether it's actually true or false
B) Reject it; it is false
C) Reject it; it has a 4% chance of being true
D) Fail to reject it; not enough information",A,"p = 0.04 < 0.05, so we reject. But rejecting doesn't prove the null is false (we could be making a type I error), and the p-value isn't the probability that the null is true.","B) Rejecting isn't proof.
C) That's the prosecutor's fallacy: P(data | H0) ≠ P(H0 | data).
D) p < α.",Compare p to α. Then: what does a p-value NOT tell you?,ch10-smell-null-dist.png,yes,ch10-hw-06,Book Q7 and Q8 merged.,"question (merged), options, explanation, why_wrong, hint",ch10-book-04,
ch10-book-06,"Book: NHST summary, Q9",10,prosecutor's fallacy,MC,The prosecutor's fallacy is the mistaken thought that arises from assuming that:,"A) People are innocent until proven guilty
B) People are guilty until proven innocent
C) Data are collected without sampling error
D) The probability of the model given the data is the probability of the data given the model
E) All evidence in a criminal case is independent and collected without bias",D,P(model | data) ≠ P(data | model). A p-value is P(data | H0); treating it as P(H0 | data) is the fallacy.,A)–C) and E) aren't what the fallacy is about.,Which way does the 'given' go?,,yes,ch10-hw-07,,"explanation, why_wrong, hint",,
ch11-hw-01,"Permutation homework, Q1",11,permutation,matching,"In each permutation replicate, are these TRUE or FALSE?

1. The overall mean of the response variable is identical
2. The association between explanatory and response variables is kept constant
3. Some observations may be duplicated while others are omitted","A) TRUE
B) FALSE","1-A, 2-B, 3-B","Permutation shuffles labels (or one variable) relative to the other, using every observation exactly once. So the overall mean never changes, but the association is broken at random. Duplicating or omitting observations is what the bootstrap does.","2: Keeping the association would defeat the purpose; shuffling is meant to destroy it.
3: That describes resampling with replacement (the bootstrap).","Shuffling labels: does any number change, appear twice, or disappear?",,yes,"ch11-book-01, ch11-book-02",,"explanation, why_wrong, hint",,
ch11-hw-02,"Permutation homework, Q2",11,bootstrap,select-all,Select all true characteristics of bootstrapping:,"A) Bootstrapping samples with replacement to mimic repeated sampling from the population
B) Bootstrapping requires a clear null hypothesis",A,The bootstrap resamples the data with replacement to approximate the sampling distribution and estimate uncertainty. It doesn't involve a null hypothesis; permutation does.,"B) A null hypothesis is needed for permutation tests, not the bootstrap.","Which method is for uncertainty, and which is for testing?",,yes,ch09-gquiz-02,,"explanation, why_wrong, hint",,
ch11-hw-03,"Permutation homework, Q3",11,"permutation, null distribution",matching,Fill in the blanks: (1) ____ takes individuals in our sample and breaks the connection between the explanatory and response variable to (2) ____.,"A) Bootstrapping
B) Permutation
C) The sampling distribution
D) approximate the sampling distribution for the association, by treating our sample as if it represented the population
E) approximate the null sampling distribution for the association, by breaking the actual association between explanatory and response variables","1-B, 2-E","Shuffling one variable relative to the other destroys any real association, leaving only what chance would produce: the null distribution.","A) with D) describes the bootstrap, which keeps the association.",Which method 'breaks the connection'?,,yes,ch11-chime-03,,"explanation, why_wrong, hint",,
ch11-hw-04,"Permutation homework, Q5",11,"scatterplots, associations",MC,"Clarkia RILs planted at Sawmill Road (SR; n = 113 plants). We ask whether petal area is associated with the proportion of hybrid seed. The observed correlation is r = 0.24. Panel A shows 5000 bootstrap replicates of r (red dashed lines: 2.5th and 97.5th percentiles, about 0.08 and 0.39). Panel B shows 5000 permuted replicates of r (solid blue line: observed r; dotted line: −r).

Looking at the scatterplot (with best-fit line), it looks like:","A) Plants with larger petals make more hybrids
B) Plants with larger petals make fewer hybrids
C) There is no obvious association between petal area and proportion hybrid",A,"The line slopes upward: plants with larger petals tend to have a higher proportion of hybrid seed. It's a weak, noisy association (r = 0.24), but it is positive.","B) The slope is positive.
C) It's weak, but the line clearly tilts up.",Which way does the line tilt?,ch11-hw-sr-scatter.png,yes,ch07-book-01,"HW Q4 (fill in the ggplot code: petal_area_mm, point, smooth) was dropped as code memorization; the plot is shown instead. HW Q6 (compute r in R) is given in the stem.","question (plot given), explanation, why_wrong, hint",,
ch11-hw-05,"Permutation homework, Q7",11,"bootstrap, confidence intervals, correlation",select-all,"Clarkia RILs planted at Sawmill Road (SR; n = 113 plants). We ask whether petal area is associated with the proportion of hybrid seed. The observed correlation is r = 0.24. Panel A shows 5000 bootstrap replicates of r (red dashed lines: 2.5th and 97.5th percentiles, about 0.08 and 0.39). Panel B shows 5000 permuted replicates of r (solid blue line: observed r; dotted line: −r).

Using Panel A, which values are within the 95% confidence interval for the correlation? (Select all correct.)","A) 0.00
B) 0.05
C) 0.10
D) 0.15
E) 0.20
F) 0.25","C, D, E, F","The bootstrap 95% CI runs from the 2.5th to the 97.5th percentile, about 0.08 to 0.39. 0.10–0.25 are inside; 0 and 0.05 are below the lower bound.",A) and B) Both are below about 0.08.,Read the red dashed lines.,ch11-hw-sr-boot-perm.png,yes,ch09-book-08,Computed from the SR data in Python (5000 bootstrap reps: CI ≈ 0.079–0.385). R's answer will differ slightly; 0.05 and 0.10 are the values closest to the lower bound.,"question (CI shown in plot), explanation, why_wrong, hint",,
ch11-hw-06,"Permutation homework, Q8",11,"confidence intervals, interpretation",MC,"Clarkia RILs planted at Sawmill Road (SR; n = 113 plants). We ask whether petal area is associated with the proportion of hybrid seed. The observed correlation is r = 0.24. A bootstrap gave a 95% confidence interval for the correlation of about 0.08 to 0.39.

Which statement best describes the 95% confidence interval for the correlation?","A) There is a 95% probability that the true correlation falls inside this one interval
B) The true correlation will definitely be inside this interval
C) If we repeated this study many times and built a 95% CI each time, about 95% of those intervals would contain the true correlation",C,"The 95% describes the method's long-run success rate, not this particular interval.","A) This interval either contains the truth or doesn't.
B) About 5% of intervals miss.","Ring toss, not archery.",,yes,ch09-hw-03,,"explanation, why_wrong, hint",,
ch11-hw-07,"Permutation homework, Q9–10",11,"permutation, p-values, hypothesis testing decisions",MC,"Clarkia RILs planted at Sawmill Road (SR; n = 113 plants). We ask whether petal area is associated with the proportion of hybrid seed. The observed correlation is r = 0.24. Panel A shows 5000 bootstrap replicates of r (red dashed lines: 2.5th and 97.5th percentiles, about 0.08 and 0.39). Panel B shows 5000 permuted replicates of r (solid blue line: observed r; dotted line: −r).

Using Panel B: about 1% of permuted correlations are as or more extreme (in either direction) than the observed r = 0.24. What is the p-value, and what do we do with the null?","A) p ≈ 0.01; reject the null
B) p ≈ 0.01; accept the alternative and know the null is false
C) p ≈ 0.99; fail to reject the null
D) p ≈ 0.01; the chance the null is true is 1%",A,"The two-sided p-value is the proportion of permuted r's at least as extreme as ±0.24, about 0.01 (52 of 5000). Since 0.01 < 0.05, we reject the null. We don't KNOW the null is false, and p isn't the probability the null is true.","B) Rejecting isn't proof.
C) 0.99 is the proportion LESS extreme.
D) That's the prosecutor's fallacy.","Count what's beyond the blue lines, on both sides.",ch11-hw-sr-boot-perm.png,yes,ch10-hw-06,"Computed: p ≈ 0.010 (52/5000, two-sided). R's value will differ slightly. HW Q10's option 'fail to accept the null' is odd wording; the key here is just 'reject.'","question (merged, p shown), options, explanation, why_wrong, hint",,
ch11-hw-08,"Permutation homework, Q11",11,"permutation, non-independence, blocking",MC,"An agronomist wants to know whether soil type affects sunflower seedling growth. She plants seedlings in either 'clay' or 'sandy' soil in several garden beds (each bed has both soil types). Seedlings in the same bed share a microclimate, so they are not independent. How should she permute?","A) Shuffle all soil-type labels across all seedlings from all beds
B) Shuffle all garden bed labels across all seedlings from all soil types
C) Shuffle soil-type labels only among seedlings within each bed
D) The data cannot be permuted because the design is blocked",C,"Shuffling within beds breaks the soil–growth link while keeping the bed structure intact, so the null distribution respects the non-independence.","A) Ignores beds: it mixes bed effects into the null.
B) Bed isn't the treatment.
D) Blocked designs can be permuted, just within blocks.",What structure should the shuffle preserve?,,yes,,,"explanation, why_wrong, hint",,
ch11-chime-01,"Permutation Chime In, Q1",11,"permutation, assumptions",select-all,The permutation test assumes that samples are collected (choose all correct):,"A) without sampling error
B) without bias
C) independently (though non-independence can be incorporated)
D) generating a null hypothesis","B, C","Like other tests, permutation assumes unbiased, independent data. Non-independence can be handled by shuffling within groups (e.g., within beds).","A) Sampling error is exactly what the test accounts for.
D) Not an assumption about data collection.",What can't shuffling fix?,,yes,ch11-hw-08,,"explanation, why_wrong, hint",,
ch11-chime-02,"Permutation Chime In, Q2",11,"permutation, null distribution",MC,The idea of the permutation test is to 'shuffle' the treatments so as to remove what from the data?,"A) outliers
B) sampling error
C) bias in our sampling
D) an actual association",D,"Shuffling destroys any real association, so the permuted data show what the null (no association) would produce.",A)–C) Shuffling doesn't remove these.,Why do we want data with no association?,,yes,ch11-hw-03,,"explanation, why_wrong, hint",,
ch11-chime-03,"Permutation Chime In, Q3–8",11,"bootstrap, permutation",matching,"The permutation and the bootstrap both use our data to approximate a sampling distribution.

1. The bootstrap aims to approximate the ____
2. Permutation aims to approximate the ____
3. In bootstrapping we ____ to ____
4. In permuting we ____ to ____","A) null sampling distribution
B) sampling distribution that generated our data
C) resample with replacement, to estimate uncertainty
D) shuffle associations, to test a hypothesis","1-B, 2-A, 3-C, 4-D","Bootstrap: resample with replacement, approximate the sampling distribution around our estimate, and get an SE or CI. Permutation: shuffle to break the association, approximate the null distribution, and get a p-value.",Swapping them is the key confusion this question targets.,"Which one keeps the association, and which one breaks it?",,yes,"ch11-book-01, ch11-hw-03",Six Chime In items merged into one matching question.,"question (merged), explanation, why_wrong, hint",,
ch11-chime-04,"Permutation Chime In, lineup",11,"permutation, null distribution, p-values",MC,"Permutation eye-test: the plot shows 20 panels of 'whole animal resistance' for two localities (Benton vs Warrenton). One panel is the real data; the other 19 were made by shuffling the locality labels.

Which panel do you think is the real data?","A) 1
B) 7
C) 13
D) 18
E) 20",D,"Panel 18 stands out: nearly every Benton point is higher than every Warrenton point, with non-overlapping intervals. The shuffled panels mostly show small, random differences.","The other panels look like shuffled data: differences go in both directions and the intervals overlap.
A), B), C) and E) In these panels the groups overlap, and the differences could easily come from shuffling.",Which panel looks least like the others?,ch11-chime-lineup.png,yes,,"Your Chime In was a heatmap with no stated key. I keyed panel 18 as the real data. Please confirm. If a different panel is real, the 'easy to spot' framing changes.","options, explanation, why_wrong, hint",,
ch11-chime-05,"Permutation Chime In, p-value and conclusion",11,"permutation, p-values, interpretation",MC,"Permutation eye-test: the plot shows 20 panels of 'whole animal resistance' for two localities (Benton vs Warrenton). One panel is the real data; the other 19 were made by shuffling the locality labels.

Suppose you (and most of the class) could pick out the real data from the line-up of 20. Roughly what does that suggest about the p-value, and what does it mean?","A) p is about 1/20 = 0.05 or less: if the null were true, the real data would be just one more random-looking panel. We reject the null, meaning the null rarely generates data like ours
B) p is about 0.95; we accept the null
C) p is about 0.05, so the null is false
D) We can't say anything about the p-value from a line-up",A,"If the null were true, the real panel would look like any shuffled panel, so you'd pick it only 1 time in 20 by luck. Picking it reliably means data like ours are rare under the null (p ≲ 0.05). That's evidence against the null, but it doesn't prove the null false.","B) Picking it out means it's unusual, not typical.
C) Rejecting ≠ knowing the null is false.
D) This is exactly the logic of a permutation test.","If the null were true, what's the chance of picking the real panel by luck?",ch11-chime-lineup.png,yes,,"Merges the 'guesstimate the p-value', 'what do we do to the null' and 'this means the null is…' Chime In items. The CI 'guesstimate' items were skipped because they need data that isn't shown.","question (merged), options, explanation, why_wrong, hint",,
ch11-book-01,"Book: Shuffling summary, Q1–3",11,"bootstrap, permutation",matching,"Which method (bootstrap, permutation, both, or neither):

1. keeps the overall mean of the entire dataset identical in every replicate?
2. generates a confidence interval by simulating sampling error around an observed statistic?
3. is mainly used to generate a p-value by simulating a null hypothesis?","A) Bootstrap
B) Permutation
C) Both
D) Neither","1-B, 2-A, 3-B","Permutation only shuffles labels, so the overall mean never changes, and it simulates the null to produce p-values. The bootstrap resamples with replacement, so values (and the overall mean) change, and it is used to estimate uncertainty (CIs).",The bootstrap changes which values appear; permutation never does.,Shuffle vs resample.,,yes,"ch11-hw-01, ch11-chime-03",Book Q1–3 merged.,"question (merged), explanation, why_wrong, hint",,
ch11-book-02,"Book: Shuffling summary, Q4–5",11,"bootstrap, permutation, null distribution",matching,"Adelie penguins from Torgersen island (23 males, 24 females). Males are 639 g heavier on average. One plot shows 5000 bootstrap replicates of the male − female difference, and the other shows 5000 permutations (blue line = observed 639 g).

For each statement, which method makes it true?

1. The overall mean body mass is identical in every replicate
2. The male mean body mass is identical in every replicate
3. The distribution of the sex difference is centered around the original estimate (639 g)
4. The distribution of the sex difference is centered around the null value (0)","A) Bootstrap
B) Permutation
C) Both
D) Neither","1-B, 2-D, 3-A, 4-B","Permutation: same numbers reshuffled, so the overall mean is fixed, the male mean changes, and the distribution is centered at 0. Bootstrap: values resampled, so all the means vary, and the distribution is centered near the observed 639 g.","2: Neither method keeps the male mean fixed. Shuffling changes which values are labeled male, and resampling changes the values themselves.",Where is each histogram centered?,ch11-book-penguin-boot-perm.png,yes,ch11-book-01,"Book Q4–5 (8 true/false items) merged into one matching question; plot added (Distribution 1 = permutation, Distribution 2 = bootstrap).","question (merged), options, explanation, why_wrong, hint",,
ch11-book-03,"Book: Shuffling summary, plot ID (new)",11,"bootstrap, permutation, null distribution",matching,"Adelie penguins from Torgersen island (23 males, 24 females). Males are 639 g heavier on average. One plot shows 5000 bootstrap replicates of the male − female difference, and the other shows 5000 permutations (blue line = observed 639 g).

1. Which plot is the permutation (null) distribution?
2. Which plot is the bootstrap distribution?","A) Distribution 1
B) Distribution 2","1-A, 2-B","Distribution 1 is centered at 0 (the null), and the observed 639 g is far outside it, so it's the permutation. Distribution 2 is centered on the observed 639 g, so it's the bootstrap.",Look at the centers: the null value vs the estimate.,Where is each one centered?,ch11-book-penguin-boot-perm.png,yes,ch11-book-02,New question built from the plot.,all (new question),,
ch11-book-04,"Book: Shuffling summary, Q8 (concept version)",11,"bootstrap, confidence intervals",MC,"Adelie penguins from Torgersen island (23 males, 24 females). Males are 639 g heavier on average. One plot shows 5000 bootstrap replicates of the male − female difference, and the other shows 5000 permutations (blue line = observed 639 g).

The 2.5th and 97.5th percentiles of the bootstrap distribution are about 458 and 817 g. What is the 95% CI for the sex difference, and how do you read it?","A) About 458 to 817 g: a range of plausible values for the true male − female difference
B) About 458 to 817 g: 95% of individual males are in this range
C) About −450 to 450 g, from the permutation distribution
D) 639 ± 1.96 g",A,The middle 95% of bootstrap estimates gives the CI: males are plausibly about 460–820 g heavier on average. (The book's answer for the lower bound is 455; random resampling gives slightly different values each run.),"B) The CI is about the mean difference, not individuals.
C) The permutation distribution is centered on 0; it's for testing, not CIs.
D) That uses the wrong spread.",CI = middle 95% of which distribution?,ch11-book-penguin-boot-perm.png,yes,ch11-hw-05,Book Q6–7 (compute the difference in R; fill in infer code) dropped as code-heavy; 639 g is given in the stem. Computed here: CI ≈ 458–817 (book: lower bound 455).,"question (rewritten), options, explanation, why_wrong, hint",,
ch11-book-05,"Book: Shuffling summary, Q9–10",11,null and alternative hypotheses,matching,"Adelie penguins from Torgersen island (23 males, 24 females). Males are 639 g heavier on average.

1. What is the null hypothesis?
2. What is the (two-tailed) alternative hypothesis?","A) Male Adelie penguins are heavier, on average, than females
B) There is no difference in mean body mass between male and female Adelie penguins
C) There is a difference in mean body mass between male and female Adelie penguins
D) The observed difference in our sample is zero","1-B, 2-C","Hypotheses are about the population means, not the sample. Null: no difference. Two-tailed alternative: some difference.","A) One-tailed.
D) Hypotheses are about the population, not our sample (whose difference is 639, not 0).",Population or sample? Direction or no direction?,,yes,ch10-book-03,Book Q9–10 merged.,"question (merged), explanation, why_wrong, hint",,
ch11-book-06,"Book: Shuffling summary, Q11–12",11,"permutation, p-values, reporting",MC,"Adelie penguins from Torgersen island (23 males, 24 females). Males are 639 g heavier on average. One plot shows 5000 bootstrap replicates of the male − female difference, and the other shows 5000 permutations (blue line = observed 639 g).

In the permutation distribution, none of the 5000 permuted differences was as extreme as 639 g (the largest was about 450 g). How should you report the p-value, and what do you do with the null?","A) p < 3/5000 (about 0.0006); reject the null
B) p = 0; the null is impossible
C) p = 0; reject the null
D) p > 0.05; fail to reject",A,"A true p-value is never exactly 0. Zero out of 5000 permutations means p is small but unknown; a common rule of thumb reports p < 3/reps. Either way, we reject the null.","B) and C) A simulated 0 just means we didn't run enough permutations to see such an extreme value.
D) Nothing in the null distribution comes close.",Can a p-value really be 0?,ch11-book-penguin-boot-perm.png,yes,,Merges book Q11 (report p) and Q12 (reject). Computed: 0/5000 permutations at least as extreme; max |diff| ≈ 453 g.,"question (merged), options, explanation, why_wrong, hint",,
ch12-book-01,"Book: Study design summary, Q1",12,"experimental design, random assignment",MC,Random assignment describes the key feature of experimental design in which the experimenter:,"A) Randomly assigns individuals in a study to a treatment
B) Randomly assigns individuals to a study
C) Gives participants random homework assignments to ensure they can appropriately complete the experiment",A,"Random assignment means treatments are assigned to study subjects at random, which balances confounders across groups on average.","B) That's random selection (random sampling): choosing who gets into the study. It helps generalization, not causal inference.
C) 🙃",Assigning a treatment vs choosing who is in the study.,,yes,,,"explanation, why_wrong, hint",,
ch12-book-02,"Book: Study design summary, Q2",12,"effect size, correlation vs causation, observational studies",MC,"In our RIL study, the correlation between petal area and proportion hybrid seed was r = 0.227, sometimes called an 'effect size.' Why is calling this an effect size misleading?","A) Because effect sizes below a certain threshold don't count as real effects
B) Because we have not shown any effect, let alone quantified its 'size'
C) Because effect sizes are measured as Cohen's d
D) Because 0.227 is not a measure of size",B,"'Effect size' is often applied to observational studies, which show associations, not effects (causes). Calling r an effect size implies causation that the data can't support.","A) There's no threshold for 'real.'
C) Cohen's d is one effect size, not the only one.
D) r does measure the strength of an association.",Does an observational correlation show an effect?,,yes,ch07-book-01,,"explanation, why_wrong, hint",,
ch12-book-03,"Book: Study design summary, Q3",12,scientific vs statistical models,MC,What distinguishes a scientific model from a statistical model?,"A) A scientific model describes how (we think) the world actually works; a statistical model is a mathematical description of patterns in data
B) A statistical model is more accurate than a scientific model
C) There's no real difference; the terms are interchangeable",A,"Scientific models are about mechanisms (e.g., pollinators prefer large petals). Statistical models describe patterns (e.g., hybrid seed increases linearly with petal area). Good studies connect the two.","B) They have different jobs, so 'more accurate' isn't the comparison.
C) Conflating them is what leads to over-interpreting statistical patterns as mechanisms.",Mechanism vs pattern.,,yes,,,"explanation, why_wrong, hint",,
ch12-book-04,"Book: Study design summary, Q4",12,"blocking, matching, power and precision",MC,"In blocking, treatments are randomly assigned within 'blocks' (e.g., fields or schools) so that all treatments are represented in every block. In matching, pairs are made as similar as possible and the treatment is randomly applied to one member of each pair. What underlying problem are both techniques trying to solve?","A) Both aim to remove confounds
B) Both improve how well results generalize to new populations
C) Both remove the need for random assignment
D) Both aim to increase power and precision by decreasing variability unrelated to the treatment",D,"Comparing within blocks or pairs removes background variation (field to field, person to person) from the comparison, so the treatment effect is estimated more precisely.","A) Close: random assignment already protects against confounding. Blocking and matching go further by balancing known sources of variation, which mainly buys precision.
B) They don't change who the results apply to.
C) Both still randomize within blocks or pairs.",What does comparing within a field or pair remove from the noise?,,yes,ch11-hw-08,,"explanation, why_wrong, hint",,
ch12-book-05,"Book: Study design summary, Q5",12,"random assignment, confounding",TF,TRUE or FALSE: Random assignment controls for covariates by modeling the effect of each one.,"A) TRUE
B) FALSE",B,"Random assignment works through design, not modeling. Treatment is assigned independently of everything else, so confounders (even unknown ones) are balanced across groups on average. Modeling covariates is a separate statistical adjustment.",A) No model is involved; that's the beauty of it. You don't even need to know what the confounders are.,Does random assignment require knowing what the confounders are?,,yes,ch12-book-01,,"explanation, why_wrong, hint",,
ch12-book-06,"Book: Study design summary, Q6",12,"non-significant results, power, ecological validity",matching,"An experiment with appropriate controls fails to reject the null hypothesis. For each statement, is it a valid reason why a TRUE causal effect could still fail to reach significance?

1. The experiment's conditions were unnatural enough to block the causal pathway (e.g., testing a pollinator-attraction hypothesis with no pollinators present)
2. The treatment's intensity or dose differed enough from nature that it didn't trigger the same effect
3. The study was underpowered: too small a sample to reliably detect a real but modest effect
4. Failing to reject the null proves the null hypothesis is true","A) TRUE
B) FALSE","1-A, 2-A, 3-A, 4-B","Absence of evidence is not evidence of absence. A null result can come from the wrong context, the wrong dose, or too little power. None of these means the causal hypothesis is wrong.",4: We never 'accept' or prove the null.,Could the effect be real but this study unable to see it?,,yes,ch10-gquiz-08,Four true/false items as one matching question.,"question (merged), explanation, why_wrong, hint",,
ch12-book-07,"Book: Study design summary, Q7",12,"internal validity, confounding, observational studies",MC,"Glyphosate is the active ingredient in Roundup, a common herbicide. In 2015 the International Agency for Research on Cancer classified it as 'probably carcinogenic to humans,' while the U.S. EPA maintains it's unlikely to cause cancer when used as directed. Bayer (which acquired Roundup's maker, Monsanto) has faced more than 100,000 lawsuits from people who developed non-Hodgkin lymphoma after using it, including a school groundskeeper and a man who sprayed it on his own property for 20 years, and has paid more than $10 billion in settlements while denying that glyphosate causes cancer.

Agricultural workers exposed to glyphosate were often exposed to several other pesticides too. Why is this a threat to INTERNAL validity?","A) Because farmers are a small, unrepresentative slice of the population
B) Because it's unclear whether glyphosate itself, the other pesticides, or some combination is responsible for the elevated cancer rate
C) Because self-reported pesticide use is not a reliable measurement
D) Because the sample size of farmers studied was too small to trust",B,"Co-exposure is a classic confound: glyphosate use and other pesticide use go together, so the study can't isolate glyphosate as the cause.","A) That's about external validity (generalizing).
C) That's measurement validity.
D) That's about precision and power.",Internal validity: can we trust the causal conclusion within this study?,,yes,"ch12-book-08, ch12-book-09",,"explanation, why_wrong, hint",,
ch12-book-08,"Book: Study design summary, Q8",12,external validity,MC,"Glyphosate is the active ingredient in Roundup, a common herbicide. In 2015 the International Agency for Research on Cancer classified it as 'probably carcinogenic to humans,' while the U.S. EPA maintains it's unlikely to cause cancer when used as directed. Bayer (which acquired Roundup's maker, Monsanto) has faced more than 100,000 lawsuits from people who developed non-Hodgkin lymphoma after using it, including a school groundskeeper and a man who sprayed it on his own property for 20 years, and has paid more than $10 billion in settlements while denying that glyphosate causes cancer.

The strongest evidence linking glyphosate to cancer comes from licensed agricultural applicators with heavy, often decades-long exposure. But many plaintiffs had residential exposure. Why does this gap raise a question of EXTERNAL validity?","A) Because home gardeners weren't randomly assigned to use Roundup
B) Because occupational and residential users measure their exposure differently
C) Because it's unclear whether a result from decades of heavy occupational exposure generalizes to occasional home use
D) Because agricultural applicators are a larger sample than home gardeners",C,"External validity asks whether results from one population or setting apply to another, here from heavy occupational exposure to occasional home use.","A) That's about causal inference (internal validity).
B) That's measurement.
D) Sample size affects precision, not generalization.",External = does it generalize?,,yes,"ch12-book-07, ch12-book-09",,"explanation, why_wrong, hint",,
ch12-book-09,"Book: Study design summary, Q9",12,"ecological validity, dose",MC,"Glyphosate is the active ingredient in Roundup, a common herbicide. In 2015 the International Agency for Research on Cancer classified it as 'probably carcinogenic to humans,' while the U.S. EPA maintains it's unlikely to cause cancer when used as directed. Bayer (which acquired Roundup's maker, Monsanto) has faced more than 100,000 lawsuits from people who developed non-Hodgkin lymphoma after using it, including a school groundskeeper and a man who sprayed it on his own property for 20 years, and has paid more than $10 billion in settlements while denying that glyphosate causes cancer.

Some animal evidence came from rodent studies using doses far above typical human exposure (the standard 'maximum tolerated dose'). Why does this raise a question of ECOLOGICAL validity?","A) Because rodents and humans metabolize chemicals too differently for animal studies to ever be useful
B) Because a real effect at an extreme, rarely encountered dose doesn't necessarily tell you what happens at the doses people actually encounter
C) Because the rodents weren't randomly assigned to dose groups
D) Because tumor rates in animals can't be measured reliably",B,High-dose testing isn't a flaw in itself: it's often the only practical way to detect a rare effect with a manageable number of animals. But it leaves a gap between the lab conditions and real-world exposure.,"A) Too strong: animal studies are often informative.
C) There's no indication they weren't randomized.
D) Not the issue raised.",Ecological validity: do the study conditions match real life?,,yes,ch12-book-06,,"explanation, why_wrong, hint",,
ch12-book-10,"Book: Study design summary, Q10",12,"sampling bias, measurement",matching,"Glyphosate is the active ingredient in Roundup, a common herbicide. In 2015 the International Agency for Research on Cancer classified it as 'probably carcinogenic to humans,' while the U.S. EPA maintains it's unlikely to cause cancer when used as directed. Bayer (which acquired Roundup's maker, Monsanto) has faced more than 100,000 lawsuits from people who developed non-Hodgkin lymphoma after using it, including a school groundskeeper and a man who sprayed it on his own property for 20 years, and has paid more than $10 billion in settlements while denying that glyphosate causes cancer.

About 170,000 Roundup-related lawsuits have been filed. Is each statement a legitimate reason this count is an untrustworthy estimate of how many people glyphosate has actually harmed?

1. It could overstate true harm: filing a lawsuit doesn't require proving glyphosate caused that person's cancer
2. It could understate true harm: highly exposed groups, such as undocumented agricultural workers, are unlikely to sue, for reasons unrelated to whether they were harmed
3. 170,000 is simply too large a number to be accurate
4. Bayer has settled most claims, so the true number of harmed people must be lower","A) TRUE
B) FALSE","1-A, 2-A, 3-B, 4-B","Lawsuits are a biased sample of harm: who sues depends on access, legal status and incentives, not only on whether someone was harmed. The bias can go in both directions.","3: Large numbers aren't inherently inaccurate.
4: Settling says nothing about how many people were harmed.",What determines whether a harmed person shows up in this count?,,yes,ch08-hw-07,Four true/false items as one matching question.,"question (merged), explanation, why_wrong, hint",,
ch12-book-11,"Book: Study design summary, Q11",12,"causal inference, natural experiments, predictions",MC,"Glyphosate is the active ingredient in Roundup, a common herbicide. In 2015 the International Agency for Research on Cancer classified it as 'probably carcinogenic to humans,' while the U.S. EPA maintains it's unlikely to cause cancer when used as directed. Bayer (which acquired Roundup's maker, Monsanto) has faced more than 100,000 lawsuits from people who developed non-Hodgkin lymphoma after using it, including a school groundskeeper and a man who sprayed it on his own property for 20 years, and has paid more than $10 billion in settlements while denying that glyphosate causes cancer.

In 2023, Bayer began phasing glyphosate out of U.S. residential lawn-and-garden products, while continuing to sell it for agriculture. If glyphosate exposure really does drive non-Hodgkin lymphoma risk at levels common in residential use, what would you predict?","A) Non-Hodgkin lymphoma rates would drop substantially among residential users, but not change much among agricultural workers over the same period
B) Rates should drop equally in both groups
C) Rates should rise among agricultural workers, since they now use more glyphosate to compensate
D) No prediction is safe",A,"Exposure changed for one group but not the other, for reasons unrelated to cancer risk. If glyphosate causes harm, the exposed-then-unexposed group should improve more. An equal drop in both groups would point to something else. (This compare-the-change design is called difference-in-differences.)","B) An equal drop would suggest a cause other than glyphosate.
C) Not implied by the scenario.
D) The whole point is that this makes a distinguishing, checkable prediction.",Which group's exposure changed?,,yes,,,"explanation, why_wrong, hint",,
ch12-hw-01,"Study design homework, Q1",12,"experimental design, causation",MC,The best way to infer causation is:,"A) An appropriately designed experiment
B) A good observational study
C) We can never infer causation",A,"Random assignment breaks the link between treatment and confounders, so a difference between groups can be attributed to the treatment (plus sampling error).","B) Observational studies can suggest causes, but confounding is always possible.
C) Too pessimistic: well-designed experiments support causal claims.",What does random assignment do to confounders?,,yes,ch10-chime-05,,"explanation, why_wrong, hint",,
ch12-hw-02,"Study design homework, Q2",12,"observational studies, confounding, reverse causation, sampling error",select-all,"Potential explanations for a significant relationship between two variables, A and B, in an OBSERVATIONAL study are (select all correct):","A) A causes B
B) B causes A
C) Both A and B are caused by some other variable, C
D) Sampling error","A, B, C, D","Without random assignment, any of these can produce an association: a causal effect in either direction, a confounder, or chance (a significant result can still be a false positive).",Leaving any out ignores a real possibility.,Name every way two things can end up correlated.,,yes,ch12-hw-03,,"explanation, why_wrong, hint",,
ch12-hw-03,"Study design homework, Q3",12,"experimental design, causation, sampling error",select-all,Potential explanations for a significant relationship between A and B in a well-designed EXPERIMENT in which we manipulate A are (select all correct):,"A) A causes B
B) B causes A
C) Both A and B are caused by some other variable, C
D) Sampling error","A, D","We set A ourselves, so B can't have caused it, and random assignment means no other variable determined it. What's left: A causes B, or we got a chance result (a type I error).",B) and C) Manipulating A by random assignment rules these out.,Who decided each subject's value of A?,,yes,ch12-hw-02,,"explanation, why_wrong, hint",,
ch12-hw-04,"Study design homework, Q4 (concept version)",12,"spurious correlation, correlation vs causation",MC,"Across years, the number of films Nicolas Cage appeared in correlates with the number of people who drowned by falling into swimming pools (a famous 'spurious correlation'). What is the best explanation?","A) With enough variables, some will be correlated by chance or through shared time trends; the association isn't causal
B) Watching Nicolas Cage movies makes people careless near pools
C) Drownings inspire Nicolas Cage to make more movies
D) The correlation must be real because it was statistically significant",A,"If you search through many pairs of variables, some will line up just by chance (and things that trend over time often correlate). Without a plausible mechanism or an experiment, this is not evidence of causation.","B) and C) Causal stories with no mechanism.
D) Significance doesn't rule out chance when you've searched many pairs, and it says nothing about causation.",How many silly pairs of variables could you test?,,yes,,Original asked students to recall whose movies (Nicolas Cage) from course media. Rewritten as a concept question.,"question (rewritten), options, explanation, why_wrong, hint",,
ch12-hw-05,"Study design homework, Q5",12,"effect size, response variable, correlation vs causation",select-all,Which statistical terms prime us to incorrectly conflate correlation and causation? (Pick all that apply.),"A) Calling Y the 'response' variable
B) Calling differences 'effect sizes'
C) Null hypothesis significance testing
D) Calling it the 'sampling distribution'","A, B","'Response' implies Y responds to X, and 'effect size' implies an effect. Both suggest causation even in observational data, where we only have associations.","C) and D) These are about inference under uncertainty, not causal language.",Which words imply that X does something to Y?,,yes,ch12-book-02,"Zero-point item in Canvas; check the key (A, B).","explanation, why_wrong, hint",,
ch12-hw-06,"Study design homework, Q8 (concept version)",12,"counterfactuals, experimental design",MC,Why do statisticians sometimes describe the 'perfect experiment' as splitting the world in two?,"A) In a perfect experiment, we'd see what happens to each individual both with and without the treatment, and compare the two worlds
B) Computer simulations are the best way to infer causation
C) Because you need two separate samples to calculate a p-value
D) Because experiments should always be repeated twice",A,"The ideal comparison is the counterfactual: the same individual, treated and untreated. We can't observe both, so random assignment creates groups that are alike on average, the next best thing.","B) Simulations don't establish causation.
C) and D) Not the point of the analogy.",What would you ideally compare each individual to?,,yes,,Original referenced the Crash Course video's simulation analogy; rewritten so it stands alone.,"question (rewritten), options, explanation, why_wrong, hint",,
ch12-hw-07,"Study design homework, Q12",12,"controls, placebo",TF,TRUE or FALSE: Doing nothing is usually the best control.,"A) TRUE
B) FALSE",B,"A good control matches the treatment in every way except the factor of interest: a placebo pill, a sham surgery, handling the plants the same way. Doing nothing leaves differences (handling, expectation, placebo effects) that could explain the result.",A) 'Nothing' differs from the treatment in more than one way.,"Besides the active ingredient, what else does the treatment group experience?",,yes,,,"explanation, why_wrong, hint",,
ch12-hw-08,"Study design homework, Q13",12,power,select-all,"To estimate our power, we need to know (select all correct):","A) The sample size
B) The minimal effect size that would be biologically meaningful
C) The probability that the null is false
D) The identity of the subjects in our study","A, B","Power depends on sample size, the effect size you want to detect, and the variability (plus α). You choose the smallest meaningful effect and ask how likely your design is to detect it.","C) That's unknowable and not part of a power calculation.
D) Who the subjects are doesn't enter the calculation.",What makes a real effect easier to detect?,,yes,ch10-chime-02,Variability (SD) is also needed but isn't an option; consider adding it.,"explanation, why_wrong, hint",,
ch12-hw-09,"Study design homework, Q10–11 (media recall)",12,placebo,MC,"In the Radiolab story on placebos, which disease was effectively treated by a placebo?","A) Lung cancer
B) Influenza
C) Covid-19
D) Lou Gehrig's disease (ALS)
E) Parkinson's disease",E,Radiolab described placebo responses in Parkinson's patients (the brain releasing dopamine in response to expected treatment).,,Think about which disease involves dopamine.,,no,,Excluded: depends on having listened to a specific episode. Q11 (which receptors were linked to the placebo effect in the skin-relief study) was also left out; I'm not sure of its key (likely opioid). Turn on only if students have the media.,"explanation, why_wrong, hint",,
ch08-hw-01-v1,AI variant of ch08-hw-01,8,"estimates vs parameters, samples vs populations",matching,"A survey team measures the wingspan of 120 randomly caught monarch butterflies and finds a mean of 9.6 cm.

Fill in the blanks: 9.6 cm is our (1) ____, calculated from our (2) ____. We use it to learn about the true mean wingspan: the (3) ____ that describes the whole (4) ____ of monarchs.","A) estimate
B) parameter
C) sample
D) population","1-A, 2-C, 3-B, 4-D","We calculate estimates (like this mean of 9.6 cm) from the sample we measured. They're our best guess at parameters, the true values for the whole population.","Parameters describe populations, estimates describe samples. 9.6 cm came from 120 butterflies, so it's an estimate.",Which one did the team actually calculate?,,yes,ch08-hw-01,,all (AI variant),,ch08-hw-01
ch08-hw-01-v2,AI variant of ch08-hw-01,8,"estimates vs parameters, samples vs populations",matching,"Classify each:

1. The true proportion of all ballots in a state that went to candidate X
2. The proportion of 1,000 polled voters who say they voted for X
3. The 1,000 polled voters
4. Every voter in the state","A) estimate
B) parameter
C) sample
D) population","1-B, 2-A, 3-C, 4-D","The true proportion over all ballots is a parameter of the population (every voter). The poll's proportion is an estimate calculated from the sample of 1,000.","Swapping estimate and parameter is the classic mix-up: if it's calculated from a subset, it's an estimate.",Which number would you only know if you counted everyone?,,yes,ch08-hw-01,,all (AI variant),,ch08-hw-01
ch08-hw-02-v1,AI variant of ch08-hw-02,8,sampling distribution,MC,Many labs each measure 30 randomly chosen zebrafish and report the mean swimming speed. A histogram of all those reported means shows the:,"A) Sampling distribution of the mean
B) Population distribution of swimming speeds
C) Standard deviation of swimming speed
D) Sampling bias",A,Each lab produced one estimate (a mean of 30 fish). A distribution of estimates from many samples of the same size is a sampling distribution.,"B) The population distribution would show individual fish, not means of 30.
C) The SD is a single number describing spread among individuals.
D) Bias would be a shift of the means away from the truth, not the distribution itself.","Is each value in the histogram an individual fish, or an estimate?",,yes,ch08-hw-02,,all (AI variant),,ch08-hw-02
ch08-hw-02-v2,AI variant of ch08-hw-02,8,"sampling distribution, population distribution",MC,Which of these is a sampling distribution?,"A) A histogram of the heights of all 600 trees in a forest plot
B) A histogram of the means of 1,000 random samples of 10 trees each
C) A histogram of the heights of 10 trees in one sample
D) A bar chart of the number of trees of each species",B,"A sampling distribution is a distribution of estimates (here, means), one from each of many samples of the same size.","A) That's the population distribution of individual trees.
C) That's the distribution of one sample.
D) That summarizes a categorical variable for individuals.","Look for a histogram of estimates, not of individuals.",,yes,ch08-hw-02,,all (AI variant),,ch08-hw-02
ch08-hw-03-v1,AI variant of ch08-hw-03,8,"sampling distribution, uncertainty",MC,You measured one sample of 50 frogs and found a mean jump distance of 82 cm. Why should you care about the sampling distribution of the mean?,"A) It tells you how much your 82 cm might differ from the truth, because a different sample of 50 would give a different mean
B) It tells you how far an individual frog can jump
C) It makes your 82 cm exactly correct
D) You can read it directly off your one sample of 50 frogs",A,"The sampling distribution describes the other estimates you might have gotten. That's what lets us say how uncertain our one estimate is (SE, CI).","B) Individual variation is the population distribution.
C) Nothing removes sampling error.
D) We can approximate it (bootstrap, formulas), but one sample doesn't show it directly.",Think about the estimates you didn't get.,,yes,ch08-hw-03,,all (AI variant),,ch08-hw-03
ch08-hw-03-v2,AI variant of ch08-hw-03,8,"sampling distribution, uncertainty",MC,"Two students each estimate the mean caffeine content of a coffee shop's lattes from separate random samples of 8 drinks. They get 142 mg and 155 mg. Which idea explains why they differ, and how much difference to expect?","A) The sampling distribution: estimates vary from sample to sample, and its spread tells us how much
B) One of them must have made a measurement mistake
C) The population distribution changed between their visits
D) Sampling bias: one sample must be non-random",A,"Even with perfect measurements and random samples, different samples give different estimates. The sampling distribution describes that variation.","B) A difference doesn't require a mistake; chance alone produces it.
C) Nothing suggests the lattes changed.
D) Random samples still differ by chance; that's sampling error, not bias.",Would two perfectly random samples give the same mean?,,yes,ch08-hw-03,,all (AI variant),,ch08-hw-03
ch08-hw-04-v1,AI variant of ch08-hw-04,8,"standard deviation, standard error",matching,"Bill length in a population of finches has an SD of 1.2 mm. You take samples of 36 birds.

1. Which describes how much individual finches differ from each other?
2. Which describes how much the mean of 36 birds would vary from sample to sample?","A) standard deviation
B) standard error","1-A, 2-B",The SD (1.2 mm) is the spread of individuals. The SE is the spread of estimates: here about 1.2/√36 = 0.2 mm.,Swapping them is the most common confusion in the chapter.,Individuals → SD. Estimates → SE.,,yes,ch08-hw-04,,all (AI variant),,ch08-hw-04
ch08-hw-04-v2,AI variant of ch08-hw-04,8,"standard deviation, standard error",MC,"A paper reports: ""mean body mass = 24.1 g (± 0.3 g, SE), n = 100 mice."" What does the 0.3 g tell you?","A) How far a typical sample mean of 100 mice would be from the true mean
B) How far a typical mouse is from the mean
C) The difference between the heaviest and lightest mouse
D) The measurement error of the scale",A,A standard error describes the variability of an estimate (the mean of 100 mice). Individual mice vary much more: the SD here would be about 0.3 × √100 = 3 g.,"B) That's the SD.
C) That's the range.
D) Measurement error is a different thing; the SE comes from sampling.",SE = spread of what?,,yes,ch08-hw-04,,all (AI variant),,ch08-hw-04
ch08-hw-05-v1,AI variant of ch08-hw-05,8,"sampling error, sample size",MC,A lab estimates the mean seed mass of a weed from 15 randomly chosen plants. The estimate seems imprecise. What change would most reduce sampling error?,"A) Weigh the seeds on a more precise scale
B) Measure 150 randomly chosen plants instead of 15
C) Choose the 15 healthiest-looking plants
D) Nothing; sampling error can't be reduced",B,"Sampling error comes from which individuals happen to be in the sample. Larger random samples average over more individuals, so the SE shrinks (with √n).","A) Reduces measurement error, a different source of error.
C) Non-random selection adds bias.
D) It can't be eliminated, but it can be reduced.",What makes a sampling distribution narrower?,,yes,ch08-hw-05,,all (AI variant),,ch08-hw-05
ch08-hw-05-v2,AI variant of ch08-hw-05,8,"sampling error, sampling bias, sample size",MC,A researcher doubles her sample size but keeps sampling only from plants near the road. What happens?,"A) Sampling error decreases, but any bias from sampling only near the road remains
B) Both sampling error and bias decrease
C) Bias decreases, but sampling error stays the same
D) Nothing changes",A,"A larger sample makes the estimate more precise (less sampling error), but if roadside plants differ from the rest, the estimate is still systematically off. A bigger biased sample is precisely wrong.","B) and C) Sample size doesn't fix bias.
D) Precision does improve.",Does sampling more from the same place fix who's being sampled?,,yes,ch08-hw-05,,all (AI variant),,ch08-hw-05
ch08-hw-06-v1,AI variant of ch08-hw-06,8,"shape of distributions, histograms",MC,The histogram shows the number of pollinator visits to each of 400 plants. The distribution is:,"A) Unimodal & right skewed
B) Unimodal & left skewed
C) Unimodal & symmetric
D) Bimodal",A,"One peak at 0–2 visits, with a long tail stretching to the right (a few plants get 10+ visits). That's unimodal and right skewed, common for counts.","B) The long tail goes to the right, not the left.
C) The two sides aren't mirror images.
D) There's only one peak.",Which side has the long tail?,ch08-var-visits-hist.png,yes,ch08-hw-06,,all (AI variant),,ch08-hw-06
ch08-hw-06-v2,AI variant of ch08-hw-06,8,"shape of distributions, histograms",MC,The histogram shows the heights of 600 trees. The distribution is:,"A) Unimodal & right skewed
B) Unimodal & left skewed
C) Unimodal & symmetric
D) Bimodal",C,"One peak near 18 m, falling off about equally on both sides: unimodal and roughly symmetric.","A) and B) Neither tail is clearly longer.
D) There's one peak; small bumps are just noise.",Would it look about the same flipped left to right?,ch08-var-oak-hist.png,yes,ch08-hw-06,,all (AI variant),,ch08-hw-06
ch08-hw-07-v1,AI variant of ch08-hw-07,8,"sampling bias, random sampling",MC,You want the mean length of time patients stay in a hospital. Which method gives an unbiased estimate?,"A) Pick a random sample of patients from the year's admission records and average their stays
B) Visit the wards on a random day and average the stays of the patients who are there
C) Ask the first 50 patients discharged in January
D) Visit the wards on several random days and average the stays of the patients there",A,"Every admission should have an equal chance of being picked. On any given day, the wards are full of long-stay patients (they're there for many days), so sampling whoever is present oversamples long stays: size-biased sampling.","B) and D) Long stays are more likely to be 'caught' on a random day, so the mean is biased upward; more days doesn't fix it.
C) January discharges may not represent the whole year.",Does every patient have the same chance of being included?,,yes,ch08-hw-07,,all (AI variant),,ch08-hw-07
ch08-hw-07-v2,AI variant of ch08-hw-07,8,"sampling bias, random sampling",MC,"To estimate the mean size of fish schools in a bay, a diver picks random fish and records the size of the school each fish belongs to. Why will this overestimate the mean school size?","A) Fish in big schools are more likely to be picked, so big schools are oversampled
B) The diver's sample is too small
C) Fish in the same school are non-independent, which increases sampling error but doesn't shift the mean
D) It won't; picking random fish is random sampling of schools",A,"A school of 200 fish has 200 chances to be picked; a school of 5 has only 5. Sampling individuals gives schools probability proportional to their size, so the estimate is biased upward. Fix: sample schools, not fish.","B) More fish chosen the same way gives the same bias.
C) True that they're related, but the main problem is the shift in the mean.
D) Random fish ≠ random schools.",Does every school have the same chance of being included?,,yes,ch08-hw-07,,all (AI variant),,ch08-hw-07
ch08-hw-08-v1,AI variant of ch08-hw-08,8,"non-independence, sampling design",MC,You want to estimate the average song rate of male wrens across a forest. Which sampling plan minimizes non-independence?,"A) Record 30 males, each from a different randomly chosen territory spread across the forest
B) Record one male 30 times
C) Record 30 males that all sing from the same clearing
D) Record 30 males on the same morning in the same weather",A,"Independent observations don't share anything that would make them more alike. Randomly chosen, spread-out territories avoid shared individuals, locations and conditions.","B) Repeated measures of one bird tell you about that bird, not the population.
C) Birds in one clearing share habitat and may influence each other.
D) Shared weather and time of day can make songs alike.",What could make two of your observations more similar than two random birds?,,yes,ch08-hw-08,,all (AI variant),,ch08-hw-08
ch08-hw-08-v2,AI variant of ch08-hw-08,8,"non-independence, sampling design",MC,A student measures leaf toughness on 60 leaves. Which design gives the most independent observations?,"A) 1 leaf from each of 60 randomly chosen plants
B) 60 leaves from one plant
C) 10 leaves from each of 6 plants
D) 60 leaves from one branch of one plant",A,"Leaves on the same plant share genes and growing conditions, so they're more alike than leaves from different plants. One leaf per plant gives 60 independent observations.","B) and D) Effectively a sample size of one plant.
C) Only 6 independent plants; the 10 leaves within each are related.",How many truly independent units does each design give?,,yes,ch08-hw-08,,all (AI variant),,ch08-hw-08
ch08-hw-09-v1,AI variant of ch08-hw-09,8,"sampling distribution, sampling bias",MC,"Imagine we could measure every one of the 8,000 red oaks in a forest: their mean height is 18.0 m and the SD is 4.0 m. The plot shows sampling distributions of the mean height for random samples of n = 4, 16 and 64 trees (each panel is a histogram of 10,000 sample means; red line = true mean).

Which sampling distribution has the greatest proportion of sample means above the true mean (18.0 m)?","A) n: 4
B) n: 16
C) n: 64
D) They all have about half above the true mean",D,"All three are centered on the true mean (random samples give unbiased estimates), so about half of the means fall above it whatever n is. Larger n changes the spread, not the center.","A)–C) Sample size affects how far estimates stray, not which side they're on.",Where is each histogram centered?,ch08-var-oak-sampdist.png,yes,ch08-hw-09,,all (AI variant),,ch08-hw-09
ch08-hw-09-v2,AI variant of ch08-hw-09,8,"sampling distribution, sampling bias",MC,"A hatchery pond holds thousands of trout with a true mean length of 31.0 cm. A technician nets 25 fish at random, measures them, and returns them, and does this 1000 times. The plot shows the 1000 estimated means (red line = true mean).

About what proportion of the 1000 estimates are above the true mean?","A) About 0.10
B) About 0.25
C) About 0.50
D) About 0.95",C,"The estimates are centered on the true mean, as expected from random sampling (no bias), so about half fall above it (here 0.49).","A), B) and D) Those would mean the estimates are shifted, i.e., biased.",Where is the histogram centered relative to the red line?,ch08-var-trout-unbiased.png,yes,ch08-hw-09,,all (AI variant),,ch08-hw-09
ch08-hw-10-v1,AI variant of ch08-hw-10,8,"sampling bias, sample size",MC,"Imagine we could measure every one of the 8,000 red oaks in a forest: their mean height is 18.0 m and the SD is 4.0 m. The plot shows sampling distributions of the mean height for random samples of n = 4, 16 and 64 trees (each panel is a histogram of 10,000 sample means; red line = true mean).

Which statement about sampling bias is correct?","A) Sampling bias is greatest with n = 4
B) Sampling bias is greatest with n = 64
C) There is no difference in sampling bias between them, only in sampling error",C,"All three distributions are centered on the true mean, so none is biased. They differ only in spread (sampling error).","A) and B) A small sample is noisier, not biased; a large one is more precise, not less biased.",Bias moves the center; error widens the spread.,ch08-var-oak-sampdist.png,yes,ch08-hw-10,,all (AI variant),,ch08-hw-10
ch08-hw-10-v2,AI variant of ch08-hw-10,8,"sampling bias, sample size",MC,"In a large Clarkia population, 30% of plants have pink flowers. The plot shows the sampling distributions of the proportion of pink plants in random samples of n = 10, 40 and 160 plants (red line = true proportion, 0.30).

Which statement about sampling bias is correct?","A) Sampling bias is greatest with n = 10
B) Sampling bias is greatest with n = 160
C) None of these is biased; they differ in sampling error",C,"Each distribution is centered on 0.30, so random samples of any size give unbiased estimates. The n = 10 distribution is just much wider.","A) Wide is not the same as biased.
B) Larger random samples don't add bias.",Where is each distribution centered?,ch08-var-pink-sampdist.png,yes,ch08-hw-10,,all (AI variant),,ch08-hw-10
ch08-hw-11-v1,AI variant of ch08-hw-11,8,"sampling error, sample size",MC,"Imagine we could measure every one of the 8,000 red oaks in a forest: their mean height is 18.0 m and the SD is 4.0 m. The plot shows sampling distributions of the mean height for random samples of n = 4, 16 and 64 trees (each panel is a histogram of 10,000 sample means; red line = true mean).

Which statement about sampling error is correct?","A) Sampling error is greatest with n = 4
B) Sampling error is greatest with n = 64
C) There is no difference in sampling error between them",A,"The n = 4 distribution is the widest, so its sample means stray furthest from the truth by chance.","B) n = 64 is the narrowest, with the least sampling error.
C) The widths clearly differ.",Which histogram is widest?,ch08-var-oak-sampdist.png,yes,ch08-hw-11,,all (AI variant),,ch08-hw-11
ch08-hw-11-v2,AI variant of ch08-hw-11,8,"sampling error, sample size",MC,"In a large Clarkia population, 30% of plants have pink flowers. The plot shows the sampling distributions of the proportion of pink plants in random samples of n = 10, 40 and 160 plants (red line = true proportion, 0.30).

If you took one random sample of each size, which estimate is most likely to be far from 0.30?","A) The n = 10 estimate
B) The n = 40 estimate
C) The n = 160 estimate
D) All are equally likely to be far off",A,"The n = 10 distribution spreads from 0 to 0.7, so a single small sample can easily miss by 0.2 or more. Larger samples cluster tightly around 0.30.","B) and C) Their distributions are narrower.
D) Spread depends strongly on n.",Which distribution reaches furthest from the red line?,ch08-var-pink-sampdist.png,yes,ch08-hw-11,,all (AI variant),,ch08-hw-11
ch08-hw-12-v1,AI variant of ch08-hw-12,8,"sampling error, standard error",MC,"Imagine we could measure every one of the 8,000 red oaks in a forest: their mean height is 18.0 m and the SD is 4.0 m. The plot shows sampling distributions of the mean height for random samples of n = 4, 16 and 64 trees (each panel is a histogram of 10,000 sample means; red line = true mean).

Which sampling distribution has the greatest proportion of sample means more than half a population SD (2 m) from the true mean, i.e., below 16 m or above 20 m?","A) n: 4
B) n: 16
C) n: 64
D) They all have about 62% more than 2 m away",A,"Only the wide n = 4 distribution has much beyond 16 and 20 m (about 32% of means). For n = 16 it's about 5%, and for n = 64 almost none. 'About 62%' describes individual trees, not means.","D) About 62% of individual trees are more than 0.5 SD from the mean; means are much less spread out.
B) and C) Narrower distributions have less in their tails.",Mark 16 and 20 m on each panel. Which has bars outside them?,ch08-var-oak-sampdist.png,yes,ch08-hw-12,"Computed by simulation: 0.32, 0.05 and 0.00 for n = 4, 16, 64.",all (AI variant),,ch08-hw-12
ch08-hw-12-v2,AI variant of ch08-hw-12,8,"sampling error, standard error",MC,"In a large Clarkia population, 30% of plants have pink flowers. The plot shows the sampling distributions of the proportion of pink plants in random samples of n = 10, 40 and 160 plants (red line = true proportion, 0.30).

For which sample size is a sample proportion of 0.45 or higher (half again as large as the truth) most likely?","A) n = 10
B) n = 40
C) n = 160
D) It's equally likely for all three",A,"With n = 10, about 15% of samples give 0.45 or more (exact binomial). With n = 40 it's about 3%, and with n = 160 essentially never. Small samples are much more likely to be far off.","B) and C) Larger samples rarely stray that far.
D) The spread shrinks as n grows.",Find 0.45 on the x-axis in each panel.,ch08-var-pink-sampdist.png,yes,ch08-hw-12,"Exact binomial: P(p̂ ≥ 0.45) = 0.150, 0.032, 0.000.",all (AI variant),,ch08-hw-12
ch08-hw-13-v1,AI variant of ch08-hw-13,8,"standard error, sample size",MC,"Imagine we could measure every one of the 8,000 red oaks in a forest: their mean height is 18.0 m and the SD is 4.0 m. The plot shows sampling distributions of the mean height for random samples of n = 4, 16 and 64 trees (each panel is a histogram of 10,000 sample means; red line = true mean).

Which sample size has the smallest standard error?","A) n: 4
B) n: 16
C) n: 64
D) They all have the same standard error",C,The SE is the SD of the sampling distribution; n = 64 is the narrowest. SE ≈ SD/√n: 4/√64 = 0.5 m vs 4/√4 = 2 m.,"A) n = 4 has the largest SE.
B) Narrower than n = 4 but wider than n = 64.
D) The SE shrinks as n grows.",Narrowest histogram = smallest SE.,ch08-var-oak-sampdist.png,yes,ch08-hw-13,,all (AI variant),,ch08-hw-13
ch08-hw-13-v2,AI variant of ch08-hw-13,8,"standard error, sample size",MC,The SD of seed mass in a population is 0.8 mg. Which sample size gives a standard error of the mean of about 0.1 mg?,"A) n = 8
B) n = 16
C) n = 64
D) n = 800",C,"SE = SD/√n. For SE = 0.1, √n = 0.8/0.1 = 8, so n = 64. To halve the SE you need four times the sample size.","A) and B) Too small: SE ≈ 0.28 and 0.2 mg.
D) Gives SE ≈ 0.028 mg, much smaller than needed.",Set 0.8/√n = 0.1 and solve for n.,,yes,ch08-hw-13,,all (AI variant),,ch08-hw-13
ch08-gquiz-01-v1,AI variant of ch08-gquiz-01,8,"sampling error, sample size",MC,"To save time, a field crew measures 5 randomly chosen lizards per site instead of 25. This practice:","A) Increases sampling bias
B) Increases sampling error
C) Has no real impact on the estimates",B,"Smaller random samples give noisier estimates (larger SE), but each sample is still random, so the estimate isn't systematically shifted.","A) Bias comes from how we sample, not how many.
C) Fewer lizards means less precise means.",Does sample size change the center or the spread of the sampling distribution?,,yes,ch08-gquiz-01,,all (AI variant),,ch08-gquiz-01
ch08-gquiz-01-v2,AI variant of ch08-gquiz-01,8,"sampling error, sample size",MC,"Two students estimate the proportion of red crayons in the same bin. Ana draws 5 crayons at random; Ben draws 50 at random. Whose estimate is more likely to be far from the true proportion, and why?","A) Ana's, because small samples have more sampling error
B) Ben's, because more crayons means more chances for mistakes
C) Ana's, because small samples are biased
D) Neither; both are random",A,"Both samples are random, so neither is biased. But Ana's 5 crayons can easily be all red or all blue by chance; Ben's 50 average out more of that luck.","B) More data reduces, not increases, chance error.
C) Small random samples are noisy, not biased.
D) Both are random, but they differ in precision.","With 5 crayons, how likely is a very lopsided sample?",,yes,ch08-gquiz-01,,all (AI variant),,ch08-gquiz-01
ch08-gquiz-02-v1,AI variant of ch08-gquiz-02,8,non-independence,MC,"For a class survey of sleep hours, a teacher asks only one person per household to respond. Why?","A) To minimize sampling bias
B) To minimize sampling error
C) To minimize non-independence
D) To reduce the number of responses",C,"People in the same household share routines (and noise!), so their sleep is more alike. Counting several per household would treat related observations as independent.","A) It doesn't systematically shift the estimate.
B) Fewer responses would increase, not reduce, sampling error.
D) That's a side effect, not the reason.",Would two people from the same household be more alike than two random students?,,yes,ch08-gquiz-02,,all (AI variant),,ch08-gquiz-02
ch08-gquiz-02-v2,AI variant of ch08-gquiz-02,8,non-independence,MC,"In a class activity, each table drew one sample of 10 crayons, but everyone at the table entered that same sample into the form, so 30 entries came from 6 samples. What's the problem?","A) The 30 entries aren't independent: the class really has only 6 independent samples
B) The estimates are biased toward red
C) There's no problem; more entries is always better
D) The sample size per draw was too small",A,"Duplicate entries of one draw aren't new information. Treating them as 30 independent samples overstates how much data we have, making results look more precise than they are.","B) Duplicating samples doesn't shift the center.
C) More entries only help if they're independent.
D) That's a separate issue.",How many independent draws were there?,,yes,ch08-gquiz-02,,all (AI variant),,ch08-gquiz-02
ch08-gquiz-04-v1,AI variant of ch08-gquiz-04,8,estimates vs parameters,matching,"A lake has thousands of perch. You catch 25 at random and 8 have parasites.

8/25 = 0.32 is our (1) ____ of the (2) ____: the true proportion of all perch in the lake with parasites.","A) estimate
B) parameter","1-A, 2-B","0.32 comes from the sample of 25, so it's an estimate. The true proportion for all perch in the lake is the parameter.",Parameters describe populations; estimates come from samples.,Which one did you calculate?,,yes,ch08-gquiz-04,,all (AI variant),,ch08-gquiz-04
ch08-gquiz-04-v2,AI variant of ch08-gquiz-04,8,estimates vs parameters,MC,Which of these is a parameter?,"A) The mean height of all 1,204 students enrolled in a school
B) The mean height of 30 randomly chosen students from that school
C) The SD of heights among those 30 students
D) The proportion of the 30 students taller than 170 cm",A,"A parameter describes the whole population. If the population is all 1,204 students, their true mean height is a parameter. Everything calculated from the 30 is an estimate.","B), C) and D) All are calculated from a sample, so they're estimates.",Which number describes everyone?,,yes,ch08-gquiz-04,,all (AI variant),,ch08-gquiz-04
ch08-gquiz-05-v1,AI variant of ch08-gquiz-05,8,sampling distribution,MC,Each of 200 students flips a coin 20 times and reports the proportion of heads. The distribution of those 200 proportions approximates the:,"A) sampling distribution of the proportion
B) population distribution
C) standard error
D) sampling bias",A,Many samples of the same size (20 flips) → many estimates → their distribution approximates the sampling distribution.,"B) The population distribution would be the outcomes of individual flips.
C) The SE is the SD of this distribution, not the distribution itself.
D) Bias would be a shift of its center away from the truth.",Distribution of estimates.,,yes,ch08-gquiz-05,,all (AI variant),,ch08-gquiz-05
ch08-gquiz-05-v2,AI variant of ch08-gquiz-05,8,"sampling distribution, standard error",MC,"If you repeated the crayon activity (10 crayons, count the red ones) an enormous number of times and plotted the proportion red each time, what would the SD of that histogram be?","A) The standard error of the proportion red for samples of 10
B) The standard deviation of crayon colors in the bin
C) The sampling bias
D) The true proportion of red crayons",A,"The histogram is the sampling distribution, and the SD of a sampling distribution is the standard error.","B) That describes individual crayons, not estimates.
C) Bias is about the center, not the spread.
D) The true proportion is where the histogram is centered.",SE = the SD of what?,,yes,ch08-gquiz-05,,all (AI variant),,ch08-gquiz-05
ch08-gquiz-07-v1,AI variant of ch08-gquiz-07,8,"standard error, sampling distribution",MC,"A biologist wants the standard error of mean beak length for samples of 15 finches, and can catch as many finches as she likes. How could she find it directly?","A) Catch many separate samples of 15 finches, compute the mean of each, and take the SD of those means
B) Catch one sample of 15 and compute the SD of beak lengths
C) Catch one sample of 150 and compute its mean
D) Measure every finch on the island",A,"The SE is the SD of the sampling distribution. Building it means many samples of the same size, one mean each, then the SD of those means.","B) That's the SD among individuals (though SD/√15 would approximate the SE).
C) One mean, from a different n, says nothing about variation among means.
D) That gives the parameter, with no sampling error to describe.",SE = SD of many what?,,yes,ch08-gquiz-07,,all (AI variant),,ch08-gquiz-07
ch08-gquiz-07-v2,AI variant of ch08-gquiz-07,8,"standard error, sampling distribution",MC,You have one sample of 40 plants and can't go back for more. What's the best way to estimate the standard error of the mean?,"A) Use the sample SD divided by √40 (or bootstrap the sample)
B) Use the sample SD itself
C) It's impossible without more samples
D) Use the sample mean divided by √40",A,"With only one sample, we approximate the sampling distribution: either with the formula SE ≈ SD/√n or by resampling the data (bootstrap).","B) The SD describes individuals, not means.
C) We can estimate it; we just can't observe it directly.
D) The mean isn't a measure of spread.",Means vary less than individuals by how much?,,yes,ch08-gquiz-07,,all (AI variant),,ch08-gquiz-07
ch08-book-01-v1,AI variant of ch08-book-01,8,"standard deviation, standard error",matching,"1. If you measured more and more individuals, which would settle near a fixed value (not shrink)?
2. Which would keep getting smaller as you added more individuals to your sample?","A) standard error of the mean
B) standard deviation","1-B, 2-A","The SD estimates a property of the population (how variable individuals are), so it settles down. The SE ≈ SD/√n keeps shrinking as n grows.","Bigger samples make the SD more precise, not smaller.",Would individuals become more similar if you measured more of them?,,yes,ch08-book-01,,all (AI variant),,ch08-book-01
ch08-book-01-v2,AI variant of ch08-book-01,8,"standard deviation, standard error",MC,Which statement is correct?,"A) The SE describes how much sample means vary; the SD describes how much individuals vary
B) The SE and SD are two names for the same thing
C) The SE is always larger than the SD
D) The SD shrinks as sample size increases; the SE doesn't",A,"SD: spread among individuals. SE: spread among estimates (for a given n). Since SE ≈ SD/√n, the SE is smaller than the SD whenever n > 1.","B) They measure different things.
C) It's smaller, not larger.
D) That's backwards.",Individuals or estimates?,,yes,ch08-book-01,,all (AI variant),,ch08-book-01
ch08-book-02-v1,AI variant of ch08-book-02,8,"shape of distributions, population distribution",select-all,"The histogram shows the day of the year that fruit ripened on each of 5,000 plants in a population (all of them were measured). Which statements are correct? (Select all that apply.)","A) The distribution is unimodal
B) The distribution is bimodal
C) The distribution is left skewed
D) The distribution is right skewed
E) The histogram displays the population distribution
F) The histogram displays a sampling distribution","A, C, E","One peak near day 114 with a long tail toward earlier days: unimodal and left skewed (so the mean, 108, is below the median, 110). It shows every individual plant, so it's the population distribution.","B) One peak.
D) The long tail is on the left.
F) A sampling distribution would show estimates from many samples, not individual plants.",Which way does the long tail point? And is each value a plant or an estimate?,ch08-var-ripen-pop.png,yes,ch08-book-02,,all (AI variant),,ch08-book-02
ch08-book-02-v2,AI variant of ch08-book-02,8,"sampling distribution, shape of distributions",select-all,"From the same population of 5,000 plants (whose ripening days are left skewed), I drew 1,000 random samples of 40 plants and recorded the mean ripening day of each. The histogram shows those 1,000 means. Which statements are correct? (Select all that apply.)","A) The distribution is unimodal and roughly symmetric
B) The distribution is strongly left skewed, like the population
C) The histogram displays a sampling distribution
D) The histogram displays the population distribution
E) It is much narrower than the population distribution","A, C, E","Means of 40 plants smooth out the skew of individuals, so the sampling distribution is roughly symmetric (a preview of the central limit theorem). It's a distribution of estimates, and it's far narrower: means range from about 104 to 112, while individuals range from about 55 to 120.","B) Averaging removes most of the skew.
D) Each value is a mean of 40 plants, not one plant.","Is each value one plant, or a mean of 40?",ch08-var-ripen-means.png,yes,ch08-book-02,,all (AI variant),,ch08-book-02
ch08-book-03-v1,AI variant of ch08-book-03,8,sampling bias,MC,"To estimate the mean number of children per family in a town, I asked 40 randomly chosen high-school students how many children are in their family (counting themselves), and averaged their answers. I repeated this 1000 times. The plot shows my 1000 estimates; the red line is the true mean number of children per family with children (2.56).

The difference between the true mean and my estimates is most likely explained by:","A) Sampling bias
B) Non-independence
C) Sampling error
D) Too few repetitions",A,"Nearly all 1000 estimates are above 2.56: a systematic shift. Families with more children have more students to be asked, so big families are oversampled (size-biased sampling). Sampling error would scatter estimates on both sides of the truth.","B) Non-independence would widen the spread, not shift it.
C) Chance would put estimates on both sides of the line.
D) More repetitions would show the same shift.","Are the estimates scattered around the truth, or all off in one direction?",ch08-var-family-biased.png,yes,ch08-book-03,Simulated: true mean 2.56; estimates average 3.16.,all (AI variant),,ch08-book-03
ch08-book-03-v2,AI variant of ch08-book-03,8,"sampling error, sampling bias",MC,"A hatchery pond holds thousands of trout with a true mean length of 31.0 cm. A technician nets 25 fish at random, measures them, and returns them, and does this 1000 times. The plot shows the 1000 estimated means (red line = true mean).

The individual estimates range from about 27 to 34.5 cm. This spread is best explained by:","A) Sampling error
B) Sampling bias
C) Non-independence
D) Measurement error",A,"The estimates are scattered evenly on both sides of the true mean, as expected from chance differences among random samples. There's no systematic shift, so no bias.","B) Bias would shift the whole histogram away from the red line.
C) Nothing suggests related fish.
D) Even perfect measurements would give this spread, because each net catches different fish.",Is the histogram centered on the red line?,ch08-var-trout-unbiased.png,yes,ch08-book-03,,all (AI variant),,ch08-book-03
ch08-book-04-v1,AI variant of ch08-book-04,8,"sampling bias, random sampling",MC,"I estimated the mean number of children per family by surveying random high-school students about their own families. My estimate (3.2) was well above the true mean (2.6). Why, and how could I fix it?","A) Families with more children have more students who could be picked, so big families were oversampled. Fix: randomly sample families (e.g., households), not students
B) My sample was too small. Fix: survey more students the same way
C) Students are bad at counting siblings. Fix: check birth records
D) Bad luck. Fix: repeat the survey",A,"Sampling students gives each family a chance proportional to its number of children: size-biased sampling, like random nucleotides oversampling long genes. Each family needs an equal chance.","B) A bigger biased sample is still biased.
C) Even perfect counting gives the same bias.
D) Repeating gives the same systematic error.",Does every family have the same chance of being in the sample?,,yes,ch08-book-04,,all (AI variant),,ch08-book-04
ch08-book-04-v2,AI variant of ch08-book-04,8,"sampling bias, random sampling",MC,"To estimate mean group size of wild horses, researchers flew over the range and photographed a random spot, recording the size of the group closest to that spot. Estimates were consistently larger than the true mean group size. Why?","A) Large groups cover more ground, so they're more likely to be nearest a random spot: big groups are oversampled
B) Horses move, so photos are blurry
C) The flights were too short
D) The researchers made arithmetic errors",A,"Like random nucleotides landing in long genes, random spots are more likely to land near big groups. That's size-biased sampling. Fix: sample groups with equal probability, e.g., list all groups and pick at random.","B), C) and D) None of these would push estimates consistently upward.",Which groups are easiest to 'hit' with a random spot?,,yes,ch08-book-04,,all (AI variant),,ch08-book-04
ch08-book-05-v1,AI variant of ch08-book-05,8,"sampling distribution, population distribution",MC,"Individual oak heights range from about 6 to 30 m, but means of random samples of 64 oaks all fall between about 16.5 and 19.5 m. Why is the range of the means so much smaller?","A) Averaging many trees cancels out extremes, so estimates vary much less than individuals
B) Sampling bias
C) Non-independence
D) The samples of 64 must have excluded the tallest and shortest trees",A,One very tall tree in a sample of 64 is diluted by 63 others. That's why SE = SD/√n is much smaller than the SD.,"B) Bias would shift the center, not narrow the spread.
C) Non-independence would widen, not narrow.
D) Random samples include extreme trees; they just don't dominate the mean.",What happens to one extreme value when averaged with 63 others?,,yes,ch08-book-05,,all (AI variant),,ch08-book-05
ch08-book-05-v2,AI variant of ch08-book-05,8,"sampling distribution, population distribution",MC,Which will be more spread out?,"A) Heights of 1,000 individual students
B) Mean heights of 1,000 random samples of 25 students
C) They'll be equally spread out
D) It depends on whether the population is skewed",A,"Individuals vary the most. Means of 25 vary about 1/√25 = 1/5 as much (SE = SD/√n), whatever the shape of the population.","B) Means are less variable than individuals.
C) and D) Averaging always reduces spread.",Do means vary more or less than individuals?,,yes,ch08-book-05,,all (AI variant),,ch08-book-05
ch08-book-06-v1,AI variant of ch08-book-06,8,"sampling error, standard error, sample size",MC,"In a large Clarkia population, 30% of plants have pink flowers. The plot shows the sampling distributions of the proportion of pink plants in random samples of n = 10, 40 and 160 plants (red line = true proportion, 0.30).

What explains the difference between the panels, and which n has the smallest standard error?","A) Less sampling error in larger samples; n = 160 has the smallest SE
B) Less sampling bias in larger samples; n = 160 has the smallest SE
C) Less non-independence in larger samples; n = 10 has the smallest SE
D) Less sampling error in larger samples; they all have about the same SE",A,"All three are centered on 0.30 (no bias) and get narrower as n increases. SE = √(0.3 × 0.7 / n): about 0.145, 0.072 and 0.036.","B) None is biased.
C) Sample size doesn't change independence; n = 10 has the largest SE.
D) The widths clearly differ.",Center = bias; width = sampling error / SE.,ch08-var-pink-sampdist.png,yes,ch08-book-06,,all (AI variant),,ch08-book-06
ch08-book-06-v2,AI variant of ch08-book-06,8,"sampling error, standard error, sample size",MC,"Imagine we could measure every one of the 8,000 red oaks in a forest: their mean height is 18.0 m and the SD is 4.0 m. The plot shows sampling distributions of the mean height for random samples of n = 4, 16 and 64 trees (each panel is a histogram of 10,000 sample means; red line = true mean).

Going from n = 16 to n = 64 (four times as many trees), what happens to the standard error?","A) It halves (from about 1 m to about 0.5 m)
B) It shrinks to a quarter
C) It stays the same
D) It doubles",A,"SE = SD/√n. Quadrupling n doubles √n, so the SE halves: 4/√16 = 1 m, 4/√64 = 0.5 m. You can see the n = 64 panel is about half as wide as n = 16.","B) That would need 16 times the sample.
C) The SE depends on n.
D) Larger samples reduce the SE.",SE = SD / √n. What happens to √n when n quadruples?,ch08-var-oak-sampdist.png,yes,ch08-book-06,,all (AI variant),,ch08-book-06
ch08-book-07-v1,AI variant of ch08-book-07,8,"sampling distribution, standard error",matching,"Imagine we could measure every one of the 8,000 red oaks in a forest: their mean height is 18.0 m and the SD is 4.0 m. The plot shows sampling distributions of the mean height for random samples of n = 4, 16 and 64 trees (each panel is a histogram of 10,000 sample means; red line = true mean).

Approximately what proportion of sample means are:

1. greater than 18 m, for n = 4?
2. greater than 18 m, for n = 64?
3. greater than 20 m, for n = 4?
4. greater than 20 m, for n = 64?","A) way less than 0.01
B) about 0.16
C) about 0.50","1-C, 2-C, 3-B, 4-A","Both are centered on 18 m, so about half are above it regardless of n. Only the wide n = 4 distribution reaches 20 m often (about 16%); for n = 64 a mean of 20 m is 4 SEs away and essentially never happens.",Being centered on the truth doesn't depend on n; reaching far from it does.,"Find the red line, then find 20 m in each panel.",ch08-var-oak-sampdist.png,yes,ch08-book-07,"Simulated: P(>18) = 0.50, 0.50; P(>20) = 0.16, 0.00.",all (AI variant),,ch08-book-07
ch08-book-07-v2,AI variant of ch08-book-07,8,"sampling distribution, standard error",MC,"A hatchery pond holds thousands of trout with a true mean length of 31.0 cm. A technician nets 25 fish at random, measures them, and returns them, and does this 1000 times. The plot shows the 1000 estimated means (red line = true mean).

If the technician had netted 100 fish each time instead of 25, how would the histogram change?","A) Still centered on 31 cm, but about half as wide
B) Shifted closer to 31 cm
C) Centered on 31 cm and the same width
D) About a quarter as wide",A,"Random samples stay centered on the truth. The SE scales with 1/√n, so 4 times the fish makes it 1/2 as wide.","B) It's already centered on 31 cm.
C) Larger samples reduce the spread.
D) That would take 16 times the fish.",SE = SD / √n.,ch08-var-trout-unbiased.png,yes,ch08-book-07,,all (AI variant),,ch08-book-07
ch08-book-08-v1,AI variant of ch08-book-08,8,"standard error, parameters vs estimates, population",MC,A national park counts every one of its 412 bighorn sheep from the air and finds the mean group size is 7.3. What is the standard error of this mean?,"A) There is none: every sheep in the population was counted, so 7.3 is the parameter
B) The SD of group sizes
C) The SD of group sizes divided by √412
D) 7.3 / √412",A,"An SE describes how much an estimate would vary across samples. A complete census has no sampling, so no sampling error and no SE (though counting mistakes are still possible).","B) That's the spread among groups.
C) That would apply if these 412 were a sample from a larger population.
D) The wrong formula, and it doesn't apply anyway.",Is this a sample or the whole population?,,yes,ch08-book-08,,all (AI variant),,ch08-book-08
ch08-book-08-v2,AI variant of ch08-book-08,8,"standard error, parameters vs estimates, population",MC,A teacher calculates the mean exam score of all 28 students in her class: 81.5. She only cares about this class. Should she report a standard error?,"A) No: she measured the whole population she cares about, so 81.5 is the parameter
B) Yes: every mean needs a standard error
C) Yes, because 28 is a small number
D) Only if the scores are normally distributed",A,"Whether something is a population depends on the question. If the class is the population of interest, the mean is known exactly. If she wanted to generalize to future classes, then this class would be a sample and an SE would make sense.","B) SEs describe sampling error; no sampling, no SE.
C) Small populations are still populations.
D) Shape doesn't matter here.","Is she sampling, or did she measure everyone she cares about?",,yes,ch08-book-08,,all (AI variant),,ch08-book-08
ch00-book-01-v1,AI variant of ch00-book-01,0,variable types,MC,Whether or not a seed germinated (yes/no) is a special kind of categorical variable known as a ___ variable.,"A) Nominal
B) Binary
C) Ordinal
D) Continuous",B,A categorical variable with exactly two possible values (germinated or not) is binary.,"A) Nominal variables can have many unordered categories; binary is the special two-category case.
C) Yes/no has no natural ranking.
D) Germination here is a category, not a measurement on a scale.",How many possible values are there?,,yes,ch00-book-01,,all (AI variant),,ch00-book-01
ch00-book-01-v2,AI variant of ch00-book-01,0,variable types,MC,A researcher records whether each lizard was caught in the sun or in the shade. This variable is best described as:,"A) Binary
B) Ordinal
C) Discrete
D) Continuous",A,Two unordered categories (sun or shade) make a binary variable.,"B) Sun and shade aren't ranked.
C) Discrete variables are counts; this is a category.
D) There's no measurement scale here.",Count the categories.,,yes,ch00-book-01,,all (AI variant),,ch00-book-01
ch00-book-02-v1,AI variant of ch00-book-02,0,variable types,MC,Which of these variables is best described as continuous?,"A) Number of eggs in a nest
B) Body temperature of a lizard
C) Species of lizard
D) Whether a nest was predated (yes/no)",B,"Temperature can take any value in a range (32.4, 32.41 …), so it's continuous.","A) Eggs are counted in whole numbers: discrete.
C) Species is a category (nominal).
D) Yes/no is binary.",Could the value fall between any two values you can name?,,yes,ch00-book-02,,all (AI variant),,ch00-book-02
ch00-book-02-v2,AI variant of ch00-book-02,0,variable types,MC,Which of these variables is best described as continuous?,"A) Number of leaves on a seedling
B) Leaf color (green, yellow, brown)
C) Seedling height in mm
D) Rank of the seedling in a size contest (1st, 2nd, 3rd)",C,"Height is measured on a scale and can take any value within a range, so it's continuous.","A) Leaves are counted: discrete.
B) Color categories are nominal.
D) Ranks are ordinal.","Is it counted, ranked, named, or measured?",,yes,ch00-book-02,,all (AI variant),,ch00-book-02
ch00-book-03-v1,AI variant of ch00-book-03,0,variable types,MC,The number of seeds in a single fruit is:,"A) Binary
B) Continuous
C) Discrete",C,"Seeds are counted in whole numbers (0, 1, 2, …), so the variable is discrete.","A) There are more than two possible values.
B) You can't have 12.6 seeds.",Can the value be a fraction?,,yes,ch00-book-03,,all (AI variant),,ch00-book-03
ch00-book-03-v2,AI variant of ch00-book-03,0,variable types,MC,The number of times a bird visits a feeder in an hour is:,"A) Discrete
B) Continuous
C) Ordinal
D) Binary",A,"Visits are counted in whole numbers, so this is a discrete numeric variable.","B) There's no such thing as 3.7 visits.
C) Counts have equal steps between values; ordinal categories don't.
D) There are more than two possible values.",Is it a count or a measurement?,,yes,ch00-book-03,,all (AI variant),,ch00-book-03
ch00-book-04-v1,AI variant of ch00-book-04,0,variable types,TF,"TRUE or FALSE: Field sites labeled 1, 2 and 3 on a map are numeric variables.","A) TRUE
B) FALSE",B,"The numbers are just labels for sites. Site 3 isn't 'more' than site 1, and averaging site labels is meaningless, so the variable is categorical.",A) Being written as numbers doesn't make a variable numeric.,Would the average site number mean anything?,,yes,ch00-book-04,,all (AI variant),,ch00-book-04
ch00-book-04-v2,AI variant of ch00-book-04,0,variable types,TF,"TRUE or FALSE: Lab mice identified by ear-tag numbers (e.g., 1042, 1187) have a numeric variable for 'mouse ID'.","A) TRUE
B) FALSE",B,Tag numbers identify individuals; arithmetic on them is meaningless. Mouse ID is a categorical (nominal) variable.,A) A number used as a name is still a name.,Does mouse 1187 have more of something than mouse 1042?,,yes,ch00-book-04,,all (AI variant),,ch00-book-04
ch00-book-05-v1,AI variant of ch00-book-05,0,variable types,TF,"TRUE or FALSE: Pain reported on a scale of 'none, mild, moderate, severe' is clearly numeric.","A) TRUE
B) FALSE",B,"The categories are ordered, but the gaps between them aren't necessarily equal, so this is an ordinal categorical variable. Coding it 0–3 doesn't make it truly numeric.",A) Order alone doesn't make a variable numeric; the spacing between levels is unknown.,Is the step from mild to moderate the same size as from moderate to severe?,,yes,ch00-book-05,,all (AI variant),,ch00-book-05
ch00-book-05-v2,AI variant of ch00-book-05,0,variable types,TF,TRUE or FALSE: A plant's age in days since germination is numeric.,"A) TRUE
B) FALSE",A,"Days are measured on a scale with equal intervals, so arithmetic (differences, averages) makes sense. It's numeric.","B) Unlike labels or ordered categories, days since germination are true quantities.",Does the average age make sense?,,yes,ch00-book-05,,all (AI variant),,ch00-book-05
ch00-book-06-v1,AI variant of ch00-book-06,0,variable types,MC,"The variable 'blood type' (A, B, AB or O) is a ___ variable.","A) Nominal
B) Binary
C) Ordinal
D) Discrete",A,"Blood types are unordered categories, and there are more than two, so it's nominal.","B) There are four categories, not two.
C) No blood type ranks above another.
D) Discrete variables are counts.",Is there a natural order? How many categories?,,yes,ch00-book-06,,all (AI variant),,ch00-book-06
ch00-book-06-v2,AI variant of ch00-book-06,0,variable types,MC,"The variable 'habitat type' (forest, grassland, wetland, desert) is a ___ variable.","A) Ordinal
B) Nominal
C) Continuous
D) Binary",B,Several unordered categories: nominal.,"A) The habitats aren't ranked.
C) There's no measurement scale.
D) There are more than two categories.",Does the order of the categories matter?,,yes,ch00-book-06,,all (AI variant),,ch00-book-06
ch00-book-07-v1,AI variant of ch00-book-07,0,"variable types, modeling choices",TF,"TRUE or FALSE: Although body mass is continuous, it's sometimes reasonable to analyze it as categories (e.g., small, medium, large).","A) TRUE
B) FALSE",A,"How we model a variable is a choice. Continuous variables are sometimes binned (with some loss of information), and counts are often modeled as continuous.","B) Variable type guides the analysis, but it isn't an unbreakable rule.",Is the way we model a variable fixed forever?,,yes,ch00-book-07,,all (AI variant),,ch00-book-07
ch00-book-07-v2,AI variant of ch00-book-07,0,"variable types, modeling choices",TF,TRUE or FALSE: The number of seeds per plant (a count) can never be analyzed with methods meant for continuous data.,"A) TRUE
B) FALSE",B,"When counts are large and varied (e.g., 0–500 seeds), treating them as continuous is often a sensible modeling choice.","A) Discrete and continuous are descriptions, not strict rules about which models are allowed.","With counts in the hundreds, does the gap between 213 and 214 matter much?",,yes,ch00-book-07,,all (AI variant),,ch00-book-07
ch00-canvas-01-v1,AI variant of ch00-canvas-01,0,variable types,MC,"Bird song is recorded as 'trill', 'whistle', 'buzz' or 'chatter'. Song type is a special kind of categorical variable known as a ___ variable.","A) Binary
B) Nominal
C) Continuous
D) Ordinal",B,Several unordered categories: nominal.,"A) There are four song types, not two.
C) These are categories, not measurements.
D) No song type ranks above another.",Is there a natural order to the categories?,,yes,ch00-canvas-01,,all (AI variant),,ch00-canvas-01
ch00-canvas-01-v2,AI variant of ch00-canvas-01,0,variable types,MC,"Fruit ripeness is scored as 'unripe', 'ripe' or 'overripe'. This is a ___ variable.","A) Nominal
B) Ordinal
C) Binary
D) Continuous",B,"The categories have a natural order (unripe < ripe < overripe), so the variable is ordinal.","A) Nominal categories have no order; these do.
C) There are three categories.
D) There's no measurement scale.",Can you put the categories in order?,,yes,ch00-canvas-01,,all (AI variant),,ch00-canvas-01
ch00-canvas-02-v1,AI variant of ch00-canvas-02,0,variable types,MC,Which of these variables is best described as continuous?,"A) Distance a seed travels from the parent plant
B) Number of seeds dispersed
C) Dispersal mode (wind, animal, water)",A,"Distance can take any value in a range, so it's continuous.","B) Seeds are counted: discrete.
C) Dispersal mode is a category (nominal).",Measured or counted?,,yes,ch00-canvas-02,,all (AI variant),,ch00-canvas-02
ch00-canvas-02-v2,AI variant of ch00-canvas-02,0,variable types,MC,Which of these variables is best described as continuous?,"A) Number of bees visiting a flower
B) Nectar volume in a flower (µL)
C) Flower color",B,Nectar volume is measured on a continuous scale.,"A) Bees are counted: discrete.
C) Color is categorical.",Which can take fractional values?,,yes,ch00-canvas-02,,all (AI variant),,ch00-canvas-02
ch00-canvas-03-v1,AI variant of ch00-canvas-03,0,variable types,MC,The number of eggs a frog lays in one clutch is a ____ variable.,"A) Continuous
B) Binary
C) Discrete",C,Eggs are counted in whole numbers: discrete.,"A) You can't lay 412.3 eggs.
B) There are many possible values.",Can the value be a fraction?,,yes,ch00-canvas-03,,all (AI variant),,ch00-canvas-03
ch00-canvas-03-v2,AI variant of ch00-canvas-03,0,variable types,MC,The number of aphids on a leaf is a ____ variable.,"A) Discrete
B) Continuous
C) Nominal",A,"Aphids are counted, so the variable is discrete numeric.","B) Counts can't be fractional.
C) It's a quantity, not a category.",Counted or measured?,,yes,ch00-canvas-03,,all (AI variant),,ch00-canvas-03
ch00-canvas-04-v1,AI variant of ch00-canvas-04,0,variable types,TF,TRUE or FALSE: Plots numbered 1 to 40 in a field experiment make 'plot number' a numeric variable.,"A) TRUE
B) FALSE",B,"Plot numbers are labels. Plot 40 doesn't have 'more' of anything than plot 2, so plot number is categorical.",A) Numbers used as names don't make a variable numeric.,Does arithmetic on plot numbers mean anything?,,yes,ch00-canvas-04,,all (AI variant),,ch00-canvas-04
ch00-canvas-04-v2,AI variant of ch00-canvas-04,0,variable types,TF,TRUE or FALSE: The number of fruits on each plant is a numeric variable.,"A) TRUE
B) FALSE",A,"Fruit number is a count: a discrete numeric variable where arithmetic makes sense (e.g., the mean number of fruits).","B) Unlike ID numbers, counts are real quantities.",Is this a label or a quantity?,,yes,ch00-canvas-04,,all (AI variant),,ch00-canvas-04
ch00-canvas-05-v1,AI variant of ch00-canvas-05,0,variable types,TF,"TRUE or FALSE: Finishing place in a race (1st, 2nd, 3rd, …) is clearly numeric.","A) TRUE
B) FALSE",B,"Places are ordered, but the gaps aren't equal: 1st might win by a second and 2nd beat 3rd by a minute. That makes finishing place ordinal.",A) Order isn't the same as equal spacing.,Is the gap between 1st and 2nd always the same as between 2nd and 3rd?,,yes,ch00-canvas-05,,all (AI variant),,ch00-canvas-05
ch00-canvas-05-v2,AI variant of ch00-canvas-05,0,variable types,TF,TRUE or FALSE: A runner's race time in seconds is numeric.,"A) TRUE
B) FALSE",A,"Time is measured on a scale with equal intervals, so it's numeric (continuous).","B) Unlike finishing place, time differences are meaningful.",Does subtracting two times mean something?,,yes,ch00-canvas-05,,all (AI variant),,ch00-canvas-05
ch00-canvas-06-v1,AI variant of ch00-canvas-06,0,"variable types, modeling choices",TF,TRUE or FALSE: The number of leaves on a plant (a count) can reasonably be modeled as continuous in some analyses.,"A) TRUE
B) FALSE",A,"Counts with many possible values are often treated as continuous. Modeling is a choice guided by, not dictated by, variable type.",B) Variable type isn't an unbreakable rule.,"If counts range from 0 to 300, how much does the 'whole number' part matter?",,yes,ch00-canvas-06,,all (AI variant),,ch00-canvas-06
ch00-canvas-06-v2,AI variant of ch00-canvas-06,0,"variable types, modeling choices",TF,"TRUE or FALSE: Once a variable is classified as continuous, it must always be analyzed as continuous.","A) TRUE
B) FALSE",B,Analysts sometimes bin continuous variables or treat counts as continuous. Variable types describe data; they don't lock in the analysis.,A) That's too strict.,"Could there be good reasons to analyze body mass as small, medium or large?",,yes,ch00-canvas-06,,all (AI variant),,ch00-canvas-06
ch01-book-01-v1,AI variant of ch01-book-01,1,"R basics, errors & debugging",MC,"Entering ""10"" + 5 into R produces:","A) 15
B) ""105""
C) Error in ""10"" + 5 : non-numeric argument to binary operator
D) Error: object 10 not found",C,"The quotes make ""10"" a character string, not a number, so R can't add it to 5.","A) R doesn't convert text to numbers automatically here.
B) R's + doesn't paste strings together.
D) Quotes make it a value, not an object name.",What do quotation marks do in R?,,yes,ch01-book-01,,all (AI variant),,ch01-book-01
ch01-book-01-v2,AI variant of ch01-book-01,1,"R basics, errors & debugging",MC,You type sqrt(x) but never created x. What does R say?,"A) 0
B) Error: object 'x' not found
C) Error: non-numeric argument to mathematical function
D) NA",B,"Without quotes, x is treated as the name of an object. Since nothing called x exists, R can't find it.","A) and D) R doesn't invent a value for a missing object.
C) That error appears when x exists but holds text.",Does an object named x exist yet?,,yes,ch01-book-01,,all (AI variant),,ch01-book-01
ch01-book-02-v1,AI variant of ch01-book-02,1,R basics,MC,Which logical comparison gives a surprising FALSE in R (and most programming languages)?,"A) (1 + 1) == 2
B) (0.1 * 3) == 0.3
C) 5 > 3
D) (4 / 2) == 2",B,"Computers store most decimals in binary only approximately, so 0.1 * 3 is 0.30000000000000004, not exactly 0.3. Use all.equal() or round() to compare decimals.","A), C) and D) Whole-number arithmetic is exact, so these behave as expected.",Which comparison involves decimals that can't be stored exactly?,,yes,ch01-book-02,,all (AI variant),,ch01-book-02
ch01-book-02-v2,AI variant of ch01-book-02,1,R basics,MC,Why can (0.2 + 0.1) == 0.3 return FALSE in R?,"A) Decimals are stored with tiny rounding errors in binary
B) R rounds all numbers to whole numbers
C) == only works for text
D) R has a bug that should be reported",A,"Many decimals (like 0.1) have no exact binary representation, so tiny errors creep in. Compare decimals with all.equal() or by rounding.","B) R keeps decimals.
C) == compares numbers too.
D) It's expected behavior in nearly all languages.",How does a computer store 0.1?,,yes,ch01-book-02,,all (AI variant),,ch01-book-02
ch01-book-03-v1,AI variant of ch01-book-03,1,"R basics, vectors",MC,"You measured the length and width (cm) of six bean pods, stored in vectors pod_length and pod_width (same pod order). Pod area ≈ 0.7 × length × width. Which code gives the mean pod area?","A) mean(0.7 * pod_length * pod_width)
B) 0.7 * mean(pod_length) * mean(pod_width)
C) sum(0.7 * pod_length * pod_width)
D) mean(pod_length * pod_width)",A,"Multiplying vectors works element by element, giving one area per pod; mean() then averages those six areas.","B) The mean of products isn't the product of means (unless length and width are unrelated).
C) That's the total, not the mean.
D) Leaves out the 0.7 conversion.","Compute each pod's area first, then average.",,yes,ch01-book-03,,all (AI variant),,ch01-book-03
ch01-book-03-v2,AI variant of ch01-book-03,1,"R basics, vectors",MC,temps_c holds five temperatures in °C. Which code converts them all to °F (F = 1.8 × C + 32) in one step?,"A) 1.8 * temps_c + 32
B) for each temps_c: 1.8 * temps_c + 32
C) mean(1.8 * temps_c + 32)
D) 1.8 * mean(temps_c) + 32",A,"R's arithmetic is vectorized: the formula is applied to every element, returning five Fahrenheit values.","B) Not valid R syntax.
C) and D) Both return one number (the mean), not five conversions.",R applies arithmetic to each element of a vector automatically.,,yes,ch01-book-03,,all (AI variant),,ch01-book-03
ch01-book-04-v1,AI variant of ch01-book-04,1,"R basics, packages, scripts",MC,"A script has two lines, in this order:
Line 1: ggplot(iris, aes(x = Sepal.Length)) + geom_histogram()
Line 2: library(ggplot2)
You restart R and run the script top to bottom. What happens?","A) A histogram appears
B) Error: could not find function ""ggplot""
C) R installs ggplot2 automatically
D) Nothing happens",B,"R runs lines in order. When line 1 runs, ggplot2 hasn't been loaded yet, so R can't find ggplot(). Load packages at the top.","A) It would only work if ggplot2 was already loaded from earlier in the session.
C) R never installs packages automatically.
D) R reports an error.",Which line runs first?,,yes,ch01-book-04,,all (AI variant),,ch01-book-04
ch01-book-04-v2,AI variant of ch01-book-04,1,"R basics, packages, scripts",MC,Where should library() calls go in an R script?,"A) At the top, before any code that uses the package
B) At the very end of the script
C) Right after the first time you use a function from the package
D) It doesn't matter",A,"A script runs top to bottom, so packages must be loaded before their functions are used. Putting them at the top also shows readers what the script needs.","B) and C) Code that runs before library() will fail.
D) Order matters in a script.",Scripts run in order.,,yes,ch01-book-04,,all (AI variant),,ch01-book-04
ch01-book-05-v1,AI variant of ch01-book-05,1,"R basics, assignment & environment",MC,"Your script contains a <- c(2, 4, 6) and b <- 10, but the Environment pane shows only a (num [1:3] 2 4 6). What happens if you type a / 2 in the console?","A) Error: object 'a' not found
B) 1 2 3
C) 0.5 1 1.5",B,"a exists in the Environment (that line was run), so R divides each element by 2.","A) a is listed in the Environment.
C) That would be dividing by 4; a / 2 halves each value.",Is a in the Environment?,,yes,ch01-book-05,,all (AI variant),,ch01-book-05
ch01-book-05-v2,AI variant of ch01-book-05,1,"R basics, assignment & environment",MC,"A script contains counts <- c(5, 8, 12). You ran that line. What does sum(counts) return?","A) 25
B) Error: object 'counts' not found
C) 5 8 12
D) 3",A,"Running the line created counts in the Environment, so sum() adds 5 + 8 + 12.","B) The line was run, so counts exists.
C) That would just print the vector.
D) That's length(counts).",Was the line that creates counts run?,,yes,ch01-book-05,,all (AI variant),,ch01-book-05
ch01-book-06-v1,AI variant of ch01-book-06,1,"R basics, assignment & environment",MC,"Your script contains a <- c(2, 4, 6) and b <- 10, but the Environment pane shows only a. What happens if you type a + b in the console?","A) Error: object 'a' not found
B) Error: object 'b' not found
C) 12 14 16
D) 2 4 6",B,"Writing a line in a script doesn't run it. b <- 10 was never run, so b doesn't exist yet.","A) a exists.
C) That's what you'd get after running b <- 10.
D) b isn't treated as 0.",Which objects are actually in the Environment?,,yes,ch01-book-06,,all (AI variant),,ch01-book-06
ch01-book-06-v2,AI variant of ch01-book-06,1,"R basics, assignment & environment",MC,You wrote total <- 100 in your script but didn't run it. Then you type total / 4 in the console. What happens?,"A) 25
B) Error: object 'total' not found
C) 0
D) R runs the script line automatically",B,"Code in a script does nothing until it's run. Until then, total doesn't exist.","A) That's what you'd get after running the line.
C) Missing objects aren't treated as zero.
D) R never runs script lines on its own.",Writing code isn't the same as running it.,,yes,ch01-book-06,,all (AI variant),,ch01-book-06
ch01-book-07-v1,AI variant of ch01-book-07,1,learning R,MC,A classmate spends 45 minutes on an error that turns out to be a missing comma. What's the most useful way to see it?,"A) They aren't cut out for coding
B) Debugging is part of coding, and they now know to check for missing commas
C) R is badly designed
D) They should avoid writing code",B,"Everyone hits small, frustrating bugs. Finding them builds skill: next time, they'll spot the comma faster.","A), C) and D) These framings make learning harder and aren't accurate.",Does an experienced coder never make typos?,,yes,ch01-book-07,,all (AI variant),,ch01-book-07
ch01-book-07-v2,AI variant of ch01-book-07,1,learning R,MC,"After an hour of debugging, you realize you spelled a column name 'Petal.lenght'. What's the best takeaway?","A) You should give up on R
B) Check spelling and capitalization early when you see 'object not found'
C) Always ask someone else to write your code
D) Never use long column names",B,Typos are among the most common causes of errors. Building a habit of checking names first makes debugging faster.,"A) and C) Unhelpful conclusions.
D) Clear names are good; you just need to check them.",What error message usually comes from a typo in a name?,,yes,ch01-book-07,,all (AI variant),,ch01-book-07
ch01-book-08-v1,AI variant of ch01-book-08,1,"R basics, scripts & reproducibility",MC,"Script A:
x <- c(12, 15, 9)
y <- x / 60

Script B:
minutes_foraging <- c(12, 15, 9)
hours_foraging <- minutes_foraging / 60

Which is better?","A) Script A, it's shorter
B) Script B, the names say what the numbers are
C) They both work, so they're equally good
D) It depends on the computer",B,Descriptive names make code readable for others and for future you. Shorter isn't better if no one can tell what x and y mean.,"A) Brevity at the cost of clarity isn't a win.
C) Working code can still be hard to read.
D) Readability doesn't depend on the computer.",Which would you understand six months from now?,,yes,ch01-book-08,,all (AI variant),,ch01-book-08
ch01-book-08-v2,AI variant of ch01-book-08,1,"R basics, scripts & reproducibility",MC,Which object name is best for the mean beak depth of finches measured in 2024?,"A) x
B) mean_beak_depth_2024
C) thing1
D) m",B,"Descriptive, consistent names (snake_case) make code self-explaining.","A), C) and D) Short or vague names force readers to guess.",Could someone guess what it holds from the name alone?,,yes,ch01-book-08,,all (AI variant),,ch01-book-08
ch01-book-09-v1,AI variant of ch01-book-09,1,"scripts & reproducibility, packages",MC,"Consider these lines:
a) install.packages(""dplyr"")
b) library(dplyr)
c) View(my_data)
d) my_data <- read_csv(""data/plants.csv"")
Which two belong in a saved, shareable script (assuming you use dplyr functions)?","A) a & b
B) b & d
C) a & c
D) c & d",B,"Load packages and read data in the script. Install packages once in the console (not every run), and leave interactive View() calls out.","A) Includes install.packages(), which reinstalls every run, and leaves out reading the data.
C) Both are console-only actions.
D) View() is interactive clutter, and dplyr is never loaded.",Which lines does the analysis actually need every time it runs?,,yes,ch01-book-09,,all (AI variant),,ch01-book-09
ch01-book-09-v2,AI variant of ch01-book-09,1,"scripts & reproducibility, packages",MC,Why shouldn't install.packages() usually be in your saved script?,"A) You only need to install a package once; installing on every run is slow and unnecessary
B) install.packages() doesn't work in scripts
C) It deletes your data
D) It loads the package twice",A,Install once from the console; then use library() in the script to load it each session.,"B) It works, it's just unnecessary.
C) It doesn't touch your data.
D) Installing isn't loading; library() loads.",What's the difference between installing and loading a package?,,yes,ch01-book-09,,all (AI variant),,ch01-book-09
ch01-book-10-v1,AI variant of ch01-book-10,1,learning R,MC,Which habit will help you most in learning R over the semester?,"A) Copying code from AI without reading it
B) Practicing a little often and reading error messages carefully
C) Memorizing every function's arguments
D) Avoiding code that might give errors",B,Frequent practice and learning from errors builds lasting skill.,"A) You won't learn what the code does.
C) You can look arguments up; understanding matters more.
D) Errors are how you learn.",What builds understanding rather than just output?,,yes,ch01-book-10,,all (AI variant),,ch01-book-10
ch01-book-10-v2,AI variant of ch01-book-10,1,learning R,MC,You're stuck on an R error. Which approach is most likely to help you learn?,"A) Read the error, form a guess about the cause, test it, and ask for help if stuck
B) Restart your computer until it works
C) Delete the code and give up
D) Paste the whole assignment into AI and submit the result",A,"Reading errors, forming hypotheses and testing them is how debugging skill develops. Asking for help after trying is great.","B) Rarely fixes a code error.
C) You learn nothing.
D) You skip the learning.",Which option involves you thinking about the problem?,,yes,ch01-book-10,,all (AI variant),,ch01-book-10
ch01-quiz-01-v1,AI variant of ch01-quiz-01,1,"R basics, assignment & environment",MC,"Two students each wrote y <- 12 in a script.
Student A ran the line: the Console shows > y <- 12 and the Environment lists y = 12.
Student B only typed it; the Environment is empty.
If each now types y * 2 in the console, who gets 24?","A) A only
B) B only
C) Both
D) Neither",A,"Only running a line creates the object. Student B's y doesn't exist yet, so they'll get 'object not found'.","B) and C) Typing without running does nothing.
D) Student A ran the line.",Whose Environment contains y?,,yes,ch01-quiz-01,,all (AI variant),,ch01-quiz-01
ch01-quiz-01-v2,AI variant of ch01-quiz-01,1,"R basics, assignment & environment",MC,You ran z <- 3 an hour ago. Since then you edited the script line to z <- 7 but didn't rerun it. What is z right now?,"A) 3
B) 7
C) 10
D) z doesn't exist",A,The Environment holds whatever was last run. Editing a script line doesn't change the object until you run it again.,"B) The edit hasn't been run.
C) Assignment replaces, it doesn't add.
D) z was created when you ran the first version.",What was the last line that actually ran?,,yes,ch01-quiz-01,,all (AI variant),,ch01-quiz-01
ch01-quiz-02-v1,AI variant of ch01-quiz-02,1,"R basics, assignment & environment, packages",MC,"The iris data has a column called Species. You run:
iris |> rename(species = Species)
The console shows the renamed column. You then type View(iris). What is the column called?","A) Species
B) species
C) Both columns appear
D) The column is gone",A,"rename() returned a modified copy and printed it, but nothing saved it: iris was never reassigned. To keep it: iris <- iris |> rename(species = Species).","B) That's only true after reassigning with <-.
C) rename() renames; it doesn't duplicate.
D) Nothing was deleted.",Was the result saved back into iris?,,yes,ch01-quiz-02,,all (AI variant),,ch01-quiz-02
ch01-quiz-02-v2,AI variant of ch01-quiz-02,1,"R basics, assignment & environment",MC,You run sort(weights) and the console shows the values in increasing order. Then you type weights. What order are the values in?,"A) Increasing order
B) Their original order
C) Decreasing order
D) Error: object not found",B,sort() returns a sorted copy without changing weights. To keep the sorted version: weights <- sort(weights).,"A) Only if you reassigned.
C) sort() defaults to increasing, and it didn't change weights anyway.
D) weights still exists.",Did anything assign the sorted result?,,yes,ch01-quiz-02,,all (AI variant),,ch01-quiz-02
ch01-quiz-03-v1,AI variant of ch01-quiz-03,1,"R basics, errors & debugging, packages",MC,"You type ggplot(iris, aes(x = Sepal.Length)) + geom_histogram() and get:
Error in ggplot(iris, aes(x = Sepal.Length)) : could not find function ""ggplot""
What went wrong?","A) ggplot2 isn't loaded
B) iris doesn't exist
C) Sepal.Length is misspelled
D) geom_histogram() needs more arguments",A,'could not find function' means R doesn't know the function: usually the package isn't loaded (library(ggplot2)) or the name is misspelled.,"B) A missing dataset gives 'object not found'.
C) A wrong column name gives a different error.
D) geom_histogram() works with defaults.",What does 'could not find function' usually mean?,,yes,ch01-quiz-03,,all (AI variant),,ch01-quiz-03
ch01-quiz-03-v2,AI variant of ch01-quiz-03,1,"R basics, errors & debugging",MC,"You type Mean(c(1, 2, 3)) and get: could not find function ""Mean"". What's the fix?","A) Load a package for Mean
B) Use lowercase: mean(c(1, 2, 3))
C) Put quotes around the numbers
D) Reinstall R",B,"R is case-sensitive: the base function is mean(), not Mean(). 'could not find function' can mean a typo, including capitalization.","A) mean() is built in; no package is needed.
C) Quotes would make the numbers text.
D) Unnecessary.",R cares about capital letters.,,yes,ch01-quiz-03,,all (AI variant),,ch01-quiz-03
ch02-chimein-02-v1,AI variant of ch02-chimein-02,2,data viz principles,MC,Both layouts show flipper length for three penguin species as small multiples. In A the panels are stacked and share one x-axis; in B they sit side by side. Which layout makes it easier to compare where each species' values fall?,"A) A, because stacking on a shared x-axis lines up the values, so positions can be compared directly
B) B, because side-by-side panels are always easier to read
C) There is no difference",A,"When panels are stacked on a common x-axis, the same flipper length sits at the same horizontal position in every panel, so you can see at a glance that Gentoo flippers are longer.","B) Side-by-side panels put the x-axes next to each other, so the eye has to jump between different axes to compare positions.
C) The layout changes which comparison is easy.",Which layout puts 200 mm at the same spot for every species?,ch02-var-penguin-smallmult.png,yes,ch02-chimein-02,,all (AI variant),,ch02-chimein-02
ch02-chimein-02-v2,AI variant of ch02-chimein-02,2,data viz principles,MC,You want readers to compare body mass (on the y-axis) across four treatment groups shown as small multiples. Which arrangement makes that comparison easiest?,"A) Panels side by side in one row, sharing the same y-axis
B) Panels stacked in one column, each with its own y-axis
C) Panels in a 2 × 2 grid, each with its own y-axis
D) Arrangement doesn't matter",A,"To compare values on the y-axis, line the panels up horizontally with a shared y-axis, so the same body mass sits at the same height in every panel.","B) and C) Separate y-axes break the comparison.
D) Arrangement determines which comparisons are easy.",Compare along x → stack vertically. Compare along y → place side by side.,,yes,ch02-chimein-02,,all (AI variant),,ch02-chimein-02
ch02-chimein-03-v1,AI variant of ch02-chimein-03,2,data viz principles,MC,Two density plots show bill length for three penguin species. In A the curves are solid; in B they're semi-transparent. Which plot is better?,"A) A, because solid colors stand out more
B) B, because you can see every species' distribution, even where they overlap
C) They're equally good",B,"With solid fills, curves drawn later cover earlier ones, hiding parts of the distributions (look at how Chinstrap and Gentoo cover each other in A). Transparency keeps all three visible.","A) Bold colors don't help if they hide data.
C) A hides information that B shows.","In plot A, can you see the whole Chinstrap curve?",ch02-var-penguin-density.png,yes,ch02-chimein-03,,all (AI variant),,ch02-chimein-03
ch02-chimein-03-v2,AI variant of ch02-chimein-03,2,data viz principles,MC,"You make overlapping density plots of leaf size for four plant populations, and the curves hide one another. What's the best fix?","A) Make the fills semi-transparent (e.g., alpha = 0.4), or facet by population
B) Use brighter colors
C) Remove the legend
D) Make the plot bigger",A,Transparency lets overlapping curves show through; faceting gives each population its own panel. Both keep every distribution visible.,"B) Brighter opaque colors still hide each other.
C) Removing the legend makes it harder to read.
D) Size doesn't fix overlap.",What would let you see through the front curve?,,yes,ch02-chimein-03,,all (AI variant),,ch02-chimein-03
ch02-chimein-04-v1,AI variant of ch02-chimein-04,2,data viz principles,MC,Two sets of faceted histograms show body mass for three penguin species. In A all panels share the x-axis (2700–6300 g). In B each panel has its own x-axis range. What makes plot B misleading?,"A) The bins are different widths
B) The y-axis counts differ
C) The same horizontal position means a different body mass in each panel, so the eye compares the wrong things",C,"In B, Gentoo's panel starts near 4000 g while Adelie's starts near 2900 g, so the three species look similar in size. Plot A, with a shared axis, shows Gentoo are clearly heavier.","A) Bin widths differ a little, but that's minor.
B) Different y-ranges are less of a problem here; the x-axis is what misleads.","In plot B, compare the left edges of the three panels.",ch02-var-penguin-facets.png,yes,ch02-chimein-04,,all (AI variant),,ch02-chimein-04
ch02-chimein-04-v2,AI variant of ch02-chimein-04,2,data viz principles,MC,"A bar chart compares mean nest temperature in two habitats. The y-axis starts at 30 °C instead of 0, so a 31 °C bar looks three times as tall as a 30.5 °C bar. What's the problem?","A) The axis choice exaggerates a small difference, so readers think it's huge
B) Temperatures can't be shown in bar charts
C) The colors are misleading
D) Nothing; truncated axes are always fine",A,Bar length should be proportional to the value. Cutting off the bottom of the axis makes a 0.5 °C difference look enormous. Use points (where a non-zero axis is fine) or start bars at zero.,"B) Bar charts can show temperatures, honestly.
C) Color isn't the issue.
D) Truncation is especially misleading for bars.",Does bar height still match the size of the values?,,yes,ch02-chimein-04,,all (AI variant),,ch02-chimein-04
ch02-quiz-01-v1,AI variant of ch02-quiz-01,2,"data viz principles, aesthetics",MC,Which aesthetic makes it easiest for readers to compare exact values of a continuous variable?,"A) Position along an axis (x or y)
B) Point size
C) Color shade
D) Transparency",A,"People judge positions along a common scale most accurately. Size, shade and transparency are much harder to read precisely.","B) Area is hard to judge (twice the size doesn't look twice as big).
C) Shades are hard to decode precisely.
D) Transparency is very hard to read as a value.",Which is easiest to read off a ruler?,,yes,ch02-quiz-01,,all (AI variant),,ch02-quiz-01
ch02-quiz-01-v2,AI variant of ch02-quiz-01,2,"data viz principles, aesthetics",MC,You need to show five variables in one plot. The most important comparison is between mass and bill length. Where should those two go?,"A) On the x and y axes
B) In color and point size
C) In facets
D) It doesn't matter",A,"Put the most important comparison on position (x and y), the aesthetics people read most accurately, and use color, size or facets for secondary variables.","B) Size and color are harder to compare precisely.
C) Facets are great for groups, not for a continuous comparison.
D) Mapping choices determine what's easy to see.",Which aesthetics do people read most accurately?,,yes,ch02-quiz-01,,all (AI variant),,ch02-quiz-01
ch02-quiz-02-v1,AI variant of ch02-quiz-02,2,"data viz principles, ggplot layers",MC,"Which code best shows both a summary and every individual penguin?
a) ggplot(penguins, aes(x = species, y = body_mass)) + geom_jitter(width = .2, alpha = .4) + geom_boxplot()
b) ggplot(penguins, aes(x = species, y = body_mass)) + geom_boxplot()
c) ggplot(penguins, aes(x = species, y = body_mass)) + geom_boxplot() + geom_jitter(width = .2, alpha = .4)","A) a
B) b
C) c",C,"Layers are drawn in order. In c the points are drawn last, on top of the boxes, so you see the summary and every penguin.","A) The boxes are drawn over the points and hide many of them.
B) No raw data at all.",Later layers are drawn on top.,,yes,ch02-quiz-02,,all (AI variant),,ch02-quiz-02
ch02-quiz-02-v2,AI variant of ch02-quiz-02,2,"data viz principles, ggplot layers",MC,"In ggplot, if you add geom_boxplot() and then geom_point(), which appears on top?","A) The points, because later layers are drawn on top
B) The boxplot, because it's bigger
C) Whichever has more data
D) They're blended together",A,"ggplot draws layers in the order you add them, so the last layer sits on top.","B), C) and D) Order, not size or data, determines what's on top.",Think of stacking transparencies in order.,,yes,ch02-quiz-02,,all (AI variant),,ch02-quiz-02
ch02-quiz-03-v1,AI variant of ch02-quiz-03,2,"data viz principles, honest plots",MC,"I plotted bill length by species with ggplot(penguins, aes(x = species, y = bill_length)) + geom_col(). The Adelie bar reaches about 5,700 mm, though no penguin has a bill longer than 60 mm. What went wrong?","A) geom_col() stacks (sums) all the values in each group, so the bar shows a total, not a typical bill
B) The data have a typo
C) The y-axis is in the wrong units
D) geom_col() shows the maximum",A,"geom_col() adds up the y values within each group. With about 150 Adelie penguins of ~39 mm each, the bar reaches ~5,700. Show means (stat_summary) or the raw data (boxplot + jitter) instead.","B) The data are fine; the geom is summing them.
C) The units are mm; the issue is summing.
D) geom_col() shows the sum, not the maximum.",About how many penguins × about how long a bill?,,yes,ch02-quiz-03,,all (AI variant),,ch02-quiz-03
ch02-quiz-03-v2,AI variant of ch02-quiz-03,2,"data viz principles, honest plots",MC,Which plot best shows how leaf length differs among three tree species?,"A) A bar of the total leaf length per species
B) Jittered points for every leaf plus a boxplot or mean for each species
C) A pie chart of total leaf length by species
D) A single number: the mean leaf length across all species",B,"Showing every leaf plus a summary reveals both typical values and variation. Totals depend on how many leaves were measured, not on how long they are.","A) and C) Totals mix up sample size with leaf length.
D) Ignores the species comparison.",What would change the 'total' even if leaves were the same length?,,yes,ch02-quiz-03,,all (AI variant),,ch02-quiz-03
ch02-quiz-04-v1,AI variant of ch02-quiz-04,2,"aesthetics, ggplot basics",matching,"Penguins are shown in three panels, one per species. The x-axis is bill length, the y-axis is bill depth, point color shows flipper length, and point size shows body mass. Match each aesthetic in aes() to its variable:

1. x
2. y
3. color
4. size","A) bill_depth
B) body_mass
C) bill_length
D) flipper_length","1-C, 2-A, 3-D, 4-B","aes(x = bill_length, y = bill_depth, color = flipper_length, size = body_mass). Each aesthetic maps one variable onto one visual property.",Swapping x and y flips the plot; swapping color and size changes what the reader decodes from each.,"Read the axis labels first, then the legends.",ch02-var-penguin-aes.png,yes,ch02-quiz-04,,all (AI variant),,ch02-quiz-04
ch02-quiz-04-v2,AI variant of ch02-quiz-04,2,"aesthetics, ggplot basics",MC,"Which code makes a scatterplot of flipper length (x) against body mass (y), with points colored by species?","A) ggplot(penguins, aes(x = flipper_length, y = body_mass, color = species)) + geom_point()
B) ggplot(penguins, aes(x = body_mass, y = flipper_length, color = species)) + geom_point()
C) ggplot(penguins, aes(x = flipper_length, y = body_mass)) + geom_point(color = species)
D) ggplot(penguins, aes(x = flipper_length, y = body_mass, fill = species)) + geom_line()",A,"Variables that should change the look of the plot go inside aes(). Here x, y and color are all mapped to variables.","B) x and y are swapped.
C) color = species outside aes() looks for an object named species, not the column.
D) geom_line() connects points, and fill doesn't color points.",Mappings to variables go inside aes().,,yes,ch02-quiz-04,,all (AI variant),,ch02-quiz-04
ch02-quiz-05-v1,AI variant of ch02-quiz-05,2,"aesthetics, associations",MC,"Each panel shows seedling height over time at one site, with a straight trendline. Which site shows the steepest increase in height?","A) North
B) Ridge
C) Valley",B,"Ridge's line climbs about 30 cm over 30 days (slope ≈ 1 cm/day), Valley's about half that, and North's barely rises.","A) North's line is the flattest.
C) Valley rises, but less steeply than Ridge.",Compare how much each line rises from day 0 to day 30.,ch02-var-seedling-slopes.png,yes,ch02-quiz-05,,all (AI variant),,ch02-quiz-05
ch02-quiz-05-v2,AI variant of ch02-quiz-05,2,"aesthetics, associations",MC,"In a faceted scatterplot with shared axes, the trendline in panel A rises 2 units across the x-range, panel B's rises 10 units, and panel C's falls 3 units. Which panel shows the steepest positive relationship?","A) A
B) B
C) C",B,"With shared axes, the panel whose line rises the most over the same x-range has the steepest positive slope.","A) Rises, but much less.
C) Falls: a negative relationship.",Steepest positive = rises the most.,,yes,ch02-quiz-05,,all (AI variant),,ch02-quiz-05
ch02-quiz-06-v1,AI variant of ch02-quiz-06,2,"aesthetics, data viz principles",matching,"Penguins are shown in three panels by species: x = bill length, y = bill depth, color = flipper length (yellow = long), size = body mass. Visually estimate which species has the:

1. shortest bills
2. shallowest bills
3. longest flippers
4. heaviest bodies","A) Adelie
B) Chinstrap
C) Gentoo","1-A, 2-C, 3-C, 4-C","Adelie points sit furthest left (bills ~39 mm vs ~48 mm). Gentoo sit lowest (depth ~15 mm vs ~18 mm), are the most yellow (flippers ~217 mm) and have the biggest points (~5,100 g).","Read each aesthetic separately: position for bills, color for flippers, size for mass.","x and y position first, then color, then size.",ch02-var-penguin-aes.png,yes,ch02-quiz-06,,all (AI variant),,ch02-quiz-06
ch02-quiz-06-v2,AI variant of ch02-quiz-06,2,"aesthetics, data viz principles",MC,"In a scatterplot, point size shows body mass. Why is it hard to tell whether one penguin is twice as heavy as another from point size?","A) People judge area poorly, so differences in size are hard to read precisely
B) Point size can't represent numbers
C) Bigger points always hide smaller ones
D) Size only works for categorical variables",A,"Size is one of the least precise aesthetics. Use it for a secondary variable, and put key comparisons on x and y.","B) It can; it's just imprecise.
C) Overlap can happen, but isn't the main problem.
D) Size can show continuous variables.",Is twice the area easy to spot?,,yes,ch02-quiz-06,,all (AI variant),,ch02-quiz-06
ch02-hw-01-v1,AI variant of ch02-hw-01,2,"associations, data viz principles",MC,"The scatterplot shows body mass against flipper length for 342 penguins, with a straight trendline. What do you see?","A) Body mass tends to increase with flipper length
B) Body mass tends to decrease with flipper length
C) There is no clear relationship",A,Points rise from lower left to upper right and the trendline slopes up: penguins with longer flippers tend to be heavier (r ≈ 0.87).,"B) The trend goes up, not down.
C) The pattern is strong and clear.",Which way does the line slope?,ch02-var-penguin-flipper-mass.png,yes,ch02-hw-01,,all (AI variant),,ch02-hw-01
ch02-hw-01-v2,AI variant of ch02-hw-01,2,"associations, data viz principles",MC,"The scatterplot shows body mass against bill depth for 342 penguins (all species together), with a straight trendline. What do you see overall?","A) Body mass tends to increase with bill depth
B) Body mass tends to decrease with bill depth
C) There is no clear relationship",B,"Overall, the trendline slopes down (r ≈ −0.47): heavier penguins tend to have shallower bills. (Coloring by species would show why: heavy Gentoo have shallow bills.)","A) The line slopes down.
C) There's a clear negative trend.",Which way does the line slope?,ch02-var-penguin-depth-mass.png,yes,ch02-hw-01,Overall trend is negative but within each species it's positive (Simpson's paradox); the question asks only about the overall pattern.,all (AI variant),,ch02-hw-01
ch03-hw-01-v1,AI variant of ch03-hw-01,3,"reproducibility, data dictionaries",select-all,"What would you expect in a data dictionary describing this table? (Select all correct.)

site | plot | cover
N1 | 3 | 45
N1 | 4 | 60
S2 | 1 | 15","A) What 'site' codes like N1 and S2 mean
B) The units of cover (e.g., % of the plot)
C) How plot numbers were assigned
D) The analysis results","A, B, C","A data dictionary explains every variable: what codes mean, the units, and how values were recorded. Results belong in the analysis, not the dictionary.","D) The dictionary describes the data, not what you found.",Could a stranger interpret every column?,,yes,ch03-hw-01,,all (AI variant),,ch03-hw-01
ch03-hw-01-v2,AI variant of ch03-hw-01,3,"reproducibility, data dictionaries",MC,"A collaborator sends you a spreadsheet with a column 'temp' containing values like 22, 31 and 18. What's the most important missing information a data dictionary should provide?","A) The units (°C or °F?) and what was measured (air, water, soil?)
B) The font used in the spreadsheet
C) The collaborator's favorite temperature
D) Nothing; the numbers speak for themselves",A,"Without units and a definition, 22 could be 22 °C water or 22 °F air: completely different meanings.","B) and C) Irrelevant.
D) Numbers without units can't be interpreted.",Could you interpret 22 without knowing more?,,yes,ch03-hw-01,,all (AI variant),,ch03-hw-01
ch03-hw-02-v1,AI variant of ch03-hw-02,3,"reproducibility, loading data",MC,Your R project contains a file data/bird_counts.csv. Which code reads it in?,"A) library(readr); read_csv(""data/bird_counts.csv"")
B) library(readr); read_csv(data/bird_counts.csv)
C) read_csv(""C:/Users/me/Desktop/bird_counts.csv"")
D) library(readxl); read_xlsx(""data/bird_counts.csv"")",A,"read_csv() comes from readr, the file name goes in quotes, and a relative path (from the project folder) works on any computer.","B) Without quotes, R looks for an object named data.
C) An absolute path only works on one computer.
D) read_xlsx() reads Excel files, not CSVs.",Which package? Quotes? Relative path?,,yes,ch03-hw-02,,all (AI variant),,ch03-hw-02
ch03-hw-02-v2,AI variant of ch03-hw-02,3,"reproducibility, loading data",MC,"You type read_csv(""plants.csv"") and get: could not find function ""read_csv"". What's the fix?","A) Load readr (or tidyverse) first with library(readr)
B) Remove the quotes
C) Rename the file to plants.xlsx
D) Use setwd() to your Desktop",A,'could not find function' means the package providing read_csv() isn't loaded.,"B) The quotes are correct.
C) The file format isn't the problem.
D) A path problem would give a 'does not exist' error instead.",What does 'could not find function' usually mean?,,yes,ch03-hw-02,,all (AI variant),,ch03-hw-02
ch03-hw-03-v1,AI variant of ch03-hw-03,3,"reproducibility, scripts",MC,Which practice most helps someone else (or future you) understand and rerun your analysis?,"A) Comments explaining what each section does and why
B) Running code by typing it into the console instead of saving a script
C) Using absolute file paths
D) Loading packages after you use them",A,"Comments make the logic clear. Scripts (not console typing), relative paths and loading packages first all help too.","B) Console-only code isn't saved or shareable.
C) Absolute paths break on other computers.
D) Code would fail when run in order.",What would a stranger reading your script need?,,yes,ch03-hw-03,,all (AI variant),,ch03-hw-03
ch03-hw-03-v2,AI variant of ch03-hw-03,3,"reproducibility, scripts",MC,"Which change makes this line more reproducible?
read_csv(""/Users/maria/Desktop/thesis/data.csv"")","A) Use a project with a relative path: read_csv(""data/data.csv"")
B) Add more folders to the path
C) Move the file to the Desktop
D) Use setwd(""/Users/maria/Desktop"") first",A,Absolute paths only exist on one computer. A relative path inside an R project works anywhere the project folder is copied.,"B), C) and D) All still depend on Maria's computer.",Will /Users/maria exist on a classmate's laptop?,,yes,ch03-hw-03,,all (AI variant),,ch03-hw-03
ch03-hw-04-v1,AI variant of ch03-hw-04,3,"variable types, data in R",MC,"In the penguins dataset, what type of variable is body_mass (values like 3750, 3800, 3250)?","A) character
B) logical
C) factor
D) numeric",D,"Body mass is a measured quantity, stored as numbers (integer or double), so it's numeric.","A) Character is text.
B) Logical is TRUE/FALSE.
C) Factors are categories.",Is it a quantity or a category?,,yes,ch03-hw-04,,all (AI variant),,ch03-hw-04
ch03-hw-04-v2,AI variant of ch03-hw-04,3,"variable types, data in R",MC,A column called is_flowering contains only TRUE and FALSE. What type is it in R?,"A) numeric
B) logical
C) character
D) factor",B,R stores TRUE/FALSE values as a logical variable.,"A) They're not numbers (though R can count TRUEs).
C) Not text.
D) Not a factor unless converted.",Which type holds TRUE/FALSE?,,yes,ch03-hw-04,,all (AI variant),,ch03-hw-04
ch03-hw-05-v1,AI variant of ch03-hw-05,3,"variable types, data in R",TF,"TRUE or FALSE: Leaf lengths like 4.31, 5.67 and 7.82 cm can be converted to integers without losing information we care about.","A) TRUE
B) FALSE",B,"Converting to integer drops the decimals (4.31 → 4), throwing away real measurement detail.",A) The decimals carry meaningful differences between leaves.,What happens to 4.31 if you store it as a whole number?,,yes,ch03-hw-05,,all (AI variant),,ch03-hw-05
ch03-hw-05-v2,AI variant of ch03-hw-05,3,"variable types, data in R",TF,"TRUE or FALSE: Counts of eggs per nest (3, 5, 2, 4) can be stored as integers without losing information.","A) TRUE
B) FALSE",A,"Counts are already whole numbers, so storing them as integers loses nothing.",B) There are no decimals to lose.,Do counts ever have decimals?,,yes,ch03-hw-05,,all (AI variant),,ch03-hw-05
ch03-book-01-v1,AI variant of ch03-book-01,3,"reproducibility, data entry",MC,"What is the biggest problem with this table?

plant | height | site
P1 | 12.1 | North
P2 | 10.4 | ""
P3 | 15.0 | ""
P4 | 9.8 | South","A) Plant IDs should be numbers
B) Ditto marks ("") mean the site is implied rather than recorded
C) height should be called h
D) North and South should be abbreviated",B,Every cell should hold its own value. Ditto marks rely on row order and break when data are sorted or filtered.,"A) Text IDs are fine.
C) A shorter name is less descriptive.
D) Full words are clearer.",What happens to the ditto marks if you sort by height?,,yes,ch03-book-01,,all (AI variant),,ch03-book-01
ch03-book-01-v2,AI variant of ch03-book-01,3,"reproducibility, data entry",MC,Which is the best way to record the collection date in a spreadsheet?,"A) Write the date in every row, as YYYY-MM-DD
B) Write the date in the first row of each day and leave the rest blank
C) Color rows by date
D) Put the date in the file name only",A,"Every row should contain its own values in a consistent, unambiguous format. ISO dates (2024-03-01) sort correctly and can't be misread.","B) Blank cells imply values and break when sorted.
C) Colors aren't data.
D) The date gets lost once data are combined.",Could each row stand on its own?,,yes,ch03-book-01,,all (AI variant),,ch03-book-01
ch03-book-02-v1,AI variant of ch03-book-02,3,"reproducibility, data dictionaries",select-all,"A table has columns: frog_id, svl, mass, capture_date. What should a data dictionary include? (Select all correct.)","A) What 'svl' means (snout–vent length) and its units
B) The units for mass
C) The date format used for capture_date
D) The sample mean of mass","A, B, C","A dictionary defines each variable, its units and its format. Summary statistics belong in the analysis.","D) That's a result, not a description of the data.",What would a stranger need to interpret each column?,,yes,ch03-book-02,,all (AI variant),,ch03-book-02
ch03-book-02-v2,AI variant of ch03-book-02,3,"reproducibility, data dictionaries",MC,Why is a data dictionary important?,"A) It lets others (and future you) correctly interpret every variable, its units and its codes
B) It makes the file smaller
C) It replaces the need for a script
D) It's only needed for very large datasets",A,"Without definitions, units and codes, data can't be reused or checked.","B) It adds a file; it doesn't shrink anything.
C) Scripts are still needed.
D) Even small datasets need clear definitions.",What happens if you open the data in five years?,,yes,ch03-book-02,,all (AI variant),,ch03-book-02
ch03-book-03-v1,AI variant of ch03-book-03,3,"reproducibility, scripts",MC,What's the best quick check that your script is reproducible?,"A) Restart R and run the whole script from top to bottom
B) Check that the plots look nice
C) Run just the last few lines
D) Save the script with a new name",A,"A fresh session has no leftover objects, so if the script runs top to bottom, it doesn't depend on anything you did by hand.","B) Nice plots don't mean the code runs.
C) Earlier lines may be broken or out of order.
D) Renaming doesn't test anything.",What does a fresh session reveal?,,yes,ch03-book-03,,all (AI variant),,ch03-book-03
ch03-book-03-v2,AI variant of ch03-book-03,3,"reproducibility, scripts",MC,"Your script works, but only if you first run a line you typed into the console last week. What should you do?","A) Add that line to the script, in the right place
B) Remember to type it each time
C) Email the line to collaborators
D) Nothing; it works",A,"Everything the analysis needs should be in the script, in order, so it runs from scratch.","B) and C) Fragile: easy to forget or lose.
D) It only works by accident on your machine.",Could a classmate run your script without that line?,,yes,ch03-book-03,,all (AI variant),,ch03-book-03
ch03-book-04-v1,AI variant of ch03-book-04,3,"variable types, data in R",MC,"In the penguins dataset, island has three values (Biscoe, Dream, Torgersen) stored with levels. What type is it?","A) numeric <dbl>
B) logical <lgl>
C) character <chr>
D) factor <fct>",D,A categorical variable stored with a fixed set of levels is a factor.,"A) Island names aren't numbers.
B) Not TRUE/FALSE.
C) Character would be plain text without levels.",What does <fct> stand for?,,yes,ch03-book-04,,all (AI variant),,ch03-book-04
ch03-book-04-v2,AI variant of ch03-book-04,3,"variable types, data in R",MC,What does a factor in R represent?,"A) A categorical variable with a defined set of levels
B) A number with decimals
C) TRUE/FALSE values
D) A date",A,"Factors store categories (e.g., species, treatment) along with their allowed levels and order.","B) That's double (numeric).
C) That's logical.
D) Dates have their own type.",Think: categories with levels.,,yes,ch03-book-04,,all (AI variant),,ch03-book-04
ch03-book-05-v1,AI variant of ch03-book-05,3,"reproducibility, scripts, packages",MC,"# Script
library(readr)
setwd(""C:/Users/sam/Documents/frogs"")
frogs <- read_csv(""frog_data.csv"")
View(frogs)
ggplot(frogs, aes(x = site, y = mass)) + geom_boxplot()

Sam opens a new R session on the same computer and runs this script. It fails at the last line. Why?","A) ggplot2 is never loaded
B) setwd() is used
C) View() is used
D) The data file is a CSV",A,"Only readr is loaded. In a new session, ggplot() isn't available until library(ggplot2) runs. It worked before only because ggplot2 was loaded earlier by hand.","B) setwd() works on Sam's own computer.
C) View() is annoying but doesn't cause errors.
D) CSV is fine.",Which package does ggplot() come from?,,yes,ch03-book-05,,all (AI variant),,ch03-book-05
ch03-book-05-v2,AI variant of ch03-book-05,3,"reproducibility, scripts, packages",MC,"A script worked yesterday but fails in a fresh R session today with 'could not find function ""filter""'. What's most likely?","A) The script never loads dplyr; it only worked because dplyr was loaded earlier by hand
B) The data changed overnight
C) R needs reinstalling
D) filter() was removed from R",A,A fresh session only has what the script itself loads. Put library(dplyr) at the top.,"B) Data changes cause different errors.
C) and D) Unnecessary explanations.",What's different about a fresh session?,,yes,ch03-book-05,,all (AI variant),,ch03-book-05
ch03-book-06-v1,AI variant of ch03-book-06,3,"reproducibility, file paths",MC,"# Script
library(readr)
setwd(""C:/Users/sam/Documents/frogs"")
frogs <- read_csv(""frog_data.csv"")
View(frogs)
ggplot(frogs, aes(x = site, y = mass)) + geom_boxplot()

Which part will make this script fail on a classmate's computer (but not Sam's)?","A) setwd(""C:/Users/sam/Documents/frogs"")
B) library(readr)
C) View(frogs)
D) geom_boxplot()",A,That folder only exists on Sam's computer. Use an R project with relative paths instead.,"B) readr loads anywhere it's installed.
C) View() doesn't depend on the computer.
D) Unrelated to the computer.",Which line names a specific person's folder?,,yes,ch03-book-06,,all (AI variant),,ch03-book-06
ch03-book-06-v2,AI variant of ch03-book-06,3,"reproducibility, file paths",MC,"Why are relative paths (e.g., ""data/frog_data.csv"") better than absolute paths in a shared project?","A) They work wherever the project folder is placed, on any computer
B) They load data faster
C) They're required by readr
D) They encrypt the data",A,"A relative path starts from the project folder, so it works for anyone who has the project.","B), C) and D) None of these is true.",Does the path depend on whose computer it is?,,yes,ch03-book-06,,all (AI variant),,ch03-book-06
ch03-book-07-v1,AI variant of ch03-book-07,3,"reproducibility, scripts",MC,"# Script
library(readr)
setwd(""C:/Users/sam/Documents/frogs"")
frogs <- read_csv(""frog_data.csv"")
View(frogs)
ggplot(frogs, aes(x = site, y = mass)) + geom_boxplot()

Which line is unnecessary clutter in a shared script (annoying to others) but doesn't stop the code from working?","A) setwd(...)
B) library(readr)
C) View(frogs)
D) frogs <- read_csv(""frog_data.csv"")",C,View() opens a window every time the script runs. It's useful interactively but shouldn't be in a shared script.,"A) setwd() actually breaks the script on other computers.
B) and D) Needed.",Which line only matters while you're exploring?,,yes,ch03-book-07,,all (AI variant),,ch03-book-07
ch03-book-07-v2,AI variant of ch03-book-07,3,"reproducibility, scripts",MC,"Which of these belongs in your console, not in a saved analysis script?","A) install.packages(""dplyr"")
B) library(dplyr)
C) my_data <- read_csv(""data/plants.csv"")
D) summary_table <- my_data |> summarize(mean_h = mean(height))",A,"Install once from the console. The script should load packages, read data and do the analysis.","B), C) and D) These are part of the analysis and should run every time.","Which line only needs to run once, ever?",,yes,ch03-book-07,,all (AI variant),,ch03-book-07
ch03-chimein-01-v1,AI variant of ch03-chimein-01,3,"reproducibility, data entry",MC,"While measuring fish, you notice one had a damaged fin that may have affected its swimming speed. What should you do when entering its data?","A) Leave it out without telling anyone
B) Enter it, and write the concern in a notes column
C) Change its speed to match the others
D) Color the cell red",B,"Record all the data, and document anything unusual in a notes column. Then decisions about exclusion can be made transparently later.","A) Silent exclusion is undocumented and irreproducible.
C) That's fabricating data.
D) Colors aren't read by R and are easily lost.",How would someone else know about the concern?,,yes,ch03-chimein-01,,all (AI variant),,ch03-chimein-01
ch03-chimein-01-v2,AI variant of ch03-chimein-01,3,"reproducibility, data entry",MC,Why is highlighting cells in a spreadsheet a poor way to flag questionable data?,"A) Formatting isn't data: it's lost when the file is read into R or saved as CSV
B) Highlighting is too colorful
C) Spreadsheets can't highlight
D) It's fine; highlighting is the best method",A,Put flags and notes in their own column so they travel with the data.,"B) and C) Not the reason.
D) Highlights disappear in most analysis pipelines.",What happens to cell colors in a CSV?,,yes,ch03-chimein-01,,all (AI variant),,ch03-chimein-01
ch03-chimein-02-v1,AI variant of ch03-chimein-02,3,"missing data, sampling bias",MC,"A water-quality probe reports 'NA' whenever lead concentration is below its detection limit. If you calculate mean lead concentration ignoring the NAs, you would:","A) Get an unbiased estimate
B) Overestimate mean lead
C) Underestimate mean lead
D) Just have a smaller sample, with no bias",B,"The missing values are the lowest ones. Dropping them leaves only the higher readings, so the mean is pushed up.","A) and D) Missingness depends on the value, so it isn't harmless.
C) The dropped values are low, not high.","Are the missing values random, or a particular kind of value?",,yes,ch03-chimein-02,,all (AI variant),,ch03-chimein-02
ch03-chimein-02-v2,AI variant of ch03-chimein-02,3,"missing data, sampling bias",MC,"In a survey of plant heights, the tallest plants were too tall to reach, so their heights were left blank. Ignoring the blanks would make your estimate of mean height:","A) Too low
B) Too high
C) Unbiased
D) Impossible to calculate",A,"The missing plants are the tallest, so averaging only the measured ones underestimates the mean.","B) The dropped values are high, so the mean goes down.
C) Missingness depends on height.
D) You can calculate it; it's just biased.",Which plants are missing?,,yes,ch03-chimein-02,,all (AI variant),,ch03-chimein-02
ch03-chimein-03-v1,AI variant of ch03-chimein-03,3,"reproducibility, data entry",MC,"What is the biggest problem with this dataset?

tree | species | dbh_cm
T1 | oak | 34.2
T2 | | 28.9
T3 | | 41.0
T4 | maple | 22.5","A) dbh_cm should not include units in its name
B) Species is implied (left blank for 'same as above')
C) Tree IDs should be numbers
D) The data aren't sorted",B,"Blank cells meant as 'same as above' are implied values. They break when data are sorted, filtered or read into R (they become NA).","A) Units in the name are helpful.
C) Text IDs are fine.
D) Sorting order doesn't matter if every row is complete.",What would R put in those blank cells?,,yes,ch03-chimein-03,,all (AI variant),,ch03-chimein-03
ch03-chimein-03-v2,AI variant of ch03-chimein-03,3,"reproducibility, data entry",MC,"A spreadsheet leaves the 'site' cell blank whenever it's the same as the row above. When read into R, those cells become:","A) NA (missing)
B) Automatically filled with the value above
C) Zero
D) An error that stops R from reading the file",A,R has no idea a blank means 'same as above'; it records NA. Fill every cell explicitly.,"B) R doesn't fill values down.
C) Blanks aren't zeros.
D) R reads the file; it just records NA.",Does R know your shorthand?,,yes,ch03-chimein-03,,all (AI variant),,ch03-chimein-03
ch04-hw-01-v1,AI variant of ch04-hw-01,4,tidy data,MC,"Consider the data table below. The data are:

frog | F1 | F2 | F3
mass_g | 12.1 | 9.8 | 14.3
jump_cm | 41 | 35 | 52","A) tidy
B) not tidy",B,"Each frog should be a row and each variable (mass, jump) a column. Here the table is turned sideways: frogs are columns.","A) Variables are stored as rows, which breaks the tidy rules.",Is each frog a row?,,yes,ch04-hw-01,,all (AI variant),,ch04-hw-01
ch04-hw-01-v2,AI variant of ch04-hw-01,4,tidy data,MC,"Consider the data table below. The data are:

site | N1_2023 | N1_2024 | S1_2023 | S1_2024
bird_count | 14 | 18 | 9 | 11","A) tidy
B) not tidy",B,"Site and year (two variables) are crammed into the column names. Tidy: one row per site-year, with columns site, year and bird_count.","A) Values of variables (site, year) appear as column names.",How many variables are hiding in the column names?,,yes,ch04-hw-01,,all (AI variant),,ch04-hw-01
ch04-hw-02-v1,AI variant of ch04-hw-02,4,tidy data,MC,"Consider the data table below. The data are:

frog | mass_g | jump_cm
F1 | 12.1 | 41
F2 | 9.8 | 35
F3 | 14.3 | 52","A) tidy
B) not tidy",A,"One row per frog, one column per variable, one value per cell: tidy.",B) Nothing breaks the tidy rules.,One row per frog? One column per variable?,,yes,ch04-hw-02,,all (AI variant),,ch04-hw-02
ch04-hw-02-v2,AI variant of ch04-hw-02,4,tidy data,MC,"Consider the data table below. The data are:

site | year | bird_count
N1 | 2023 | 14
N1 | 2024 | 18
S1 | 2023 | 9
S1 | 2024 | 11","A) tidy
B) not tidy",A,"Each row is one site in one year (an observation), and each variable has its own column: tidy.",B) Every variable has its own column and every observation its own row.,Check the three tidy rules.,,yes,ch04-hw-02,,all (AI variant),,ch04-hw-02
ch04-hw-03-v1,AI variant of ch04-hw-03,4,"data in R, assignment & environment",MC,"I ran this, and the output printed with a new column, mass_kg:

penguins |> mutate(mass_kg = body_mass / 1000)

Then I ran penguins |> pull(mass_kg) and got: Error: object 'mass_kg' not found. How do you fix it?","A) penguins <- penguins |> mutate(mass_kg = body_mass / 1000)
B) penguins <- mass_kg = body_mass / 1000
C) Rename mass_kg to something shorter",A,"mutate() returned a new version of penguins and printed it, but nothing saved it. Assigning the result keeps the new column.","B) Not valid R, and there's no mutate().
C) The name isn't the problem; the column was never saved.",Was the first result saved with <- ?,,yes,ch04-hw-03,,all (AI variant),,ch04-hw-03
ch04-hw-03-v2,AI variant of ch04-hw-03,4,"data in R, assignment & environment",MC,You run plants |> filter(height > 10) and see 12 rows printed. Then nrow(plants) returns 40. Why?,"A) filter() printed a filtered copy, but plants was never reassigned
B) filter() is broken
C) nrow() counts columns
D) The filter removed rows from the file on disk",A,"dplyr verbs return a new table and don't change the original unless you assign it, e.g., tall_plants <- plants |> filter(height > 10).","B) filter() worked; the result just wasn't saved.
C) nrow() counts rows.
D) R never changes your data file.",Did anything use <- ?,,yes,ch04-hw-03,,all (AI variant),,ch04-hw-03
ch04-hw-04-v1,AI variant of ch04-hw-04,4,"data in R, dplyr verbs",MC,"What does this code do?

penguins |>
  rename(mass = body_mass) |>
  mutate(mass_kg = mass / 1000)","A) Renames body_mass to mass and adds mass_kg, calculated for each penguin, then prints the result; penguins itself is unchanged
B) Permanently changes penguins
C) Calculates one value: the mean mass in kg
D) Removes all columns except mass_kg",A,"rename() changes a column name; mutate() adds a column calculated row by row. Without <-, the result is just printed.","B) Nothing is assigned.
C) mutate() works row by row; summarize() would give one value.
D) mutate() keeps all columns.",Row by row or one value? Saved or printed?,,yes,ch04-hw-04,,all (AI variant),,ch04-hw-04
ch04-hw-04-v2,AI variant of ch04-hw-04,4,"data in R, dplyr verbs",MC,"What does this code return?

plants |>
  mutate(area = length * width) |>
  summarize(mean_area = mean(area))","A) A single row with the mean area of all plants
B) Every plant with a new area column
C) The area of the first plant only
D) An error, because area doesn't exist",A,mutate() adds an area for each plant; summarize() then collapses all rows into one summary value.,"B) summarize() collapses the rows.
C) It averages over all plants.
D) area is created by mutate() in the line before.",What does summarize() do to the rows?,,yes,ch04-hw-04,,all (AI variant),,ch04-hw-04
ch04-hw-05-v1,AI variant of ch04-hw-05,4,"data in R, pipes, errors & debugging",select-all,"I typed:

penguins |>
  mutate(mass_kg = body_mass / 1000)
select(species, mass_kg)

and got: Error: object 'species' not found. How do I fix this? (Select all correct.)","A) Add |> at the end of the mutate() line
B) Use dplyr::select(species, mass_kg)
C) Save the mutate() result to an object, then select() from that object
D) Put species in quotes","A, C","Without a pipe, select() runs as a separate command with no data, so R looks for an object called species. Connect the lines with |>, or save the result first.","B) The right select() is used; it just has no data.
D) Quotes don't give select() any data.",What connects the mutate() line to the next line?,,yes,ch04-hw-05,,all (AI variant),,ch04-hw-05
ch04-hw-05-v2,AI variant of ch04-hw-05,4,"data in R, pipes, errors & debugging",MC,"What's wrong with this code?

plants |>
  filter(height > 10) |>
  mutate(ratio = height / width) |>","A) It ends with a pipe, so R waits for another step
B) filter() must come after mutate()
C) height needs quotes
D) Nothing",A,A trailing |> tells R more is coming; R either waits or gives an 'unexpected end' error. Remove the last pipe or add the next step.,"B) Order is fine here.
C) Column names aren't quoted in dplyr.
D) The dangling pipe is a problem.",What follows the last |> ?,,yes,ch04-hw-05,,all (AI variant),,ch04-hw-05
ch04-hw-06-v1,AI variant of ch04-hw-06,4,"data in R, dplyr verbs",MC,"What does this code aim to do?

penguins |>
  filter(island == ""Dream"")","A) Create a new column called island
B) Keep only penguins from Dream island
C) Remove the island column
D) Sort penguins by island",B,"filter() keeps the rows that meet a condition: here, island equal to ""Dream"".","A) That's mutate().
C) That's select().
D) That's arrange().",Rows or columns?,,yes,ch04-hw-06,,all (AI variant),,ch04-hw-06
ch04-hw-06-v2,AI variant of ch04-hw-06,4,"data in R, dplyr verbs",MC,Which code keeps only penguins heavier than 5000 g?,"A) penguins |> filter(body_mass > 5000)
B) penguins |> select(body_mass > 5000)
C) penguins |> mutate(body_mass > 5000)
D) penguins |> arrange(body_mass > 5000)",A,filter() keeps rows where the condition is TRUE.,"B) select() picks columns.
C) mutate() would add a TRUE/FALSE column.
D) arrange() sorts.",Which verb keeps rows?,,yes,ch04-hw-06,,all (AI variant),,ch04-hw-06
ch04-hw-07-v1,AI variant of ch04-hw-07,4,"data in R, errors & debugging, packages",select-all,"This code fails with Error: object 'island' not found, though the column island exists and dplyr is loaded:

penguins |>
  filter(island == ""Dream"")

How do you fix it? (Select all correct.)","A) penguins |> dplyr::filter(island == ""Dream"")
B) After library(dplyr), run conflicts_prefer(dplyr::filter)
C) Rename island to Island first
D) Reload the penguins data","A, B","R is using stats::filter(), which doesn't look inside the data for columns. Tell R to use dplyr's filter, each time or once per session.",C) and D) The same wrong filter() would still be used.,The column exists. So which filter() is running?,,yes,ch04-hw-07,,all (AI variant),,ch04-hw-07
ch04-hw-07-v2,AI variant of ch04-hw-07,4,"data in R, errors & debugging, packages",MC,Why can filter() give 'object not found' for a column that exists?,"A) Another package (stats) also has a function called filter(), and R used that one
B) filter() only works on numbers
C) The column must be in quotes
D) The data are too big",A,"When two loaded packages share a function name, R may use the 'wrong' one. Use dplyr::filter() or conflicts_prefer().","B) filter() works on any column type.
C) dplyr uses bare column names.
D) Size isn't the issue.",Could two functions have the same name?,,yes,ch04-hw-07,,all (AI variant),,ch04-hw-07
ch04-hw-08-v1,AI variant of ch04-hw-08,4,"data in R, dplyr verbs",MC,You want the row for the heaviest penguin (to see its species and island). Which code returns it?,"A) penguins |> filter(body_mass == max(body_mass, na.rm = TRUE))
B) penguins |> summarize(max(body_mass, na.rm = TRUE))
C) penguins |> select(max(body_mass))
D) penguins |> arrange(body_mass)",A,"filter() keeps the whole row whose body_mass equals the maximum, so you see species, island and everything else.","B) Returns only the number.
C) select() picks columns.
D) Sorts smallest first, so the heaviest is at the bottom.",You need the whole row.,,yes,ch04-hw-08,,all (AI variant),,ch04-hw-08
ch04-hw-08-v2,AI variant of ch04-hw-08,4,"data in R, dplyr verbs",MC,Which code lists penguins from heaviest to lightest?,"A) penguins |> arrange(desc(body_mass))
B) penguins |> arrange(body_mass)
C) penguins |> filter(body_mass)
D) penguins |> summarize(desc(body_mass))",A,arrange() sorts rows; desc() sorts from largest to smallest.,"B) Sorts lightest first.
C) filter() needs a TRUE/FALSE condition.
D) summarize() collapses rows.","Which verb sorts, and how do you reverse the order?",,yes,ch04-hw-08,,all (AI variant),,ch04-hw-08
ch04-book-01-v1,AI variant of ch04-book-01,4,tidy data,MC,"Consider the table below. The data are:

tree | T1 | T2 | T3 | T4
species | oak | oak | maple | pine
dbh_cm | 34 | 28 | 22 | 41","A) tidy
B) not tidy",B,Trees are spread across columns and variables down the rows. Tidy data have one row per tree.,A) The table is sideways.,Is each tree a row?,,yes,ch04-book-01,,all (AI variant),,ch04-book-01
ch04-book-01-v2,AI variant of ch04-book-01,4,tidy data,MC,"Consider the table below. The data are:

quadrat | species_count | soil_pH
Q1 | 7 | 6.2
Q2 | 4 | 5.8
Q3 | 9 | 6.9","A) tidy
B) not tidy",A,"One row per quadrat, one column per variable: tidy.",B) All three tidy rules are met.,"Check rows, columns, cells.",,yes,ch04-book-01,,all (AI variant),,ch04-book-01
ch04-book-02-v1,AI variant of ch04-book-02,4,tidy data,MC,"Consider the table below. The data are:

site_year | count
N1-2023 | 14
N1-2024 | 18
S1-2023 | 9","A) tidy
B) not tidy",B,Two variables (site and year) share one column. Tidy data give each variable its own column.,A) One cell holds two values.,How many variables are in site_year?,,yes,ch04-book-02,,all (AI variant),,ch04-book-02
ch04-book-02-v2,AI variant of ch04-book-02,4,tidy data,MC,"Consider the table below. The data are:

sample | measurement
S1 | 12.4 cm
S2 | 9.1 cm
S3 | 15.0 mm","A) tidy
B) not tidy",B,Each measurement cell mixes a number and a unit (and units differ between rows). Store the number in one column (with consistent units) and document units separately.,A) Cells contain more than one piece of information.,Could R average the measurement column as is?,,yes,ch04-book-02,,all (AI variant),,ch04-book-02
ch04-book-03-v1,AI variant of ch04-book-03,4,tidy data,MC,"Consider the table below (seed counts per plant in two years). The data are:

plant | 2023 | 2024
P1 | 120 | 95
P2 | 88 | 130
P3 | 102 | 99","A) tidy
B) not tidy",B,"Year is a variable, but its values (2023, 2024) are used as column names. Tidy: columns plant, year, seeds.",A) Values of a variable appear as column headers.,What variable do the column names 2023 and 2024 hold?,,yes,ch04-book-03,,all (AI variant),,ch04-book-03
ch04-book-03-v2,AI variant of ch04-book-03,4,tidy data,MC,Which is the tidy version of a table of bird counts at sites N1 and S1 in 2023 and 2024?,"A) Columns: site, year, count (4 rows)
B) Columns: site, 2023, 2024 (2 rows)
C) Columns: year, N1, S1 (2 rows)
D) One column holding '2023: N1=14, S1=9'",A,"Each observation (a site in a year) gets its own row, and each variable (site, year, count) its own column.","B) and C) Values of a variable are used as column names.
D) Many values crammed into one cell.",How many site-year combinations are there?,,yes,ch04-book-03,,all (AI variant),,ch04-book-03
ch04-book-04-v1,AI variant of ch04-book-04,4,tidy data,MC,Why do dplyr and ggplot work best with tidy data?,"A) They expect each variable to be a column, so you can name columns in filter(), mutate() and aes()
B) They can't read numbers otherwise
C) Tidy data are smaller
D) They don't; any shape works equally well",A,"Tidy data let you refer to each variable by its column name, which is how these tools are designed.","B) They read numbers either way.
C) Tidy data are often longer.
D) Untidy data make these tools awkward or impossible to use.",How do you tell ggplot what goes on the x-axis?,,yes,ch04-book-04,,all (AI variant),,ch04-book-04
ch04-book-04-v2,AI variant of ch04-book-04,4,tidy data,MC,When is a wide (untidy) table perfectly fine?,"A) As a compact display table for readers, as long as you analyze a tidy version
B) Always, including for analysis
C) Never, even in a presentation
D) Only for data with fewer than 10 rows",A,"Wide tables can be easier to read in a report. For analysis with dplyr and ggplot, use tidy data.","B) Analysis tools expect tidy data.
C) Display tables can be wide.
D) Size isn't the criterion.",Analysis or display?,,yes,ch04-book-04,,all (AI variant),,ch04-book-04
ch04-book-05-v1,AI variant of ch04-book-05,4,"data in R, dplyr verbs",numeric,"Here are the first rows of a penguins table:

species | bill_length | bill_depth
Adelie | 39.1 | 18.7
Adelie | 39.5 | 17.4
Adelie | 40.3 | 18.0

Consider this code:

penguins |>
  mutate(bill_diff = bill_length - bill_depth)

What is bill_diff in the second row?",,22.1,mutate() works row by row: 39.5 − 17.4 = 22.1.,"Common mistakes: using the first row (20.4), or adding instead of subtracting.","Find row 2, then subtract.",,yes,ch04-book-05,,all (AI variant),,ch04-book-05
ch04-book-05-v2,AI variant of ch04-book-05,4,"data in R, dplyr verbs",numeric,"A table called plants has these rows:

plant | height_cm | width_cm
P1 | 20 | 4
P2 | 15 | 5
P3 | 30 | 6

What value does this code give for P3?

plants |>
  mutate(ratio = height_cm / width_cm)",,5,Row by row: P3's ratio is 30 / 6 = 5.,"Common mistakes: dividing width by height (0.2), or using another row.",Find P3's row and divide.,,yes,ch04-book-05,,all (AI variant),,ch04-book-05
ch04-book-06-v1,AI variant of ch04-book-06,4,"data in R, dplyr verbs",select-all,"The penguins columns are species, island, bill_length, bill_depth, flipper_length, body_mass, sex. Which columns will appear in the output of this code? (Select all that apply.)

penguins |>
  mutate(mass_kg = body_mass / 1000) |>
  select(species, mass_kg)","A) species
B) island
C) body_mass
D) mass_kg
E) sex","A, D",mutate() adds mass_kg; select() then keeps only the named columns: species and mass_kg.,"B), C) and E) Not listed in select(), so they're dropped.",select() keeps only what you name.,,yes,ch04-book-06,,all (AI variant),,ch04-book-06
ch04-book-06-v2,AI variant of ch04-book-06,4,"data in R, dplyr verbs",MC,"How many columns does this code return?

penguins |>
  select(species, island, body_mass) |>
  mutate(heavy = body_mass > 4500)","A) 3
B) 4
C) 7
D) 1",B,"select() keeps 3 columns, then mutate() adds one more (heavy): 4 in total.","A) Forgets the new column.
C) select() already dropped the others.
D) mutate() doesn't drop columns.","Count after select(), then add mutate()'s new column.",,yes,ch04-book-06,,all (AI variant),,ch04-book-06
ch04-book-07-v1,AI variant of ch04-book-07,4,"data in R, errors & debugging",MC,"rename() can change body_mass to mass. Which of these scripts would work?

A) penguins |> rename(mass = body_mass) |> mutate(kg = body_mass / 1000)
B) penguins |> mutate(kg = body_mass / 1000) |> rename(mass = body_mass)
C) penguins |> rename(mass = body_mass) |> mutate(kg = mass / 1000)","A) A only
B) B and C
C) A and C
D) All three",B,"After rename(), the column is called mass, so later steps must use mass (C). B works because mutate() runs before the rename.","A) Script A uses body_mass after it was renamed, so it fails.
C) and D) Both include script A.","After renaming, what is the column called?",,yes,ch04-book-07,,all (AI variant),,ch04-book-07
ch04-book-07-v2,AI variant of ch04-book-07,4,"data in R, errors & debugging",MC,"After running clean_names(), which code refers to the column formerly called Petal.Width?","A) petal_width
B) Petal.Width
C) PetalWidth
D) ""Petal Width""",A,clean_names() converts names to lowercase snake_case: Petal.Width becomes petal_width.,"B) That old name no longer exists after cleaning.
C) and D) Not what clean_names() produces.",clean_names() → lowercase with underscores.,,yes,ch04-book-07,,all (AI variant),,ch04-book-07
ch04-book-08-v1,AI variant of ch04-book-08,4,"data in R, dplyr verbs",MC,"What does this code aim to do?

penguins |>
  filter(sex == ""female"")","A) Create a column called sex
B) Keep only the female penguins
C) Remove the sex column
D) Sort by sex",B,"filter() keeps rows where the condition is TRUE: here, sex equal to ""female"".","A) That's mutate().
C) That's select().
D) That's arrange().",Rows or columns?,,yes,ch04-book-08,,all (AI variant),,ch04-book-08
ch04-book-08-v2,AI variant of ch04-book-08,4,"data in R, dplyr verbs",MC,Which code keeps only setosa flowers with petals longer than 1.5 cm?,"A) iris |> filter(Species == ""setosa"", Petal.Length > 1.5)
B) iris |> select(Species == ""setosa"", Petal.Length > 1.5)
C) iris |> filter(Species = ""setosa"" & Petal.Length > 1.5)
D) iris |> mutate(Species == ""setosa"")",A,filter() can take several conditions separated by commas; rows must meet all of them. Use == to test equality.,"B) select() picks columns.
C) = assigns instead of testing equality.
D) mutate() adds columns.","Which verb keeps rows, and how do you test equality?",,yes,ch04-book-08,,all (AI variant),,ch04-book-08
ch04-book-09-v1,AI variant of ch04-book-09,4,"data in R, errors & debugging, packages",MC,"This code fails with Error: object 'species' not found, though dplyr is loaded and the column species exists:

penguins |>
  filter(species == ""Gentoo"")

Why?","A) R used stats::filter(), which looks for an object called species instead of a column
B) species must be quoted
C) The data have no species column
D) filter() only works on numbers",A,"Two packages define filter(). When R uses stats::filter(), column names aren't recognized.","B) dplyr uses bare column names.
C) The column exists.
D) filter() works on text too.",Which filter() is R using?,,yes,ch04-book-09,,all (AI variant),,ch04-book-09
ch04-book-09-v2,AI variant of ch04-book-09,4,"data in R, errors & debugging, packages",MC,What does dplyr::filter() mean?,"A) Use the filter() function from the dplyr package specifically
B) Divide dplyr by filter
C) Install dplyr
D) Filter the dplyr package",A,"package::function() tells R exactly which package's function to use, avoiding name conflicts.","B), C) and D) Not what :: does.",What do the double colons do?,,yes,ch04-book-09,,all (AI variant),,ch04-book-09
ch04-book-10-v1,AI variant of ch04-book-10,4,"data in R, errors & debugging, packages",select-all,"This fails with Error: object 'body_mass' not found, though the column exists and dplyr is loaded:

penguins |>
  filter(body_mass > 5000)

How do you fix it? (Select both correct answers.)","A) penguins |> dplyr::filter(body_mass > 5000)
B) After library(dplyr), run conflicts_prefer(dplyr::filter)
C) Put body_mass in quotes
D) Use select() instead","A, B","Both make R use dplyr's filter(), which understands column names.","C) Quotes compare against the text 'body_mass', not the column.
D) select() picks columns; it doesn't filter rows.",What do A and B have in common?,,yes,ch04-book-10,,all (AI variant),,ch04-book-10
ch04-book-10-v2,AI variant of ch04-book-10,4,"data in R, errors & debugging, packages",MC,"Which line, run once near the top of your script, prevents filter() conflicts for the whole session?","A) conflicts_prefer(dplyr::filter)
B) install.packages(""dplyr"")
C) rm(filter)
D) library(stats)",A,The conflicted package's conflicts_prefer() tells R which filter() to use every time.,"B) Installing doesn't choose between functions.
C) Not how to resolve a conflict.
D) Loading stats makes the conflict, not the fix.",Which function says 'prefer this one'?,,yes,ch04-book-10,,all (AI variant),,ch04-book-10
ch04-quiz-01-v1,AI variant of ch04-quiz-01,4,"data in R, errors & debugging, packages",MC,"In a fresh R session you type:

penguins |>
  select(species, body_mass)

and get: could not find function ""select"". Most likely explanation?","A) dplyr isn't loaded
B) body_mass is misspelled
C) penguins wasn't reassigned
D) select() only works in scripts",A,'could not find function' means the package providing it isn't loaded: add library(dplyr).,"B) A misspelled column gives 'object not found'.
C) Reassignment isn't involved.
D) select() works anywhere.",What does 'could not find function' usually mean?,,yes,ch04-quiz-01,,all (AI variant),,ch04-quiz-01
ch04-quiz-01-v2,AI variant of ch04-quiz-01,4,"data in R, errors & debugging",MC,"Match the error to its likely cause. 'could not find function ""mutate""' most likely means:","A) The package containing mutate() isn't loaded (or the name is misspelled)
B) A column name is misspelled
C) The result wasn't saved
D) The data file is missing",A,R doesn't know a function called mutate in this session: load dplyr (or check the spelling).,"B) That gives 'object not found'.
C) Unsaved results don't cause errors.
D) A missing file gives a 'does not exist' error.",Function problem or object problem?,,yes,ch04-quiz-01,,all (AI variant),,ch04-quiz-01
ch04-quiz-02-v1,AI variant of ch04-quiz-02,4,"data in R, errors & debugging",MC,"With dplyr loaded, you run:

penguins |>
  mutate(mass_kg = bodymass / 1000)

and get: object 'bodymass' not found. The columns are species, island, bill_length, bill_depth, flipper_length, body_mass and sex. Most likely explanation?","A) The column name is misspelled; it's body_mass
B) dplyr isn't loaded
C) penguins wasn't reassigned
D) You can't divide in mutate()",A,'object not found' inside mutate() usually means a typo in a column name.,"B) If dplyr weren't loaded, R couldn't find mutate().
C) Not saving doesn't cause errors.
D) Arithmetic works in mutate().",Compare the name you typed with the column list.,,yes,ch04-quiz-02,,all (AI variant),,ch04-quiz-02
ch04-quiz-02-v2,AI variant of ch04-quiz-02,4,"data in R, errors & debugging",MC,"You get object 'Bill_Length' not found, but the column is bill_length. Why?","A) R is case-sensitive, so Bill_Length and bill_length are different names
B) The column was deleted
C) dplyr isn't loaded
D) Column names can't contain underscores",A,Capitalization matters in R names.,"B) The column exists with lowercase letters.
C) That would give a 'could not find function' error.
D) Underscores are fine.",Compare the capitalization.,,yes,ch04-quiz-02,,all (AI variant),,ch04-quiz-02
ch04-quiz-03-v1,AI variant of ch04-quiz-03,4,"data in R, assignment & environment",MC,"This code runs and prints penguins with a new mass_kg column:

penguins |>
  mutate(mass_kg = body_mass / 1000)

But when you type View(penguins), mass_kg is gone. What happened?","A) You didn't assign the result back to penguins (or to a new object)
B) dplyr isn't loaded
C) The column name is misspelled
D) View() hides new columns",A,dplyr verbs return a new table; without <- the result is printed and then lost.,"B) The code ran, so dplyr is loaded.
C) The column appeared in the printout.
D) View() shows all columns.",Was anything assigned with <- ?,,yes,ch04-quiz-03,,all (AI variant),,ch04-quiz-03
ch04-quiz-03-v2,AI variant of ch04-quiz-03,4,"data in R, assignment & environment",MC,Which line permanently adds mass_kg to the penguins object?,"A) penguins <- penguins |> mutate(mass_kg = body_mass / 1000)
B) penguins |> mutate(mass_kg = body_mass / 1000)
C) mutate(mass_kg = body_mass / 1000)
D) View(penguins |> mutate(mass_kg = body_mass / 1000))",A,Assigning the result back to penguins replaces the old version with the new one.,"B) and D) Only display the result.
C) Doesn't say which data to use.",Look for <-.,,yes,ch04-quiz-03,,all (AI variant),,ch04-quiz-03
ch04-quiz-04-v1,AI variant of ch04-quiz-04,4,"data in R, dplyr verbs",matching,"Match each dplyr function with what it does:

1. arrange()
2. summarize()
3. rename()
4. filter()","A) Changes column names
B) Sorts rows
C) Keeps rows that meet a condition
D) Collapses rows into summary values","1-B, 2-D, 3-A, 4-C","arrange() sorts, summarize() collapses to summaries, rename() changes names, filter() keeps rows.","Confusing filter() (rows) with select() (columns), or summarize() with mutate(), are the common mix-ups.","Rows, columns, names or summaries?",,yes,ch04-quiz-04,,all (AI variant),,ch04-quiz-04
ch04-quiz-04-v2,AI variant of ch04-quiz-04,4,"data in R, dplyr verbs",MC,"You want one new column per row (e.g., each penguin's mass in kg). Which verb?","A) mutate()
B) summarize()
C) select()
D) filter()",A,mutate() adds a column calculated for each row.,"B) summarize() gives one value per group.
C) select() picks columns.
D) filter() keeps rows.",One value per row.,,yes,ch04-quiz-04,,all (AI variant),,ch04-quiz-04
ch04-quiz-05-v1,AI variant of ch04-quiz-05,4,tidy data,MC,"The table below is called surveys. Is it tidy?

transect | date | frogs_seen
T1 | 2024-05-01 | 3
T2 | 2024-05-01 | 0","A) Yes
B) No",A,"One row per transect-survey, one column per variable, one value per cell.",B) Nothing breaks the tidy rules.,Check the three rules.,,yes,ch04-quiz-05,,all (AI variant),,ch04-quiz-05
ch04-quiz-05-v2,AI variant of ch04-quiz-05,4,tidy data,MC,"The table below is called surveys. Is it tidy?

transect | May1_frogs | May8_frogs
T1 | 3 | 5
T2 | 0 | 1","A) Yes
B) No",B,"Date is a variable, but its values are in the column names. Tidy: columns transect, date, frogs_seen.",A) Values of a variable (dates) appear as column headers.,Where are the dates stored?,,yes,ch04-quiz-05,,all (AI variant),,ch04-quiz-05
ch05-quiz-01-v1,AI variant of ch05-quiz-01,5,"shape of distributions, histograms",MC,The histogram shows seed mass for 400 seeds. The distribution is best described as:,"A) unimodal and symmetric
B) unimodal and right skewed
C) bimodal",B,One peak near 2.5–3 mg with a long tail toward heavy seeds: unimodal and right skewed (mean 3.5 mg > median 3.0 mg).,"A) The right tail is much longer than the left.
C) There's only one peak.",Which side has the long tail?,ch05-var-seedmass-hist.png,yes,ch05-quiz-01,,all (AI variant),,ch05-quiz-01
ch05-quiz-01-v2,AI variant of ch05-quiz-01,5,"shape of distributions, histograms",MC,The histogram shows parasite load (eggs per gram) in 350 sheep. The distribution is best described as:,"A) unimodal and symmetric
B) unimodal and right skewed
C) unimodal and left skewed
D) bimodal",B,"Most sheep have low loads and a few have very high loads, giving a long right tail. Mean (54) is well above the median (40).","A) Very lopsided.
C) The long tail is on the right (high values).
D) One peak.","Where are most values, and where does the tail go?",ch05-var-parasite-hist.png,yes,ch05-quiz-01,,all (AI variant),,ch05-quiz-01
ch05-quiz-02-v1,AI variant of ch05-quiz-02,5,"shape of distributions, histograms",MC,The histogram shows beak depth for 400 finches. The distribution is best described as:,"A) unimodal and symmetric
B) unimodal and right skewed
C) bimodal",C,"Two clear peaks (near 9 and 12.5 mm) with a dip between: bimodal. This often means two groups are mixed, e.g., two species or beak morphs.","A) and B) There are two humps, not one.",Count the peaks.,ch05-var-beak-bimodal.png,yes,ch05-quiz-02,,all (AI variant),,ch05-quiz-02
ch05-quiz-02-v2,AI variant of ch05-quiz-02,5,"shape of distributions, histograms",MC,The histogram shows body temperature for 300 healthy mice. The distribution is best described as:,"A) unimodal and symmetric
B) unimodal and right skewed
C) unimodal and left skewed
D) bimodal",A,"One peak near 37 °C, falling off about equally on both sides: unimodal and symmetric.","B) and C) Neither tail is clearly longer.
D) There's one peak.",Would it look the same flipped left to right?,ch05-var-temp-hist.png,yes,ch05-quiz-02,,all (AI variant),,ch05-quiz-02
ch05-quiz-03-v1,AI variant of ch05-quiz-03,5,"boxplots, mean & median, range & IQR",matching,"Use the boxplot to visually estimate each value:

1. The median
2. The interquartile range
3. The range
4. The mean","A) about 10
B) about 11
C) a bit above 10 (about 13); a boxplot doesn't show it directly
D) about 45
E) about 33","1-A, 2-B, 3-D, 4-C","The median line sits near 10 days. The box runs from about 6 to 17, so IQR ≈ 11. The range runs from the lowest value (~1) to the top outlier (~46), so ≈ 45. A boxplot doesn't show the mean, but the long upper whisker and high outliers pull it above the median.","33 is the end of the upper whisker, not the range: include the outlier points.
The IQR is the height of the box, not the median.","Median = middle line; IQR = box height; range = lowest point to highest point, including outliers.",ch05-var-box-right.png,yes,ch05-quiz-03,"Computed from the plotted data: median 9.8, Q1 6.1, Q3 16.8, range 44.6, mean 12.7.",all (AI variant),,ch05-quiz-03
ch05-quiz-03-v2,AI variant of ch05-quiz-03,5,"boxplots, mean & median, range & IQR",matching,"Use the horizontal boxplot of nest height to estimate:

1. The median
2. The interquartile range
3. The range","A) about 9
B) about 52
C) about 31
D) about 70","1-B, 2-A, 3-C","The median line is near 52 cm. The box spans about 48 to 57 cm, so IQR ≈ 9. The whiskers run from about 39 to 70 cm, so the range ≈ 31.","70 is the maximum, not the range.
The IQR is the box's width, not the median.",Box edges = Q1 and Q3; whisker ends = min and max (no outliers here).,ch05-var-box-sym.png,yes,ch05-quiz-03,"Computed: median 52.4, Q1 47.7, Q3 57.1, min 39.1, max 69.7.",all (AI variant),,ch05-quiz-03
ch05-quiz-04-v1,AI variant of ch05-quiz-04,5,"variance, sums of squares",numeric,"The grand mean of chick mass is 50 g. The mean masses in three broods are 44, 51 and 55 g.

What is the sum of squares of the differences between each brood mean and the grand mean?",,62,(44 − 50)² + (51 − 50)² + (55 − 50)² = 36 + 1 + 25 = 62.,"Common mistakes: forgetting to square (−6 + 1 + 5 = 0), or squaring the sum.","Subtract 50 from each, square, add.",,yes,ch05-quiz-04,,all (AI variant),,ch05-quiz-04
ch05-quiz-04-v2,AI variant of ch05-quiz-04,5,"variance, sums of squares",numeric,"Four tadpoles have tail lengths of 8, 10, 11 and 15 mm (mean = 11 mm). What is the sum of squares?",,26,"Deviations: −3, −1, 0, 4. Squares: 9, 1, 0, 16. Sum = 26.","Common mistakes: adding the raw deviations (always 0), or dividing by n (that's a variance step).","Square each deviation from the mean, then add.",,yes,ch05-quiz-04,,all (AI variant),,ch05-quiz-04
ch05-quiz-05-v1,AI variant of ch05-quiz-05,5,"variance, sums of squares",numeric,"Three brood means (44, 51 and 55 g) have a sum of squares around their grand mean of 62. What is the sample variance?",,31,Variance = SS / (n − 1) = 62 / 2 = 31.,"62 / 3 ≈ 20.7 divides by n instead of n − 1.
√31 ≈ 5.6 is the SD, not the variance.",Divide by n − 1.,,yes,ch05-quiz-05,,all (AI variant),,ch05-quiz-05
ch05-quiz-05-v2,AI variant of ch05-quiz-05,5,"variance, sums of squares, standard deviation",numeric,Four tadpole tail lengths have a sum of squares of 27. What is the sample standard deviation (to two decimals)?,,3.00,"Variance = 27 / (4 − 1) = 9, so SD = √9 = 3.","Forgetting the square root gives the variance (9).
Dividing by 4 gives √6.75 ≈ 2.60.","Variance first (divide by n − 1), then take the square root.",,yes,ch05-quiz-05,,all (AI variant),,ch05-quiz-05
ch05-quiz-06-v1,AI variant of ch05-quiz-06,5,"summarize, assignment & environment",MC,"What is the single worst thing about this code?

frogs <- frogs |>
  summarize(mean_mass = mean(mass))","A) It uses summarize() instead of summarise()
B) It overwrites frogs with a one-row summary, losing the raw data
C) It should use the median instead",B,"After this line, frogs holds only the mean. Save summaries under a new name, e.g., frog_summary <- frogs |> summarize(...).","A) Both spellings work identically.
C) The choice of summary isn't the main problem; losing the data is.",What's left in frogs after this runs?,,yes,ch05-quiz-06,,all (AI variant),,ch05-quiz-06
ch05-quiz-06-v2,AI variant of ch05-quiz-06,5,"summarize, assignment & environment",MC,Which line safely stores the mean flipper length without losing the penguins data?,"A) flipper_summary <- penguins |> summarize(mean_flipper = mean(flipper_len, na.rm = TRUE))
B) penguins <- penguins |> summarize(mean_flipper = mean(flipper_len, na.rm = TRUE))
C) penguins <- mean(penguins)
D) summarize(penguins) <- mean(flipper_len)",A,Assigning the summary to a new name keeps the original data intact.,"B) Overwrites penguins with one row.
C) and D) Not valid ways to summarize, and C also overwrites.",Which keeps penguins unchanged?,,yes,ch05-quiz-06,,all (AI variant),,ch05-quiz-06
ch05-gquiz-01-v1,AI variant of ch05-gquiz-01,5,"robust summaries, mean & median, range & IQR, variance",select-all,One lizard in your sample is a giant (twice the size of any other). Which TWO summaries would barely change if you removed it?,"A) mean
B) median
C) standard deviation
D) interquartile range
E) maximum","B, D","The median and IQR depend on the middle of the ordered data, so one extreme value barely moves them.","A) The mean is pulled toward the giant.
C) The SD is inflated by the large deviation.
E) The maximum is the giant itself.","Which summaries depend on order, not size?",,yes,ch05-gquiz-01,,all (AI variant),,ch05-gquiz-01
ch05-gquiz-01-v2,AI variant of ch05-gquiz-01,5,"robust summaries, mean & median",MC,A dataset of household incomes includes a few billionaires. Which summary best describes a typical household?,"A) The median
B) The mean
C) The range
D) The variance",A,"The median is the middle value, so it isn't dragged upward by a few extreme incomes.","B) The mean is pulled far up by the billionaires.
C) and D) Measures of spread, not of a typical value.",Which center isn't pulled by extremes?,,yes,ch05-gquiz-01,,all (AI variant),,ch05-gquiz-01
ch05-gquiz-02-v1,AI variant of ch05-gquiz-02,5,variance,MC,A sample of 12 seeds has a standard deviation of 0. What must be true?,"A) All 12 seeds have the same mass
B) All seeds weigh 0 mg
C) Half the seeds are above the mean
D) The seeds were weighed incorrectly",A,"SD = 0 means no deviations from the mean at all, so every value is identical.","B) They must be equal, not necessarily zero.
C) That describes data with spread.
D) Identical values are possible (e.g., rounded measurements).",When can the average squared deviation be zero?,,yes,ch05-gquiz-02,,all (AI variant),,ch05-gquiz-02
ch05-gquiz-02-v2,AI variant of ch05-gquiz-02,5,variance,MC,"Which dataset has the larger variance?
Set 1: 10, 10, 10, 10
Set 2: 8, 9, 11, 12","A) Set 1
B) Set 2
C) They're equal
D) Can't tell without the means",B,Set 1 has no spread (variance 0). Set 2 has the same mean (10) but values spread around it (variance ≈ 3.3).,"A) No variation means variance 0.
C) Same mean, different spread.
D) Both means are 10, and spread is visible directly.",Which set has values away from the mean?,,yes,ch05-gquiz-02,,all (AI variant),,ch05-gquiz-02
ch05-gquiz-03-v1,AI variant of ch05-gquiz-03,5,"sample size, range & IQR",MC,"You measure heights in a sample of 20 trees, then in a sample of 500 trees from the same forest. Which summary is most likely to be larger in the bigger sample?","A) Mean
B) Median
C) Range
D) Standard deviation",C,"The range is set by the most extreme trees. A bigger sample is more likely to include very short and very tall trees, so the range tends to grow.","A), B) and D) These estimate population values and don't trend upward with n.",Which summary can only stay the same or grow when you add data?,,yes,ch05-gquiz-03,,all (AI variant),,ch05-gquiz-03
ch05-gquiz-03-v2,AI variant of ch05-gquiz-03,5,"sample size, range & IQR",MC,Why is the range a poor summary for comparing samples of very different sizes?,"A) It tends to grow with sample size, because larger samples catch more extreme values
B) It can't be calculated for large samples
C) It always equals the SD
D) It ignores the minimum",A,"A bigger sample is more likely to include rare extremes, so the range depends on n as well as on the population.","B) It can always be calculated.
C) Not true.
D) The range uses both the minimum and the maximum.",What happens to the extremes as you sample more?,,yes,ch05-gquiz-03,,all (AI variant),,ch05-gquiz-03
ch05-gquiz-04-v1,AI variant of ch05-gquiz-04,5,"boxplots, mean & median, range & IQR, shape of distributions",matching,"Use the boxplot of time to first flower to estimate:

1. The median
2. The range
3. The mean
4. The direction of skew","A) about 45
B) about 10
C) a bit above the median; a boxplot doesn't show it directly
D) right skewed (long upper tail)","1-B, 2-A, 3-C, 4-D","The median line is near 10 days and the values run from about 1 to 46 (≈ 45). The long upper whisker and the high outliers show right skew, which pulls the mean above the median.","Don't stop the range at the whisker: include the outlier points.
The mean isn't drawn on a boxplot.",Which way is the long tail?,ch05-var-box-right.png,yes,ch05-gquiz-04,,all (AI variant),,ch05-gquiz-04
ch05-gquiz-04-v2,AI variant of ch05-gquiz-04,5,"boxplots, mean & median, shape of distributions",MC,"In a boxplot, the median line sits near the bottom of the box and the upper whisker is much longer than the lower one. What can you say about the mean?","A) It's probably above the median, because the data are right skewed
B) It's probably below the median
C) It equals the median
D) Nothing at all",A,"A long upper tail (right skew) pulls the mean above the median. The boxplot doesn't show the mean, but the skew tells you its likely direction.","B) That would be for left skew.
C) Only for symmetric data.
D) The shape does give a clue.",Which way would the long tail pull the mean?,,yes,ch05-gquiz-04,,all (AI variant),,ch05-gquiz-04
ch05-gquiz-05-v1,AI variant of ch05-gquiz-05,5,"variance, sums of squares",numeric,"The plot shows wing lengths of 7 butterflies (11, 14, 16, 18, 20, 21, 26 mm) and their deviations from the mean (18 mm). What is the sample variance? (Two decimals.)",,24.33,"Deviations: −7, −4, −2, 0, 2, 3, 8. Squares: 49, 16, 4, 0, 4, 9, 64. SS = 146. Variance = 146 / 6 ≈ 24.33.","Common mistakes: dividing by 7 (20.86), or forgetting to square.","Square each deviation, add, divide by n − 1.",ch05-var-lollipop.png,yes,ch05-gquiz-05,,all (AI variant),,ch05-gquiz-05
ch05-gquiz-05-v2,AI variant of ch05-gquiz-05,5,"variance, sums of squares, standard deviation",numeric,"Five lizards have tail lengths of 6, 8, 9, 11 and 16 cm (mean = 10). What is the sample standard deviation? (Two decimals.)",,3.81,"Deviations: −4, −2, −1, 1, 6. Squares: 16, 4, 1, 1, 36 → SS = 58. Variance = 58 / 4 = 14.5. SD = √14.5 ≈ 3.81.","Dividing by 5 gives SD ≈ 3.41.
Forgetting the square root gives the variance (14.5).",SS → variance (n − 1) → square root.,,yes,ch05-gquiz-05,,all (AI variant),,ch05-gquiz-05
ch05-gquiz-06-v1,AI variant of ch05-gquiz-06,5,"summarize, errors & debugging, dplyr verbs",select-all,"This code tries to get the mean body mass of Gentoo penguins, but it doesn't work. What's wrong? (Select all that apply.)

penguins |>
  summarize(mean_mass = mean(body_mass)) |>
  filter(species = Gentoo)","A) filter() comes after summarize(), so species no longer exists
B) = should be ==
C) Gentoo needs quotes
D) mean() can't be used inside summarize()","A, B, C","Filter first, then summarize: penguins |> filter(species == ""Gentoo"") |> summarize(mean_mass = mean(body_mass, na.rm = TRUE)).",D) Summary functions like mean() are exactly what summarize() uses.,"After summarize(), what columns remain?",,yes,ch05-gquiz-06,,all (AI variant),,ch05-gquiz-06
ch05-gquiz-06-v2,AI variant of ch05-gquiz-06,5,"summarize, dplyr verbs",MC,Which code gives the SD of flipper length for Adelie penguins only?,"A) penguins |> filter(species == ""Adelie"") |> summarize(sd_flip = sd(flipper_len, na.rm = TRUE))
B) penguins |> summarize(sd_flip = sd(flipper_len)) |> filter(species == ""Adelie"")
C) penguins |> filter(species = ""Adelie"") |> summarize(sd(flipper_len))
D) penguins |> select(species == ""Adelie"") |> sd(flipper_len)",A,"Keep the Adelie rows first, then summarize them.","B) After summarize(), species is gone.
C) = instead of ==.
D) select() picks columns, and sd() isn't a pipe step on a data frame.","Filter, then summarize.",,yes,ch05-gquiz-06,,all (AI variant),,ch05-gquiz-06
ch05-gquiz-07-v1,AI variant of ch05-gquiz-07,5,"mean & median, robust summaries",MC,"Seven frogs have masses 12, 15, 15, 17, 19, 22 and 24 g. What is the largest amount you could add to the heaviest frog's mass without changing the median?","A) No limit: any amount
B) 2 g
C) 5 g
D) It would always change the median",A,The median is the 4th of 7 ordered values (17 g). Making the heaviest frog heavier doesn't change which value is in the middle.,"B) and C) There's no limit.
D) The median ignores how extreme the largest value is.","Which value is the median, and does it move?",,yes,ch05-gquiz-07,,all (AI variant),,ch05-gquiz-07
ch05-gquiz-07-v2,AI variant of ch05-gquiz-07,5,"mean & median, robust summaries",MC,"Seven frogs have masses 12, 15, 15, 17, 19, 22 and 24 g. If the heaviest frog's mass is recorded as 240 g by mistake, what happens?","A) The mean rises a lot; the median stays at 17 g
B) Both rise a lot
C) The median rises; the mean stays the same
D) Neither changes",A,"The mean uses every value: (124 + 216 extra) / 7 jumps from about 17.7 to about 48.6 g. The median is still the 4th value, 17 g.","B) The median is robust to one extreme value.
C) Backwards.
D) The mean changes.",Mean uses sizes; median uses order.,,yes,ch05-gquiz-07,,all (AI variant),,ch05-gquiz-07
ch05-gquiz-08-v1,AI variant of ch05-gquiz-08,5,"variance, coefficient of variation",matching,"Elephants and mice both vary in body mass.

1. The SD of body mass is probably ______ in elephants than in mice.
2. After dividing by the mean (CV), variability in elephants is probably ______ that in mice.","A) much larger
B) much smaller
C) roughly similar to","1-A, 2-C","Elephants weigh thousands of kilograms, so differences among them are huge in absolute terms. Relative to their mean (CV), the variation can be similar to that of mice.",Raw SD depends on the scale; CV removes it.,SD has units; CV doesn't.,,yes,ch05-gquiz-08,,all (AI variant),,ch05-gquiz-08
ch05-gquiz-08-v2,AI variant of ch05-gquiz-08,5,"variance, coefficient of variation",MC,Tree height SD is 3 m (mean 30 m); seedling height SD is 2 cm (mean 10 cm). Which is more variable relative to its mean?,"A) Seedlings (CV = 0.20 vs 0.10)
B) Trees, because 3 m is bigger than 2 cm
C) Equal
D) Can't compare different units",A,CV = SD / mean: trees 3 / 30 = 0.10; seedlings 2 / 10 = 0.20. Seedlings vary twice as much relative to their size.,"B) Raw SDs depend on units and scale.
C) The CVs differ.
D) CV is unitless, which is exactly what makes the comparison possible.",Divide each SD by its mean.,,yes,ch05-gquiz-08,,all (AI variant),,ch05-gquiz-08
ch05-book-01-v1,AI variant of ch05-book-01,5,"shape of distributions, histograms, transformations",MC,The histogram shows parasite load in 350 sheep. Which transformation would make it more symmetric?,"A) A log transformation
B) Squaring the values
C) Subtracting the mean
D) No transformation can change the shape",A,"Logs compress large values more than small ones, pulling in a long right tail. Squaring would make the skew worse; subtracting the mean just shifts the data.","B) Squaring stretches large values even more.
C) Shifting doesn't change shape.
D) Monotonic transformations like log do change shape.",Which transformation shrinks big numbers the most?,ch05-var-parasite-hist.png,yes,ch05-book-01,,all (AI variant),,ch05-book-01
ch05-book-01-v2,AI variant of ch05-book-01,5,"shape of distributions, histograms",MC,"The histogram shows the day of year fruit ripened on 5,000 plants. The distribution is:","A) unimodal and symmetric
B) unimodal and right skewed
C) unimodal and left skewed
D) bimodal",C,"One peak late in the season, with a long tail toward earlier days: unimodal and left skewed.","A) Not symmetric.
B) The long tail points left, toward small values.
D) One peak.",Which way does the long tail point?,ch08-var-ripen-pop.png,yes,ch05-book-01,,all (AI variant),,ch05-book-01
ch05-book-02-v1,AI variant of ch05-book-02,5,"shape of distributions, histograms",MC,The histogram shows the heights of 600 trees. The distribution is:,"A) unimodal and symmetric
B) unimodal and right skewed
C) bimodal",A,"One peak, roughly mirror-image sides: unimodal and symmetric.","B) Neither tail is clearly longer.
C) One peak.",Would it look similar flipped?,ch08-var-oak-hist.png,yes,ch05-book-02,,all (AI variant),,ch05-book-02
ch05-book-02-v2,AI variant of ch05-book-02,5,"shape of distributions, mean & median",MC,"For a unimodal, symmetric distribution, how do the mean and median compare?","A) They're about equal
B) The mean is much larger
C) The median is much larger
D) There's no relationship",A,"With no long tail pulling it, the mean sits at about the same place as the median (and the peak).","B) That's typical of right skew.
C) That's typical of left skew.
D) Shape and these summaries are closely linked.",What would pull the mean away from the middle?,,yes,ch05-book-02,,all (AI variant),,ch05-book-02
ch05-book-03-v1,AI variant of ch05-book-03,5,"shape of distributions, histograms",MC,The first histogram of finch beak depth uses only 2 bins. The second shows the same data with 30 bins. What's the lesson?,"A) Too few bins can hide important features like bimodality, so try several bin widths
B) The 2-bin version is more honest because it's simpler
C) Bin width never changes what you see
D) More bins always mislead",A,"With 2 bins, the two beak types merge and you can't see them. With 30, two clear peaks appear. Always try a few bin widths.","B) Simpler isn't better if it hides structure.
C) It clearly does.
D) Too many bins add noise, but too few hide structure.",What does the 30-bin version reveal?,ch05-var-beak-2bins.png; ch05-var-beak-30bins.png,yes,ch05-book-03,,all (AI variant),,ch05-book-03
ch05-book-03-v2,AI variant of ch05-book-03,5,"shape of distributions, histograms",MC,"A histogram with 100 bins of only 40 data points looks jagged, with many empty bins. What's the problem?","A) Too many bins: noise looks like structure
B) Too few bins
C) The data must be bimodal
D) Nothing; more bins is always better",A,"With so few points per bin, random bumps dominate. Use fewer bins (or a density plot) to see the overall shape.","B) The opposite problem.
C) Jaggedness doesn't mean multiple modes.
D) Too many bins add noise.",How many points land in each bin?,,yes,ch05-book-03,,all (AI variant),,ch05-book-03
ch05-book-04-v1,AI variant of ch05-book-04,5,"mean & median, missing data (NA)",MC,"I calculated mean frog mass two ways:

frogs |>
  summarize(n_frogs = n(),
            total = sum(mass, na.rm = TRUE),
            mean_1 = total / n_frogs,
            mean_2 = mean(mass, na.rm = TRUE))

n_frogs | total | mean_1 | mean_2
50 | 690 | 13.8 | 15.0

(Four frogs have missing mass, NA.)

Which mean is correct?","A) mean_1
B) mean_2
C) It depends",B,"690 g comes from the 46 frogs with data, so the mean is 690 / 46 = 15.0. mean_1 divides by all 50 rows.","A) Divides by 50 but only 46 frogs contributed to the total.
C) Only one is the mean of the measured frogs.",How many frogs contributed to the total?,,yes,ch05-book-04,,all (AI variant),,ch05-book-04
ch05-book-04-v2,AI variant of ch05-book-04,5,"mean & median, missing data (NA)",MC,"A column has values 4, 6, NA and 10. What does mean(x) return in R, and what does mean(x, na.rm = TRUE) return?","A) NA, and 6.67
B) 5, and 6.67
C) 6.67, and 6.67
D) An error, and 5",A,Any NA makes mean() return NA unless you ask it to drop missing values. With na.rm = TRUE: (4 + 6 + 10) / 3 = 6.67.,"B) 20 / 4 = 5 treats NA as zero, which R doesn't do.
C) The first call returns NA.
D) No error, and the second answer is 6.67.",What does R do with NA by default?,,yes,ch05-book-04,,all (AI variant),,ch05-book-04
ch05-book-05-v1,AI variant of ch05-book-05,5,"mean & median, missing data (NA)",MC,"I calculated mean frog mass two ways:

frogs |>
  summarize(n_frogs = n(),
            total = sum(mass, na.rm = TRUE),
            mean_1 = total / n_frogs,
            mean_2 = mean(mass, na.rm = TRUE))

n_frogs | total | mean_1 | mean_2
50 | 690 | 13.8 | 15.0

(Four frogs have missing mass, NA.)

What went wrong with mean_1?","A) n() counts all rows, including the 4 with missing mass
B) na.rm should be FALSE
C) The mean should divide by n − 1
D) Nothing; both are valid",A,"The total skips NAs but n() doesn't, so the numerator and denominator don't match.","B) Then the total would be NA.
C) n − 1 is for variance.
D) Dividing a 46-frog total by 50 isn't a valid mean.",Does n() know which rows are NA?,,yes,ch05-book-05,,all (AI variant),,ch05-book-05
ch05-book-05-v2,AI variant of ch05-book-05,5,"mean & median, missing data (NA)",MC,How can you count only the non-missing values of mass inside summarize()?,"A) sum(!is.na(mass))
B) n()
C) length(mass)
D) mean(mass)",A,"!is.na(mass) is TRUE for each non-missing value, and sum() counts the TRUEs.","B) and C) Count all rows, including NAs.
D) That's the mean, not a count.",How do you turn 'is it missing?' into a count?,,yes,ch05-book-05,,all (AI variant),,ch05-book-05
ch05-book-06-v1,AI variant of ch05-book-06,5,"coefficient of variation, variance",MC,"Seed mass (mg) in three populations:

population | mean | sd
Pop 1 | 2.1 | 0.42
Pop 2 | 3.8 | 0.57
Pop 3 | 1.2 | 0.30

Which is most variable relative to its mean?","A) Pop 1
B) Pop 2
C) Pop 3",C,"CV = SD / mean: Pop 1 0.20, Pop 2 0.15, Pop 3 0.25. Pop 3 is the most variable relative to its size.","B) Largest SD, but also the largest mean: the least variable relatively.
A) Middle CV.",Divide each SD by its mean.,,yes,ch05-book-06,,all (AI variant),,ch05-book-06
ch05-book-06-v2,AI variant of ch05-book-06,5,coefficient of variation,MC,"Two traits: wing length (mean 50 mm, SD 5 mm) and wing mass (mean 0.20 g, SD 0.04 g). Which varies more relative to its mean?","A) Wing mass (CV 0.20 vs 0.10)
B) Wing length, because 5 > 0.04
C) They're equal
D) Different units can't be compared",A,CV: length 5 / 50 = 0.10; mass 0.04 / 0.20 = 0.20.,"B) Raw SDs in different units can't be compared directly.
C) The CVs differ.
D) CV is unitless.",Compute SD / mean for each.,,yes,ch05-book-06,,all (AI variant),,ch05-book-06
ch05-book-07-v1,AI variant of ch05-book-07,5,"boxplots, mean & median, range & IQR, variance",matching,"From the horizontal boxplot of nest height, which of these can you read off, and roughly what are they?

1. Median
2. Mean
3. Interquartile range
4. Variance","A) about 52 cm
B) about 9 cm
C) can't be read from a boxplot","1-A, 2-C, 3-B, 4-C","A boxplot shows the median (≈ 52), the quartiles (IQR ≈ 9) and the extremes. It doesn't show the mean or the variance. (Here the box is symmetric, so the mean is probably close to the median.)",Mean and variance aren't drawn on a boxplot.,Which five numbers does a boxplot show?,ch05-var-box-sym.png,yes,ch05-book-07,,all (AI variant),,ch05-book-07
ch05-book-07-v2,AI variant of ch05-book-07,5,"boxplots, range & IQR",select-all,Which of these does a standard boxplot display directly? (Select all that apply.),"A) Median
B) First and third quartiles
C) Mean
D) Standard deviation
E) Outliers","A, B, E","Boxplots show the median, the quartiles (box edges), the whiskers and individual outliers. The mean and SD aren't drawn.",C) and D) Not part of a standard boxplot.,Think: five-number summary plus outliers.,,yes,ch05-book-07,,all (AI variant),,ch05-book-07
ch05-book-08-v1,AI variant of ch05-book-08,5,"variance, sums of squares",numeric,"Germination rates at four sites are 0.40, 0.55, 0.60 and 0.45 (grand mean = 0.50). What is the sum of squares of the deviations from the grand mean?",,0.025,"Deviations: −0.10, 0.05, 0.10, −0.05. Squares: 0.01, 0.0025, 0.01, 0.0025. Sum = 0.025.","Common mistakes: not squaring (sum ≈ 0), or squaring 0.05 as 0.025.","Square each deviation, then add.",,yes,ch05-book-08,,all (AI variant),,ch05-book-08
ch05-book-08-v2,AI variant of ch05-book-08,5,"variance, sums of squares",numeric,"Clutch sizes at three sites are 3, 5 and 7 eggs (mean = 5). What is the sum of squares?",,8,(3 − 5)² + (5 − 5)² + (7 − 5)² = 4 + 0 + 4 = 8.,Forgetting to square gives 0.,"Square, then add.",,yes,ch05-book-08,,all (AI variant),,ch05-book-08
ch05-book-09-v1,AI variant of ch05-book-09,5,"variance, standard deviation, sums of squares",numeric,Germination rates at four sites have a sum of squares of 0.025. What are the sample variance and SD?,,variance ≈ 0.0083; SD ≈ 0.091,Variance = 0.025 / 3 ≈ 0.0083. SD = √0.0083 ≈ 0.091.,"Dividing by 4 gives 0.00625.
Forgetting the square root mixes up variance and SD.",n − 1 = 3; then take the square root.,,yes,ch05-book-09,,all (AI variant),,ch05-book-09
ch05-book-09-v2,AI variant of ch05-book-09,5,"variance, standard deviation, sums of squares",numeric,"Three clutch sizes (3, 5, 7) have a sum of squares of 8. What are the sample variance and SD?",,variance = 4; SD = 2,Variance = 8 / 2 = 4; SD = √4 = 2.,Dividing by 3 gives 2.67.,"Divide by n − 1, then square root.",,yes,ch05-book-09,,all (AI variant),,ch05-book-09
ch05-book-10-v1,AI variant of ch05-book-10,5,coefficient of variation,MC,"Nectar volume has mean 2 µL and SD 1 µL. Flower width has mean 40 mm and SD 4 mm. Accounting for their means, how does their variability compare?","A) Nectar volume is about five times as variable (CV 0.5 vs 0.1)
B) Flower width is more variable because 4 > 1
C) They're equally variable
D) They can't be compared",A,CV: nectar 1 / 2 = 0.5; width 4 / 40 = 0.1. Nectar varies five times as much relative to its mean.,"B) Raw SDs in different units mislead.
C) The CVs differ fivefold.
D) The CV is unitless.",SD / mean for each.,,yes,ch05-book-10,,all (AI variant),,ch05-book-10
ch05-book-10-v2,AI variant of ch05-book-10,5,coefficient of variation,MC,"If you converted flower width from mm to cm, what would happen to its SD and its CV?","A) The SD would shrink 10-fold; the CV would stay the same
B) Both would shrink 10-fold
C) Neither would change
D) The CV would grow 10-fold",A,"Units change the SD (and the mean) by the same factor, so their ratio, the CV, is unchanged. That's why the CV can compare traits measured in different units.","B) The CV is unitless.
C) The SD changes with units.
D) The CV doesn't depend on units.",Mean and SD both change by the same factor.,,yes,ch05-book-10,,all (AI variant),,ch05-book-10
ch05-book-11-v1,AI variant of ch05-book-11,5,"coefficient of variation, standard deviation",MC,A student says: 'Elephant mass is more variable than mouse mass because its SD is 500 kg and the mouse SD is 3 g.' What's the flaw?,"A) SDs scale with the size and units of the trait; comparing variability fairly requires dividing by the mean (CV)
B) Nothing; bigger SD means more variable
C) Mice can't be weighed precisely
D) Elephants should be weighed in grams",A,Big things vary by big amounts. The CV compares relative variability on a unitless scale.,"B) Raw SDs mostly reflect scale here.
C) Not the issue.
D) Changing units changes the SD but not the conclusion; the CV is the fix.",What would the CVs say?,,yes,ch05-book-11,,all (AI variant),,ch05-book-11
ch05-book-11-v2,AI variant of ch05-book-11,5,coefficient of variation,MC,Which statement about the coefficient of variation is true?,"A) It is SD divided by the mean, and has no units
B) It is the variance divided by n
C) It has the same units as the data
D) It only works for normally distributed data",A,"CV = SD / mean, so the units cancel and traits on different scales can be compared.","B) That's not the CV.
C) Units cancel.
D) It's used regardless of shape (though it needs positive values).",What happens to the units when you divide SD by the mean?,,yes,ch05-book-11,,all (AI variant),,ch05-book-11
ch05-book-12-v1,AI variant of ch05-book-12,5,"summarize, assignment & environment",MC,"What is the most serious problem here?

penguins <- penguins |>
  summarize(max_mass = max(body_mass, na.rm = TRUE))","A) penguins is replaced by a single number, so the raw data are lost
B) max() should be mean()
C) It should be summarise()
D) na.rm = TRUE isn't needed",A,Save summaries under a new name; don't overwrite your data.,"B) Which summary to use is a separate question.
C) Both spellings work.
D) It's needed if any values are NA.",What's in penguins afterward?,,yes,ch05-book-12,,all (AI variant),,ch05-book-12
ch05-book-12-v2,AI variant of ch05-book-12,5,"summarize, assignment & environment",MC,You accidentally ran iris <- iris |> summarize(m = mean(Sepal.Length)). What's the easiest way to get iris back?,"A) Restart R (or remove your copy) so the built-in iris is available again, and fix the line
B) Run the line again
C) It's gone forever
D) Type undo()",A,"Built-in datasets come back in a fresh session (or with rm(iris)). For your own data, rerun the script from the top, which is why scripts matter.","B) Running it again summarizes the summary.
C) The original is restored from the package.
D) R has no undo().",Your script and fresh sessions are your safety net.,,yes,ch05-book-12,,all (AI variant),,ch05-book-12
ch07-gquiz-02-v1,AI variant of ch07-gquiz-02,5,coefficient of variation,MC,You want to compare how variable body mass is in hummingbirds versus eagles. Which statistic is most appropriate?,"A) The coefficient of variation (SD / mean)
B) The variance
C) The standard deviation
D) The range",A,"Eagles weigh about a thousand times more, so their SD will be far larger even if they're no more variable relative to their size. The CV puts both on a unitless scale.","B), C) and D) All scale with the size of the animal.",What happens to the SD when everything is a thousand times bigger?,,yes,ch07-gquiz-02,,all (AI variant),,ch07-gquiz-02
ch07-gquiz-02-v2,AI variant of ch07-gquiz-02,5,coefficient of variation,MC,Petal length: species X has mean 10 mm and SD 2 mm; species Y has mean 40 mm and SD 4 mm. Which is more variable relative to its size?,"A) X (CV 0.20 vs 0.10)
B) Y, because 4 > 2
C) Equal
D) Can't compare",A,"CV = SD / mean: X 2/10 = 0.20, Y 4/40 = 0.10.","B) Raw SDs scale with size.
C) The CVs differ.
D) The CV allows the comparison.",Divide each SD by its mean.,,yes,ch07-gquiz-02,,all (AI variant),,ch07-gquiz-02
ch06-hw-01-v1,AI variant of ch06-hw-01,6,"two categorical variables, bar charts, conditional proportions",matching,"The three plots show the same frog data (x = habitat, fill = frog status) with different geom_bar() positions. Which plot makes it easiest to:

1. Compare the proportion infected between habitats?
2. Read off the number of infected meadow frogs?
3. Read off the total number of forest frogs?","A) Plot 1
B) Plot 2
C) Plot 3","1-B, 2-A, 3-C","Plot 2 uses position = ""fill"" (each bar scaled to 1), showing proportions. Plot 1 is ""dodge"" (each count from a common baseline). Plot 3 is ""stack"" (bar height = total).",Fill hides counts; stack makes inner segments hard to read; dodge requires mental division for proportions.,First identify which position each plot uses.,ch06-var-frog-bars.png,yes,ch06-hw-01,,all (AI variant),,ch06-hw-01
ch06-hw-01-v2,AI variant of ch06-hw-01,6,"two categorical variables, bar charts",MC,"You want readers to compare the proportion of females on three islands, even though the islands have very different sample sizes. Which geom_bar() position should you use?","A) position = ""fill""
B) position = ""stack""
C) position = ""dodge""
D) It doesn't matter",A,"fill scales every bar to 1, so the female segment directly shows the proportion on each island, whatever the sample size.","B) Stacked counts make islands with more birds look different just because they're bigger.
C) Dodged counts need mental division.
D) The position decides what's easy to compare.",Proportions → scale each bar to the same height.,,yes,ch06-hw-01,,all (AI variant),,ch06-hw-01
ch06-hw-02-v1,AI variant of ch06-hw-02,6,"two categorical variables, conditional proportions, joint proportions",matching,"A survey of 80 frogs recorded habitat and infection status:

habitat | infected | healthy | total
forest | 10 | 30 | 40
meadow | 28 | 12 | 40
total | 38 | 42 | 80

What proportion of frogs:

1. are infected?
2. are from the meadow AND infected?
3. are infected, given they're from the meadow?
4. are infected, given they're from the forest?","A) 0.25
B) 0.35
C) 0.475
D) 0.70","1-C, 2-B, 3-D, 4-A",Infected: 38/80 = 0.475. Meadow and infected (joint): 28/80 = 0.35. Infected given meadow: 28/40 = 0.70. Infected given forest: 10/40 = 0.25.,Joint proportions divide by everyone (80); conditional proportions divide by the 'given' group only (40).,"For 'given meadow', look only at the meadow row.",,yes,ch06-hw-02,,all (AI variant),,ch06-hw-02
ch06-hw-02-v2,AI variant of ch06-hw-02,6,"conditional proportions, joint proportions",MC,"A survey of 80 frogs recorded habitat and infection status:

habitat | infected | healthy | total
forest | 10 | 30 | 40
meadow | 28 | 12 | 40
total | 38 | 42 | 80

Which is P(meadow | infected), the proportion of infected frogs that came from the meadow?","A) 28/38 ≈ 0.74
B) 28/40 = 0.70
C) 28/80 = 0.35
D) 38/80 = 0.475",A,'Given infected' means look only at the 38 infected frogs; 28 of them are from the meadow.,"B) That's P(infected | meadow): the condition is reversed.
C) That's the joint proportion.
D) That's P(infected).",Which group are you restricting to?,,yes,ch06-hw-02,,all (AI variant),,ch06-hw-02
ch06-hw-03-v1,AI variant of ch06-hw-03,6,"conditional proportions, interpreting associations",MC,"A survey of 80 frogs recorded habitat and infection status:

habitat | infected | healthy | total
forest | 10 | 30 | 40
meadow | 28 | 12 | 40
total | 38 | 42 | 80

P(infected | meadow) = 0.70 and P(infected | forest) = 0.25. What do you conclude?","A) Infection is strongly associated with habitat: meadow frogs were much more likely to be infected
B) Habitat and infection are unrelated
C) Meadows cause infection",A,"The conditional proportions differ a lot (0.70 vs 0.25), so habitat and infection are associated. This survey alone doesn't show that habitat causes infection.","B) The proportions are very different.
C) Observational data show association, not cause (e.g., frog species might differ between habitats).",Compare the two conditional proportions.,,yes,ch06-hw-03,,all (AI variant),,ch06-hw-03
ch06-hw-03-v2,AI variant of ch06-hw-03,6,"conditional proportions, interpreting associations",MC,"In a survey, P(flowering | sunny plot) = 0.42 and P(flowering | shady plot) = 0.40. What's the best conclusion?","A) Any association between light and flowering is small, if it exists at all
B) Sun strongly increases flowering
C) Light definitely has no effect on flowering
D) Shade prevents flowering",A,"The two conditional proportions are nearly equal, so there's little evidence of an association. That's not proof of no effect.","B) and D) The difference is tiny.
C) Small samples can't show there's exactly zero effect.",How different are 0.42 and 0.40?,,yes,ch06-hw-03,,all (AI variant),,ch06-hw-03
ch06-hw-04-v1,AI variant of ch06-hw-04,6,"difference in means, Cohen's d",numeric,"Bill length (mm) in Gentoo penguins by sex:

sex | n | mean | sd
female | 58 | 45.56 | 2.05
male | 61 | 49.47 | 2.72

(Pooled SD ≈ 2.42)

a) What is the difference in mean bill length (male − female)?
b) What is Cohen's d?",,"a) ≈ 3.91 mm
b) ≈ 1.62",a) 49.47 − 45.56 = 3.91 mm. b) d = 3.91 / 2.42 ≈ 1.62: a very large difference relative to the variation within each sex.,"Common mistakes: subtracting in the other order (−3.91), or dividing by one group's SD.",d = difference / pooled SD.,,yes,ch06-hw-04,,all (AI variant),,ch06-hw-04
ch06-hw-04-v2,AI variant of ch06-hw-04,6,"difference in means, Cohen's d",numeric,"Two groups of seedlings: watered (mean height 14 cm) and drought (mean 11 cm), pooled SD 4 cm. What is Cohen's d (watered − drought)?",,0.75,"d = (14 − 11) / 4 = 0.75, a medium-to-large effect by convention.","Dividing by one group's mean, or forgetting the pooled SD, gives the wrong scale.",Difference in means divided by the pooled SD.,,yes,ch06-hw-04,,all (AI variant),,ch06-hw-04
ch06-hw-05-v1,AI variant of ch06-hw-05,6,"interpreting associations, correlation vs causation",MC,"In a survey, meadow frogs were infected much more often than forest frogs (70% vs 25%). Which conclusion is best supported?","A) In this survey, meadow frogs tended to be infected more often than forest frogs
B) Meadows cause infection
C) Infected frogs move to meadows
D) Habitat doesn't matter",A,"A describes the association without claiming a cause. Other differences between habitats (frog species, water temperature, density) could explain it.","B) and C) Causal stories that observational data can't distinguish.
D) The data show a clear difference.",Which answer only describes the pattern?,,yes,ch06-hw-05,,all (AI variant),,ch06-hw-05
ch06-hw-05-v2,AI variant of ch06-hw-05,6,correlation vs causation,MC,Students who sit in the front row get higher grades on average. What can you conclude?,"A) Front-row students tend to get higher grades; this doesn't show that sitting there causes it
B) Moving to the front row will raise your grade
C) Good grades make students sit in front
D) There is no association",A,"Motivation, eyesight or interest could affect both seat choice and grades. Only an experiment (randomly assigning seats) could test the causal claim.","B) and C) Causal claims from observational data.
D) The association is real in these data.",Were seats randomly assigned?,,yes,ch06-hw-05,,all (AI variant),,ch06-hw-05
ch06-hw-06-v1,AI variant of ch06-hw-06,6,"visualizing associations, boxplots, jitter",MC,Three plots compare bill length between female and male Gentoo penguins. Which is the best plot?,"A) Plot A
B) Plot B
C) Plot C",C,"Plot C draws the boxplot first and the points on top, so you see both the summary and every penguin. Plot B draws the boxes over the points, hiding many. Plot A jitters so widely that the sexes blur together.","A) Jitter width = 1 mixes the two groups.
B) The boxes cover the points.",Which plot shows every point and keeps the groups apart?,ch06-var-gentoo-A.png; ch06-var-gentoo-B.png; ch06-var-gentoo-C.png,yes,ch06-hw-06,,all (AI variant),,ch06-hw-06
ch06-hw-06-v2,AI variant of ch06-hw-06,6,"visualizing associations, jitter",MC,Why add jitter (a little random horizontal spread) when plotting points by group?,"A) To stop points with similar values from hiding on top of each other
B) To change the data values
C) To make the groups look more different
D) To show the mean",A,"Jitter only spreads points sideways within each group so overlapping points become visible. It doesn't change the y-values. Too much jitter, though, blurs the groups together.","B) The y-values aren't changed.
C) It shouldn't change comparisons.
D) Jitter doesn't summarize.",What happens to 30 points with the same value?,,yes,ch06-hw-06,,all (AI variant),,ch06-hw-06
ch06-hw-07-v1,AI variant of ch06-hw-07,6,"visualizing associations, density plots, facets",MC,Three plots compare body mass of female and male Chinstrap penguins. Which is the poor choice?,"A) Plot D
B) Plot E
C) Plot F",B,"Plot E uses solid fills, so the curve drawn second hides part of the first. Plot D (transparent) and Plot F (faceted histograms) both show each group fully.","A) Transparency keeps both visible.
C) Facets show each distribution separately.",In which plot can't you see one group where they overlap?,ch06-var-chin-D.png; ch06-var-chin-E.png; ch06-var-chin-F.png,yes,ch06-hw-07,,all (AI variant),,ch06-hw-07
ch06-hw-07-v2,AI variant of ch06-hw-07,6,"visualizing associations, facets",MC,"When comparing distributions of two groups with faceted histograms, what should the panels share?","A) The same x-axis scale
B) Different x-axis ranges fitted to each group
C) Different bin widths
D) Different colors only",A,"A shared x-axis puts the same value at the same position in each panel, so differences in location and spread are visible.","B) Separate ranges hide differences between groups.
C) Different bins make shapes incomparable.
D) Color alone doesn't help comparison.",Can you compare panels if 3000 g is in a different place in each?,,yes,ch06-hw-07,,all (AI variant),,ch06-hw-07
ch06-book-01-v1,AI variant of ch06-book-01,6,"two categorical variables, bar charts",matching,"The plots show Adelie penguins by island (x) and sex (fill), using three geom_bar() positions. Which plot makes it easiest to:

1. Read off the total number of Adelie on Dream island?
2. Compare the proportion of females across islands?
3. Read off the number of males on Torgersen?","A) Plot 1
B) Plot 2
C) Plot 3","1-B, 2-A, 3-C","Plot 1 is ""fill"" (proportions), Plot 2 is ""stack"" (totals), and Plot 3 is ""dodge"" (each count from a common baseline). The proportions are all close to half here.",Identify the position first: bars all the same height → fill; tallest bars = totals → stack; side-by-side bars → dodge.,Which plot has bars that all reach 1?,ch06-var-adelie-bars.png,yes,ch06-book-01,,all (AI variant),,ch06-book-01
ch06-book-01-v2,AI variant of ch06-book-01,6,"two categorical variables, bar charts",MC,A stacked bar chart shows survival (yes/no) for two groups of very different sizes (50 and 500 animals). Why is it hard to compare survival rates from it?,"A) Stacked bars show counts, so the big group's bar dominates; you'd need fill to compare proportions
B) Stacked bars can't show two categories
C) The colors are too similar
D) Survival can't be plotted",A,"With counts, the 500-animal bar towers over the 50-animal bar; proportions are hidden. position = ""fill"" scales both to 1.","B) They can.
C) Not the main problem.
D) It can.",What would make both bars the same height?,,yes,ch06-book-01,,all (AI variant),,ch06-book-01
ch06-book-02-v1,AI variant of ch06-book-02,6,"two categorical variables, conditional proportions, joint proportions",matching,"We trapped 100 mice and recorded coat color and habitat:

coat | lava | sand | total
dark | 30 | 10 | 40
light | 5 | 55 | 60
total | 35 | 65 | 100

What proportion of mice:

1. were caught on lava?
2. were dark AND caught on lava?
3. were dark, given they were caught on lava?
4. were dark, given they were caught on sand?","A) 0.15
B) 0.30
C) 0.35
D) 0.86","1-C, 2-B, 3-D, 4-A",Lava: 35/100 = 0.35. Dark and lava: 30/100 = 0.30. Dark given lava: 30/35 ≈ 0.86. Dark given sand: 10/65 ≈ 0.15.,Joint: divide by all 100. Conditional: divide by the 'given' column only.,"For 'given lava', look only at the lava column.",,yes,ch06-book-02,,all (AI variant),,ch06-book-02
ch06-book-02-v2,AI variant of ch06-book-02,6,conditional proportions,MC,"We trapped 100 mice and recorded coat color and habitat:

coat | lava | sand | total
dark | 30 | 10 | 40
light | 5 | 55 | 60
total | 35 | 65 | 100

What proportion of light-coated mice were caught on sand?","A) 55/60 ≈ 0.92
B) 55/65 ≈ 0.85
C) 55/100 = 0.55
D) 60/100 = 0.60",A,'Of light mice' → restrict to the 60 light mice; 55 were on sand.,"B) That's P(light | sand).
C) That's the joint proportion.
D) That's P(light).",Which group is the denominator?,,yes,ch06-book-02,,all (AI variant),,ch06-book-02
ch06-book-03-v1,AI variant of ch06-book-03,6,"conditional proportions, interpreting associations",MC,"We trapped 100 mice and recorded coat color and habitat:

coat | lava | sand | total
dark | 30 | 10 | 40
light | 5 | 55 | 60
total | 35 | 65 | 100

P(dark | lava) ≈ 0.86 and P(dark | sand) ≈ 0.15. What do you conclude?","A) Coat color is strongly associated with habitat: dark mice are far more common on lava
B) Because more light mice were caught overall, light coats are favored on lava
C) Coat color and habitat are independent
D) The joint proportion of dark lava mice is small, so there's no association",A,"Compare conditional proportions: most lava mice are dark and most sand mice are light, a strong association (consistent with camouflage, though this survey alone doesn't prove cause).","B) Overall counts don't answer a question about lava mice.
C) The conditional proportions are very different.
D) A joint proportion's size doesn't measure association.","Compare conditional proportions, not raw counts.",,yes,ch06-book-03,,all (AI variant),,ch06-book-03
ch06-book-03-v2,AI variant of ch06-book-03,6,"conditional proportions, interpreting associations",MC,"More women than men survived a shipwreck (300 vs 200), but there were 400 women and 1,600 men aboard. Who was more likely to survive?","A) Women (75% vs 12.5%)
B) Men, because 200 is close to 300
C) Equally likely
D) Can't tell",A,"Survival rates: women 300/400 = 75%, men 200/1600 = 12.5%. Compare proportions, not raw counts.","B) Counts reflect group sizes.
C) The rates differ sixfold.
D) The rates can be calculated.",Divide by each group's size.,,yes,ch06-book-03,,all (AI variant),,ch06-book-03
ch06-book-04-v1,AI variant of ch06-book-04,6,"difference in means, Cohen's d",MC,"Bill length (mm) in Gentoo penguins by sex:

sex | n | mean | sd
female | 58 | 45.56 | 2.05
male | 61 | 49.47 | 2.72

(Pooled SD ≈ 2.42)

What is the difference in mean bill length (male − female), and how big is it by traditional Cohen's d benchmarks?","A) 3.91 mm; huge or very large (d ≈ 1.6)
B) 3.91 mm; small (d ≈ 0.3)
C) −3.91 mm; large
D) 1.62 mm; large",A,"Difference = 49.47 − 45.56 = 3.91 mm. d = 3.91 / 2.42 ≈ 1.62, well above the 0.8 'large' benchmark.","B) d is 1.6, not 0.3.
C) The order is male − female, so it's positive.
D) 1.62 is d, not the difference in mm.","Compute the difference, then divide by the pooled SD.",,yes,ch06-book-04,,all (AI variant),,ch06-book-04
ch06-book-04-v2,AI variant of ch06-book-04,6,Cohen's d,MC,Two studies report differences: A) 2 mm with pooled SD 10 mm; B) 2 mm with pooled SD 1 mm. Which shows the bigger effect relative to the variation?,"A) Study B (d = 2.0 vs 0.2)
B) Study A
C) Equal, since both differences are 2 mm
D) Can't compare",A,"Cohen's d scales the difference by the spread: 2/1 = 2.0 is huge, 2/10 = 0.2 is small.","B) Same difference, but much more noise.
C) Same raw difference, different d.
D) d is designed for this.",Divide each difference by its SD.,,yes,ch06-book-04,,all (AI variant),,ch06-book-04
ch06-book-05-v1,AI variant of ch06-book-05,6,"interpreting associations, correlation vs causation",MC,"Bill length (mm) in Gentoo penguins by sex:

sex | n | mean | sd
female | 58 | 45.56 | 2.05
male | 61 | 49.47 | 2.72

(Pooled SD ≈ 2.42)

Which conclusion is best?","A) Male Gentoo penguins tend to have longer bills than females
B) Being male causes long bills through testosterone
C) There's no difference in bill length
D) All males have longer bills than all females",A,"A describes the observed difference in means. Sex differences may well have biological causes, but these summaries alone don't show the mechanism.","B) A mechanism claim these data can't test.
C) The difference is large.
D) The distributions overlap; some females have longer bills than some males.",Which answer describes the pattern without over-reaching?,,yes,ch06-book-05,,all (AI variant),,ch06-book-05
ch06-book-05-v2,AI variant of ch06-book-05,6,"interpreting associations, correlation vs causation",MC,Plants that received more pollinator visits had larger petals on average. Which conclusion is best supported by this observational result?,"A) Visited plants tend to have larger petals
B) Large petals attract pollinators
C) Pollinator visits make petals grow
D) Petal size and visits are unrelated",A,"A describes the association. B is plausible but needs an experiment (e.g., manipulating petal size) to show cause.","B) and C) Causal claims, in opposite directions.
D) The data show an association.",Description vs explanation.,,yes,ch06-book-05,,all (AI variant),,ch06-book-05
ch06-book-06-v1,AI variant of ch06-book-06,6,"visualizing associations, jitter",MC,Which of these is the worst way to show how a numeric trait differs between two groups?,"A) Jittered points with the group means connected
B) Faceted histograms on a shared axis
C) Overlapping transparent densities
D) Jittered points spread so widely that the two groups overlap",D,"If the jitter is wider than the space between groups, readers can't tell which point belongs to which group.","A), B) and C) Each shows the groups clearly, with different trade-offs.",Which one makes the groups indistinguishable?,,yes,ch06-book-06,,all (AI variant),,ch06-book-06
ch06-book-06-v2,AI variant of ch06-book-06,6,visualizing associations,MC,Which plot best shows both the individual data and a summary for two groups?,"A) A boxplot with jittered points drawn on top
B) A bar chart of the two means only
C) A pie chart
D) A table of the two means",A,"Boxplot + jittered points shows the distribution, the median and quartiles, and every individual.","B) and D) Only the means, with no spread or data.
C) Pie charts compare parts of a whole, not groups' values.","Which shows the data, not just a summary?",,yes,ch06-book-06,,all (AI variant),,ch06-book-06
ch06-gquiz-05-v1,AI variant of ch06-gquiz-05,6,"difference in means, Cohen's d",MC,"When is the raw difference in means (e.g., 'treated plants grew 4 cm taller') more useful than Cohen's d?","A) When the units are meaningful to readers and you want to say how much something changed in real terms
B) Never
C) Only when the groups have equal sample sizes
D) When comparing traits measured in different units",A,Raw differences are directly interpretable ('4 cm taller'). Cohen's d is better for comparing across traits or studies with different units or variability.,"B) Raw differences are often the most useful report.
C) Sample size doesn't decide this.
D) That's when d is more useful.",Which one has units a reader understands?,,yes,ch06-gquiz-05,,all (AI variant),,ch06-gquiz-05
ch06-gquiz-05-v2,AI variant of ch06-gquiz-05,6,Cohen's d,MC,You want to compare the effect of fertilizer on height (cm) with its effect on leaf count (leaves). Which summary lets you compare them?,"A) Cohen's d for each, since it puts both on a unitless scale
B) The raw differences (cm vs leaves)
C) The sample sizes
D) The means alone",A,"Cohen's d divides each difference by its pooled SD, so effects measured in different units can be compared.","B) cm and leaves can't be compared directly.
C) and D) Don't measure effect size.",How do you remove units?,,yes,ch06-gquiz-05,,all (AI variant),,ch06-gquiz-05
ch07-gquiz-01-v1,AI variant of ch07-gquiz-01,7,"variance, covariance",MC,Which statement about covariance is true?,"A) Cov(X, X) equals Var(X)
B) Covariance is always positive
C) Covariance has no units
D) Covariance is the same as correlation",A,"Covariance multiplies the deviations of X and Y. If Y is X itself, that's the squared deviation, i.e., the variance.","B) It's negative when one variable goes down as the other goes up.
C) It has units (units of X × units of Y).
D) Correlation is covariance standardized by both SDs.",Plug X in for Y.,,yes,ch07-gquiz-01,,all (AI variant),,ch07-gquiz-01
ch07-gquiz-01-v2,AI variant of ch07-gquiz-01,7,covariance,MC,Big deviations above the mean in X tend to pair with big deviations below the mean in Y. The covariance will be:,"A) Negative
B) Positive
C) Zero
D) Undefined",A,"Each product (positive × negative) is negative, so their sum (and the covariance) is negative.","B) That would need deviations in the same direction.
C) Zero would need no consistent pattern.
D) It's defined.",What's the sign of (positive) × (negative)?,,yes,ch07-gquiz-01,,all (AI variant),,ch07-gquiz-01
ch07-gquiz-03-v1,AI variant of ch07-gquiz-03,7,"correlation, covariance",MC,"Two studies relate body size to running speed: one in mice (grams, cm/s), one in horses (kg, m/s). Which statistic lets you compare the strength of the relationship?","A) Correlation
B) Covariance
C) Either one
D) Neither",A,"Correlation is unitless and bounded by −1 and 1, so it compares strength across scales. Covariance depends on the units.","B) Covariance would differ just because of units.
C) Only correlation is standardized.
D) Correlation works.",Which statistic doesn't care about units?,,yes,ch07-gquiz-03,,all (AI variant),,ch07-gquiz-03
ch07-gquiz-03-v2,AI variant of ch07-gquiz-03,7,"correlation, covariance",MC,"If you convert mass from grams to kilograms, what happens to the covariance between mass and length, and to their correlation?","A) The covariance shrinks 1000-fold; the correlation is unchanged
B) Both shrink 1000-fold
C) Neither changes
D) The correlation shrinks; the covariance doesn't",A,"Covariance carries the units of mass, so it shrinks when mass is in larger units. Correlation divides by the SDs, which shrink by the same factor, so it's unchanged.","B) Correlation is unitless.
C) Covariance changes with units.
D) Backwards.",Which one has units?,,yes,ch07-gquiz-03,,all (AI variant),,ch07-gquiz-03
ch07-gquiz-04-v1,AI variant of ch07-gquiz-04,7,"covariance, joint proportions",numeric,"Seed pods each contain two seeds. Code germinated = 1, not = 0. Each seed germinates with probability 0.6, but both seeds in a pod germinate 45% of the time. What is the covariance between the two seeds' outcomes (ignore Bessel's correction)?",,0.09,Cov = P(both) − P(first) × P(second) = 0.45 − 0.6 × 0.6 = 0.45 − 0.36 = 0.09. Positive: seeds in the same pod tend to share fate.,"Common mistakes: reporting 0.45 (the joint probability), or forgetting to subtract 0.36.","If independent, how often would both germinate?",,yes,ch07-gquiz-04,,all (AI variant),,ch07-gquiz-04
ch07-gquiz-04-v2,AI variant of ch07-gquiz-04,7,"covariance, joint proportions, independence",numeric,"Half of all fruit sold are oranges. If shoppers picked the two fruits in a pair independently, what would the covariance be between the first and second fruit (orange = 1)?",,0,"Under independence, P(both orange) = 0.5 × 0.5 = 0.25, so Cov = 0.25 − 0.25 = 0.",Covariance measures departure from independence; with independence there's none.,Covariance = observed joint − expected joint.,,yes,ch07-gquiz-04,,all (AI variant),,ch07-gquiz-04
ch07-gquiz-06-v1,AI variant of ch07-gquiz-06,7,"covariance, correlation",MC,Temperature in °C and the same temperatures in °F (F = 1.8 × C + 32) are perfectly linearly related. What is their correlation?,"A) 1
B) 1.8
C) 32
D) It depends on the temperatures",A,"Any perfect positive linear relationship has r = 1, no matter the slope or intercept.","B) and C) Correlation can't exceed 1.
D) Perfect linear relationships always give r = 1.",What does a perfect straight-line relationship give?,,yes,ch07-gquiz-06,,all (AI variant),,ch07-gquiz-06
ch07-gquiz-06-v2,AI variant of ch07-gquiz-06,7,"covariance, correlation",MC,"y = −2x exactly, for a set of x values. What is the correlation between x and y?","A) −1
B) −2
C) 0
D) 1",A,"A perfect negative linear relationship gives r = −1, whatever the slope.","B) Correlation is bounded by −1 and 1.
C) There's a perfect relationship.
D) The relationship is negative.","Direction and perfection, not slope.",,yes,ch07-gquiz-06,,all (AI variant),,ch07-gquiz-06
ch07-hw-01-v1,AI variant of ch07-hw-01,7,"independence, joint proportions, multiplication rule",numeric,"In a forest, 40% of trees are oaks and 50% of trees have a fungal infection. If species and infection were independent, what proportion of trees would be infected oaks?",,0.20,"Under independence, P(oak and infected) = 0.4 × 0.5 = 0.20.",Adding (0.9) gives an impossible joint proportion.,Multiplication rule.,,yes,ch07-hw-01,,all (AI variant),,ch07-hw-01
ch07-hw-01-v2,AI variant of ch07-hw-01,7,"independence, joint proportions, multiplication rule",numeric,"We trapped 100 mice and recorded coat color and habitat:

coat | lava | sand | total
dark | 30 | 10 | 40
light | 5 | 55 | 60
total | 35 | 65 | 100

If coat color and habitat were independent, what proportion of mice would you expect to be dark AND on lava?",,0.14,P(dark) × P(lava) = 0.40 × 0.35 = 0.14 (14 of 100 mice).,Using the observed 0.30 answers a different question.,Multiply the two marginal proportions.,,yes,ch07-hw-01,,all (AI variant),,ch07-hw-01
ch07-hw-02-v1,AI variant of ch07-hw-02,7,"covariance, independence, joint proportions",numeric,"40% of trees are oaks, 50% are infected, and 30% are infected oaks. What is the covariance between being an oak and being infected (ignore Bessel's correction)?",,0.10,Cov = observed joint − expected joint = 0.30 − 0.40 × 0.50 = 0.10. Positive: oaks are infected more often than independence predicts.,Reporting 0.30 (the joint) or flipping the sign.,Observed minus expected.,,yes,ch07-hw-02,,all (AI variant),,ch07-hw-02
ch07-hw-02-v2,AI variant of ch07-hw-02,7,"covariance, independence, joint proportions",numeric,"We trapped 100 mice and recorded coat color and habitat:

coat | lava | sand | total
dark | 30 | 10 | 40
light | 5 | 55 | 60
total | 35 | 65 | 100

What is the covariance between being dark and being on lava (ignore Bessel's correction)?",,0.16,Observed joint = 0.30; expected = 0.40 × 0.35 = 0.14. Cov = 0.30 − 0.14 = 0.16.,"Forgetting to subtract the expectation, or using conditional proportions.",Observed joint − product of marginals.,,yes,ch07-hw-02,,all (AI variant),,ch07-hw-02
ch07-hw-03-v1,AI variant of ch07-hw-03,7,"correlation, covariance",numeric,"For a sample of lizards, Cov(body length, sprint speed) = 12, SD(length) = 4 and SD(speed) = 5. What is the correlation?",,0.6,r = 12 / (4 × 5) = 0.6.,"Reporting the covariance, or dividing by only one SD.",r = Cov / (SD_x × SD_y).,,yes,ch07-hw-03,,all (AI variant),,ch07-hw-03
ch07-hw-03-v2,AI variant of ch07-hw-03,7,"correlation, covariance",numeric,"Cov(x, y) = −18, SD(x) = 3 and SD(y) = 10. What is the correlation?",,-0.6,r = −18 / (3 × 10) = −0.6: a moderately strong negative association.,"Dropping the sign, or forgetting to divide by both SDs.",Keep the sign of the covariance.,,yes,ch07-hw-03,,all (AI variant),,ch07-hw-03
ch07-hw-04-v1,AI variant of ch07-hw-04,7,"correlation vs causation, interpreting associations",MC,"Across cities, ice-cream sales and drowning deaths have a correlation of 0.7. What can we safely conclude?","A) There's a positive association between ice-cream sales and drownings
B) Ice cream causes drowning
C) Drowning causes ice-cream sales
D) There's no relationship",A,The data show an association. Hot weather plausibly drives both (a confounder).,"B) and C) Causal claims from correlation.
D) r = 0.7 is a clear association.",What else rises in summer?,,yes,ch07-hw-04,,all (AI variant),,ch07-hw-04
ch07-hw-04-v2,AI variant of ch07-hw-04,7,correlation vs causation,MC,A correlation of −0.5 between hours of screen time and sleep quality means:,"A) People with more screen time tend to report worse sleep
B) Screen time causes bad sleep
C) Half of people sleep badly
D) There's no relationship",A,"A negative correlation means that as one goes up, the other tends to go down. It doesn't establish cause.","B) Causal.
C) r isn't a proportion of people.
D) −0.5 is a moderate association.",What does the sign mean?,,yes,ch07-hw-04,,all (AI variant),,ch07-hw-04
ch07-hw-05-v1,AI variant of ch07-hw-05,7,"correlation, linear vs nonlinear association, scatterplots",matching,"Consider the four scatterplots (a–d). In which panel:

1. is there a strong but clearly nonlinear relationship?
2. are x and y most tightly linearly associated?
3. is the correlation the most positive?
4. does x do the worst job of predicting y?","A) a
B) b
C) c
D) d","1-B, 2-A, 3-C, 4-D","b is an arch: y depends strongly on x, but r ≈ 0.07. a hugs a falling line (r ≈ −0.96, the largest |r|). c has the most positive r (≈ 0.68). d is a weak cloud (r ≈ 0.28).","r only measures straight-line association, and its sign matters for 'most positive'.","Look at shape, tightness and direction separately.",ch07-var-fourpanels.png,yes,ch07-hw-05,"Computed r: a −0.96, b 0.07, c 0.68, d 0.28.",all (AI variant),,ch07-hw-05
ch07-hw-05-v2,AI variant of ch07-hw-05,7,"correlation, linear vs nonlinear association",MC,"In panel b, y is closely predicted by x (an arch shape), but r ≈ 0.07. Why?","A) Correlation only measures linear association; the rising and falling halves cancel out
B) The data must be wrong
C) There's no relationship between x and y
D) The sample is too small",A,"A straight line can't describe an arch, so r is near zero even though the relationship is strong.","B) The data are fine.
C) There's a strong (nonlinear) relationship.
D) Sample size isn't the issue.",Can a straight line fit an arch?,ch07-var-fourpanels.png,yes,ch07-hw-05,,all (AI variant),,ch07-hw-05
ch07-book-01-v1,AI variant of ch07-book-01,7,"correlation, causation, experimental design",MC,"In an experiment, Clarkia plants were randomly assigned to have their petals trimmed or left intact; intact plants set more hybrid seed. In a separate observational dataset, soil moisture correlates with hybrid seed at about the same strength. Which variable is more plausibly a cause of hybrid seed set?","A) Petal size, because it was manipulated with random assignment
B) Soil moisture, because it's an environmental factor
C) Both equally, since the associations are similar
D) Neither; correlation never implies causation",A,"Random assignment rules out confounders, so the petal experiment supports a causal effect. The soil-moisture correlation could reflect confounding.","B) Being environmental doesn't make it causal.
C) Similar strength doesn't mean similar evidence for causation.
D) Experiments can support causal claims.",Which result came from an experiment?,,yes,ch07-book-01,,all (AI variant),,ch07-book-01
ch07-book-01-v2,AI variant of ch07-book-01,7,"correlation, causation",MC,"Two traits correlate with seed set: flower color (r = 0.25) and leaf hairiness (r = 0.24). Pollinators are known to respond to flower color. Which is more plausibly causal, and why?","A) Flower color: the correlation plus a known mechanism make it more plausible
B) Leaf hairiness, because both correlations are similar
C) Both equally
D) Neither; we can say nothing",A,"When correlations are similar, biological plausibility (and ideally experiments) helps decide what's likely causal.","B) and C) Similar r doesn't mean similar plausibility.
D) Mechanism provides evidence, though not proof.",What do you know about how pollinators choose flowers?,,yes,ch07-book-01,,all (AI variant),,ch07-book-01
ch07-book-02-v1,AI variant of ch07-book-02,7,"confounding, correlation vs causation",MC,"Across towns, the number of churches correlates positively with the number of crimes. What's the most likely explanation?","A) Confounding: bigger towns have more of both
B) Churches cause crime
C) Crime causes church building
D) Pure chance",A,Population size drives both counts. That's a classic confounder.,"B) and C) Causal stories ignoring an obvious third variable.
D) A strong pattern across many towns isn't just chance.",What makes both numbers go up?,,yes,ch07-book-02,,all (AI variant),,ch07-book-02
ch07-book-02-v2,AI variant of ch07-book-02,7,confounding,MC,"Leaf water content correlates negatively with seed set, and leaf water content also correlates negatively with petal size. Petal size correlates positively with seed set. What might explain the first correlation?","A) Petal size may confound it: plants with bigger petals have drier leaves and more seed set
B) Dry leaves attract pollinators
C) Seed set dries out leaves
D) Chance alone",A,"If petal size affects seed set and is linked to leaf water content, leaf water content will correlate with seed set even without a direct effect.","B) and C) No plausible mechanism.
D) A better explanation exists.",Look for a third variable linked to both.,,yes,ch07-book-02,,all (AI variant),,ch07-book-02
ch07-book-03-v1,AI variant of ch07-book-03,7,"independence, joint proportions, multiplication rule",numeric,"We trapped 100 mice and recorded coat color and habitat:

coat | lava | sand | total
dark | 30 | 10 | 40
light | 5 | 55 | 60
total | 35 | 65 | 100

a) If coat color and habitat were independent, what proportion would be dark AND on lava?
b) How much does the observed proportion differ (observed − expected)?",,"a) 0.14
b) 0.16",a) 0.40 × 0.35 = 0.14. b) Observed 30/100 = 0.30; 0.30 − 0.14 = 0.16.,Using a conditional proportion (30/35) instead of the joint (30/100).,Expected = product of marginals; observed = cell count / total.,,yes,ch07-book-03,,all (AI variant),,ch07-book-03
ch07-book-03-v2,AI variant of ch07-book-03,7,"independence, joint proportions",numeric,"Of 200 birds, 80 are migratory and 50 carry a parasite. 35 are migratory AND carry the parasite. What is observed − expected for the joint proportion of migratory birds with parasites?",,0.075,Expected = (80/200) × (50/200) = 0.4 × 0.25 = 0.10. Observed = 35/200 = 0.175. Difference = 0.075.,Using 35/80 or 35/50 (conditional proportions).,Joint proportions divide by 200.,,yes,ch07-book-03,,all (AI variant),,ch07-book-03
ch07-book-04-v1,AI variant of ch07-book-04,7,"covariance, Bessel's correction",numeric,"We trapped 100 mice and recorded coat color and habitat:

coat | lava | sand | total
dark | 30 | 10 | 40
light | 5 | 55 | 60
total | 35 | 65 | 100

Observed minus expected joint proportion is 0.16. What is the covariance between being dark and being on lava, using Bessel's correction (n = 100)?",,≈ 0.162,Multiply by n / (n − 1): 0.16 × 100/99 ≈ 0.1616.,Forgetting Bessel's correction gives 0.16.,From dividing by n to dividing by n − 1: multiply by n/(n − 1).,,yes,ch07-book-04,,all (AI variant),,ch07-book-04
ch07-book-04-v2,AI variant of ch07-book-04,7,"covariance, Bessel's correction",numeric,"For 200 birds, observed − expected joint proportion of migratory birds with parasites is 0.075. What's the covariance with Bessel's correction?",,≈ 0.0754,"0.075 × 200/199 ≈ 0.0754. With large n, Bessel's correction barely matters.",Multiplying by 199/200 goes the wrong way.,Multiply by n/(n − 1).,,yes,ch07-book-04,,all (AI variant),,ch07-book-04
ch07-hw-06-v1,AI variant of ch07-hw-06,7,"correlation, outliers, scatterplots",MC,"Across 30 lakes, fish species richness and lake area have r = 0.55. Removing the single largest lake drops r to 0.05. What does this tell you?","A) One extreme lake drives the correlation; among the other lakes there's little linear association
B) Removing data always lowers r
C) The largest lake must be a data error and should be deleted
D) Big lakes cause more species only above a certain size",A,"Correlation is sensitive to extreme points. Report results with and without the influential point, and look at the plot.","B) Removing points can raise or lower r.
C) Real data shouldn't be deleted just for being influential.
D) One point can't establish that.",How much is one point doing?,,yes,ch07-hw-06,,all (AI variant),,ch07-hw-06
ch07-hw-06-v2,AI variant of ch07-hw-06,7,"correlation, outliers",MC,Why should you always plot data before trusting a correlation coefficient?,"A) One or two extreme points, or a curved pattern, can make r misleading
B) Plots are required for r to be calculated
C) r is always wrong
D) Plots make r larger",A,"Very different patterns can share the same r (e.g., Anscombe's quartet). The plot shows whether r describes the data well.","B) R calculates r without a plot.
C) r is correct as a number; it just may not describe the pattern well.
D) Plotting doesn't change r.",Can very different scatterplots have the same r?,,yes,ch07-hw-06,,all (AI variant),,ch07-hw-06
ch07-book-05-v1,AI variant of ch07-book-05,7,"correlation, linear vs nonlinear association",MC,"In panel a, the points fall tightly along a downward line. Which describes its correlation?","A) Close to −1
B) Close to 0
C) Close to +1
D) Exactly 0.5",A,A tight negative linear relationship gives r near −1 (here about −0.96).,"B) The relationship is strong.
C) It slopes down.
D) No reason for 0.5.",Direction from the slope; strength from the tightness.,ch07-var-fourpanels.png,yes,ch07-book-05,,all (AI variant),,ch07-book-05
ch07-book-05-v2,AI variant of ch07-book-05,7,"correlation, linear vs nonlinear association",MC,Which statement about the correlation coefficient is true?,"A) A U-shaped or arch-shaped relationship can have r near 0
B) r near 0 means x and y are unrelated
C) A steeper line always means a larger r
D) r can be greater than 1 for very strong relationships",A,r measures only linear association; curved relationships can be strong yet have r ≈ 0.,"B) Nonlinear relationships can hide behind r ≈ 0.
C) r measures tightness around a line, not steepness.
D) r is between −1 and 1.",What kind of relationship does r measure?,,yes,ch07-book-05,,all (AI variant),,ch07-book-05
ch09-hw-01-v1,AI variant of ch09-hw-01,9,"sampling distribution, standard error, bootstrap, standard deviation",matching,"Match each description to a concept (each concept used at most once):

1. How much individual measurements in a sample differ from one another.
2. The standard deviation of the sampling distribution.
3. A distribution of estimates built by resampling our one sample with replacement.","A) standard error
B) standard deviation
C) sampling distribution
D) bootstrap distribution","1-B, 2-A, 3-D",The SD describes spread among individuals. The SE is the spread of estimates across samples (the SD of the sampling distribution). Resampling our own data with replacement gives a bootstrap distribution. The sampling distribution itself (the leftover) needs many samples from the population.,"C) The sampling distribution is built from new samples of the population, not from resampling one sample.",Individuals vs estimates: which concept describes which?,,yes,ch09-hw-01,,all (AI variant),,ch09-hw-01
ch09-hw-01-v2,AI variant of ch09-hw-01,9,"sampling distribution, standard error, sampling error",matching,"Match each description to a concept (each concept used at most once):

1. The chance difference between an estimate from one sample and the true parameter.
2. A number describing how big that chance difference typically is.
3. The distribution of estimates we would get from many samples of the same size.","A) sampling error
B) standard error
C) sampling distribution
D) sampling bias","1-A, 2-B, 3-C",Sampling error is the chance gap for any one sample. The standard error summarizes its typical size. The sampling distribution is the full collection of estimates that error produces.,"D) Bias is a systematic shift, not chance; it wouldn't shrink with more data.","Which one is a single gap, which a typical size, which a whole distribution?",,yes,ch09-hw-01,,all (AI variant),,ch09-hw-01
ch09-hw-02-v1,AI variant of ch09-hw-02,9,"standard error, confidence intervals, sample size",select-all,A team doubles its sample size from 40 to 80 plants. Which quantities would you expect to get smaller? (Select all that apply.),"A) The standard error of the mean
B) The standard deviation of plant height
C) The width of a 95% confidence interval for the mean
D) The mean plant height","A, C",More data means less uncertainty: the SE (≈ SD/√n) and the CI width shrink. The SD and mean describe the plants themselves; they get estimated more precisely but don't trend smaller.,"B) The SD describes how much plants differ; adding plants doesn't make them more alike.
D) The mean doesn't depend on how many plants you measure.","Which of these describe uncertainty in an estimate, and which describe the plants?",,yes,ch09-hw-02,,all (AI variant),,ch09-hw-02
ch09-hw-02-v2,AI variant of ch09-hw-02,9,"standard error, confidence intervals, sample size",select-all,Researcher 1 samples 15 fish; Researcher 2 samples 150 fish from the same lake. Which will tend to be LARGER for Researcher 1? (Select all that apply.),"A) The standard error of mean fish length
B) The width of a 90% confidence interval for mean length
C) The sample mean length
D) The sample standard deviation of length","A, B","Smaller samples give less precise estimates, so the SE and CI width are larger. The mean and SD are just noisier with n = 15, not systematically bigger.","C) and D) These vary more from sample to sample with small n, but they don't trend upward.",Which quantities measure precision?,,yes,ch09-hw-02,,all (AI variant),,ch09-hw-02
ch09-hw-03-v1,AI variant of ch09-hw-03,9,"confidence intervals, interpretation",MC,From one random sample of lakes you calculate a 95% CI for mean phosphorus: 12.1 to 15.8 µg/L. Which statement is correct?,"A) There is a 95% probability the true mean is between 12.1 and 15.8
B) If we repeated the study many times, about 95% of intervals made this way would contain the true mean; this interval either does or doesn't
C) 95% of lakes have phosphorus between 12.1 and 15.8
D) The true mean changes depending on which lakes we sampled",B,"The 95% is about the method. The true mean is fixed, and so is this interval once calculated, so it simply did or didn't catch the truth.","A) The common misreading: the probability belongs to the process.
C) The CI is for the mean, not for individual lakes.
D) The parameter is fixed; estimates change.",Where does the randomness live: in the parameter or the procedure?,ch09-gquiz-ringtoss.png,yes,ch09-hw-03,,all (AI variant),,ch09-hw-03
ch09-hw-03-v2,AI variant of ch09-hw-03,9,"confidence intervals, interpretation",TF,"True or false: after you calculate a 95% CI of 4.2 to 6.8, the probability that the true mean lies in that range is 0.95.","A) TRUE
B) FALSE",B,"Once calculated, the interval and the parameter are both fixed numbers, so it did or didn't capture it. The 0.95 describes how often the procedure works across many samples.","A) This is the tempting misreading: 95% is a property of the method, not of this one interval.",Think of a ring already tossed at a post.,ch09-gquiz-ringtoss.png,yes,ch09-hw-03,,all (AI variant),,ch09-hw-03
ch09-hw-04-v1,AI variant of ch09-hw-04,9,"confidence intervals, coverage",MC,200 students each sample the same population and calculate a 90% confidence interval for the mean. About how many intervals would you expect to MISS the true mean?,"A) 0
B) About 10
C) About 20
D) About 180",C,90% coverage means about 90% (180) catch the truth and about 10% (20) miss.,"A) Some intervals always miss by bad luck.
B) That's 5%, which fits a 95% CI.
D) That's how many catch it.",What fraction of 90% intervals miss?,,yes,ch09-hw-04,,all (AI variant),,ch09-hw-04
ch09-hw-04-v2,AI variant of ch09-hw-04,9,"confidence intervals, coverage",MC,50 labs each compute a 99% confidence interval for the same parameter. About how many intervals would you expect to contain the true parameter?,"A) All 50, guaranteed
B) About 49 or 50
C) About 45
D) It depends on each lab's sample mean",B,"99% of 50 is 49.5, so expect almost all of them, with perhaps one miss.","A) Even 99% intervals miss sometimes.
C) That's 90% coverage.
D) Coverage is a property of the method, not of any one sample.",Multiply the number of intervals by the confidence level.,,yes,ch09-hw-04,,all (AI variant),,ch09-hw-04
ch09-gquiz-01-v1,AI variant of ch09-gquiz-01,9,"sampling distribution, sampling error",MC,"If we could draw 10,000 samples of 25 penguins and compute each sample's mean body mass, the histogram of those 10,000 means would be:","A) The sampling distribution of the mean; its spread is the standard error
B) The population distribution of body mass
C) The sample distribution; its spread is the standard deviation
D) A bootstrap distribution",A,A distribution of estimates from many independent samples of the same size is the sampling distribution. Its SD is the standard error.,"B) The population distribution describes individual penguins.
C) A sample distribution is the values in one sample.
D) A bootstrap resamples one sample; here we drew new samples from the population.",Is each value in the histogram an individual or an estimate?,,yes,ch09-gquiz-01,,all (AI variant),,ch09-gquiz-01
ch09-gquiz-01-v2,AI variant of ch09-gquiz-01,9,"sampling distribution, uncertainty",MC,"Two sampling distributions of a mean are centered on the true value. One is narrow, the other wide. What does the wide one tell you?","A) Any single estimate from that design is likely to land farther from the truth (more sampling error, more uncertainty)
B) That design is biased
C) The population is more variable than the sample
D) The estimate is wrong",A,"A wider sampling distribution means estimates scatter more from sample to sample, so one estimate is less precise. Both are centered on the truth, so neither is biased.","B) Both are centered on the truth, so neither is biased.
C) Spread here is spread of estimates, not individuals.
D) It's imprecise, not wrong.",Spread of a sampling distribution = ?,,yes,ch09-gquiz-01,,all (AI variant),,ch09-gquiz-01
ch09-gquiz-02-v1,AI variant of ch09-gquiz-02,9,bootstrap,MC,Your sample has 30 seed masses. Which describes ONE bootstrap replicate?,"A) Draw 30 values from your 30 with replacement, then compute the mean
B) Draw 30 values from your 30 without replacement, then compute the mean
C) Draw 10 values with replacement, then compute the mean
D) Collect 30 new seeds from the field, then compute the mean",A,"Same size (30), with replacement: some seeds appear twice, some not at all. Computing the estimate on that resample gives one bootstrap replicate.","B) Without replacement you just reshuffle the same 30, so every mean is identical.
C) Smaller resamples overstate uncertainty.
D) That's a new sample from the population, not a bootstrap.","Same n, and with or without replacement?",,yes,ch09-gquiz-02,,all (AI variant),,ch09-gquiz-02
ch09-gquiz-02-v2,AI variant of ch09-gquiz-02,9,bootstrap,MC,A student bootstraps by sampling WITHOUT replacement (same size as the data). What happens?,"A) Every resample contains exactly the original data, so every bootstrap mean is identical and the SE looks like 0
B) The bootstrap SE is slightly too large
C) It works the same as sampling with replacement
D) The bootstrap distribution becomes bimodal",A,"Drawing all n values without replacement just reorders the data, and the mean doesn't depend on order, so there's no variation.","B) There is no variation at all, not a little extra.
C) Replacement is what creates variation among resamples.
D) There's no spread at all.",What's in a 'resample' if no value can be drawn twice?,,yes,ch09-gquiz-02,,all (AI variant),,ch09-gquiz-02
ch09-gquiz-03-v1,AI variant of ch09-gquiz-03,9,"bootstrap, sample size",MC,"A researcher has only 4 measurements: 2.1, 2.3, 2.4, 9.8. Why should they be cautious about a bootstrap CI?","A) The bootstrap can only reshuffle these 4 values, so it poorly reflects the population and its uncertainty; the resulting distribution is lumpy and often too narrow
B) The bootstrap requires normal data
C) The bootstrap needs at least 100 values to run
D) With 4 values, sampling with replacement is impossible",A,"With tiny samples the bootstrap's stand-in population is crude: few distinct resamples, and one odd value (9.8) dominates. Bootstrap intervals tend to understate uncertainty.","B) The bootstrap doesn't assume normality.
C) It runs; it just approximates poorly.
D) You can resample with replacement from any sample.",The bootstrap treats your sample as the population. How good is a 4-value population?,,yes,ch09-gquiz-03,,all (AI variant),,ch09-gquiz-03
ch09-gquiz-03-v2,AI variant of ch09-gquiz-03,9,"bootstrap, sample size",TF,"True or false: with a very small sample, a bootstrap confidence interval tends to be too wide, overstating uncertainty.","A) TRUE
B) FALSE",B,"The opposite: small samples usually miss the population's extremes, so resamples vary too little and bootstrap CIs tend to be too narrow (overconfident).",A) Small samples lack the extreme values that would widen the bootstrap distribution.,Can a resample include values your sample never had?,,yes,ch09-gquiz-03,,all (AI variant),,ch09-gquiz-03
ch09-gquiz-05-v1,AI variant of ch09-gquiz-05,9,"bootstrap, confidence intervals",MC,You have 2000 bootstrap replicates of a correlation coefficient. How do you get a 90% bootstrap confidence interval?,"A) The 5th and 95th percentiles of the 2000 replicates
B) The 2.5th and 97.5th percentiles
C) The mean ± the standard deviation of the replicates
D) The minimum and maximum of the replicates",A,"A 90% interval leaves 5% in each tail, so use the 5th and 95th percentiles.","B) That's a 95% interval.
C) Mean ± 1 SD covers roughly 68%.
D) The min–max covers essentially 100%, and depends on the number of replicates.",How much goes in each tail for 90%?,,yes,ch09-gquiz-05,,all (AI variant),,ch09-gquiz-05
ch09-gquiz-05-v2,AI variant of ch09-gquiz-05,9,"bootstrap, standard error",MC,Bootstrapping a median gives 1000 replicate medians with mean 12.4 and standard deviation 0.9. The original sample median was 12.3. What's the bootstrap SE of the median?,"A) 0.9
B) 12.4
C) 0.9 / √1000
D) 12.3 / √1000",A,The bootstrap SE is the SD of the bootstrap replicates: 0.9.,"B) That's the center of the bootstrap distribution, close to the estimate itself.
C) and D) The number of replicates isn't the sample size; don't divide by √1000.",SE = spread of the estimates.,,yes,ch09-gquiz-05,,all (AI variant),,ch09-gquiz-05
ch09-gquiz-06-v1,AI variant of ch09-gquiz-06,9,"visualizing uncertainty, variability, error bars",matching,"Two plots show the same penguin body masses. Plot A: raw points plus boxplots. Plot B: raw points plus each species' mean with 95% CI error bars.

1. Which plot shows how much individual penguins differ?
2. Which plot shows how precisely we've estimated each species' mean?","A) Plot A
B) Plot B","1-A, 2-B","Boxplots summarize individuals (quartiles, whiskers). Error bars around the means show uncertainty in the mean, which is much narrower than the spread of birds.","Error bars ≠ spread of the data: they shrink as n grows, but individual variation doesn't.",Which plot's summary is about individuals?,ch09-var-penguin-twoplots.png,yes,ch09-gquiz-06,,all (AI variant),,ch09-gquiz-06
ch09-gquiz-06-v2,AI variant of ch09-gquiz-06,9,"visualizing uncertainty, error bars",MC,"In Plot B, the 95% CI error bars for Adelie and Chinstrap mean body mass overlap heavily, yet the raw points span about 2700–4800 g. Why are the error bars so much shorter than the spread of points?","A) Error bars show uncertainty in the mean (≈ SD/√n), which is much smaller than the variation among individual penguins
B) The error bars hide the outliers
C) The error bars show the interquartile range
D) Error bars are drawn at a different scale",A,"A mean of about 70–150 birds is far more stable than any single bird, so the CI for the mean is narrow even though individuals vary a lot.","B) Error bars aren't about outliers.
C) That's what a boxplot's box shows.
D) Same y-axis.",What does dividing by √n do?,ch09-var-penguin-twoplots.png,yes,ch09-gquiz-06,,all (AI variant),,ch09-gquiz-06
ch09-gquiz-07-v1,AI variant of ch09-gquiz-07,9,"confidence intervals, interpretation",MC,A coin is flipped and hidden under a cup. A friend says 'there's a 50% chance it's heads.' How does this relate to a calculated 95% CI?,"A) Like the coin, the interval's outcome is already settled: it caught the parameter or it didn't; the 95% describes the procedure before it's run
B) The 95% CI has a 95% chance of containing the parameter, just as the coin is 50% heads
C) The parameter moves like a flipping coin
D) The analogy shows CIs are useless",A,"Before flipping, P(heads) = 0.5. After, it's heads or tails. Likewise, before sampling the method has a 95% chance to succeed; after, the interval is right or wrong. (Many people still talk loosely here.)","B) That's the loose reading statisticians object to.
C) The parameter is fixed.
D) CIs are useful; the analogy is about interpretation.",Before vs after the randomness happens.,ch09-gquiz-ringtoss.png,yes,ch09-gquiz-07,,all (AI variant),,ch09-gquiz-07
ch09-gquiz-07-v2,AI variant of ch09-gquiz-07,9,"confidence intervals, interpretation",MC,"In the ring toss analogy for confidence intervals, what are the post and the ring?","A) Post = the true parameter (fixed); ring = the interval (random, changes with each sample)
B) Post = the interval; ring = the parameter
C) Post = the sample mean; ring = the population
D) Both move each time",A,The truth stays put; each sample produces a new interval that may or may not land around it. 95% CIs are a ring-toss method that rings the post 95% of the time.,"B) The interval is what varies across samples.
C) The sample mean changes; the post doesn't.
D) The parameter is fixed.",Which thing changes from sample to sample?,ch09-gquiz-ringtoss.png,yes,ch09-gquiz-07,,all (AI variant),,ch09-gquiz-07
ch09-chime-01-v1,AI variant of ch09-chime-01,9,"sampling distribution, standard deviation",TF,True or false: the standard error is the standard deviation of the values in your sample.,"A) TRUE
B) FALSE",B,The SE is the SD of the sampling distribution (spread of estimates across samples). The SD of the values in your sample describes individuals.,A) This mixes up the sample's spread with the spread of estimates.,Spread of individuals or of estimates?,,yes,ch09-chime-01,,all (AI variant),,ch09-chime-01
ch09-chime-01-v2,AI variant of ch09-chime-01,9,sampling distribution,TF,"True or false: the sampling distribution describes how estimates (e.g., means) would vary across many samples of the same size.","A) TRUE
B) FALSE",A,That's exactly the definition: each value is an estimate from a different hypothetical sample.,B) It is not the distribution of values in one sample (that's the sample distribution).,Each point in a sampling distribution is a ___.,,yes,ch09-chime-01,,all (AI variant),,ch09-chime-01
ch09-chime-02-v1,AI variant of ch09-chime-02,9,"sampling error, standard error, sample size",select-all,Which of the following will tend to INCREASE the standard error of a mean? (Select all that apply.),"A) A smaller sample size
B) A more variable population
C) A larger population mean (same variance)
D) Biased sampling
E) None of these","A, B",SE = SD/√n: fewer observations or more variable individuals both increase it.,"C) The mean doesn't enter the SE.
D) Bias shifts the center; it isn't measured by the SE.
E) Two of these do increase it.",Look at SE = SD/√n.,,yes,ch09-chime-02,,all (AI variant),,ch09-chime-02
ch09-chime-02-v2,AI variant of ch09-chime-02,9,"sampling error, sampling bias",MC,"A researcher measures 2000 birds, but only at feeders (which attract bolder birds). What does the huge sample do and not do?","A) It makes sampling error small, but doesn't fix the bias: the estimate is precise but may be precisely wrong
B) It removes both sampling error and bias
C) It increases sampling error
D) It fixes the bias but not sampling error",A,"Larger n shrinks sampling error (SE ∝ 1/√n), but a biased sampling method stays biased no matter how many birds you measure.","B) and D) Sample size doesn't fix bias.
C) More data reduces sampling error.",Sampling error vs sampling bias: which one does n fix?,,yes,ch09-chime-02,,all (AI variant),,ch09-chime-02
ch09-chime-03-v1,AI variant of ch09-chime-03,9,"sampling distribution, sampling error",MC,Why can't a sampling distribution reveal sampling bias in a real study?,"A) Bias shifts the whole distribution away from the truth, but in a real study we don't know the truth, so we can't see the shift
B) Sampling distributions don't exist for biased samples
C) Bias makes the sampling distribution wider
D) It can; bias shows up as bimodality",A,The sampling distribution shows chance spread around wherever the method is centered. Detecting a shifted center would require knowing the true parameter.,"B) They exist; they're just centered in the wrong place.
C) Bias is about the center, not the spread.
D) Bias doesn't create extra peaks.",Bias moves the center. Do we know where the center should be?,,yes,ch09-chime-03,,all (AI variant),,ch09-chime-03
ch09-chime-03-v2,AI variant of ch09-chime-03,9,"sampling distribution, standard error",MC,Which summary of the sampling distribution do we use to quantify sampling error?,"A) Its standard deviation (the standard error)
B) Its mean
C) Its maximum
D) Its sample size",A,Sampling error is about how much estimates scatter; the SD of the sampling distribution (the SE) measures that.,"B) The mean is near the estimate itself (or the truth), not the error.
C) A single extreme isn't a typical error.
D) Sample size affects the SE but isn't a summary of the distribution.",Error = scatter. Which summary measures scatter?,,yes,ch09-chime-03,,all (AI variant),,ch09-chime-03
ch09-chime-04-v1,AI variant of ch09-chime-04,9,"standard error, standard deviation, sample size",select-all,A lab increases sample size from 25 to 100. Which will tend to stay about the same? (Select all correct.),"A) The standard deviation
B) The mean
C) The standard error
D) The width of a 95% CI","A, B","The SD and mean describe the population and don't trend with n. The SE (≈ SD/√n) halves when n quadruples, and the CI narrows with it.",C) and D) These shrink: four times the data gives half the SE.,"Which quantities describe the population, and which describe your precision?",,yes,ch09-chime-04,,all (AI variant),,ch09-chime-04
ch09-chime-04-v2,AI variant of ch09-chime-04,9,"standard error, sample size",MC,"If the SD stays the same, by how much does the standard error of the mean change when n goes from 25 to 100?","A) It is cut in half
B) It is cut to a quarter
C) It stays the same
D) It doubles",A,"SE = SD/√n. √25 = 5 and √100 = 10, so the SE is halved.","B) The SE scales with 1/√n, not 1/n.
C) More data reduces the SE.
D) More data reduces, not increases, the SE.",Compare √25 and √100.,,yes,ch09-chime-04,,all (AI variant),,ch09-chime-04
ch09-chime-05-v1,AI variant of ch09-chime-05,9,"bootstrap, sampling distribution",MC,"In a computer simulation where we invent the population, which can we generate?","A) Only the sampling distribution
B) Only the bootstrap distribution
C) Both
D) Neither",C,"In a simulation we can draw as many new samples as we want (sampling distribution), and we can also bootstrap any one sample. That's how we check that the bootstrap works.","A) We can also bootstrap any one simulated sample.
B) Simulation lets us sample the population repeatedly too.
D) Simulation makes both possible.",What does knowing the population let you do?,,yes,ch09-chime-05,,all (AI variant),,ch09-chime-05
ch09-chime-05-v2,AI variant of ch09-chime-05,9,"bootstrap, sampling distribution",MC,Why do we bootstrap in real studies instead of building the true sampling distribution?,"A) Building the sampling distribution would require many new samples from the population, but we usually only have one
B) The bootstrap is more accurate than the sampling distribution
C) The sampling distribution only works for normal data
D) The bootstrap removes sampling bias",A,"The bootstrap uses our one sample as a stand-in for the population, approximating the sampling distribution we can't actually observe.","B) It approximates the sampling distribution; it isn't better than the real thing.
C) Sampling distributions exist for any data.
D) The bootstrap inherits whatever bias the sample has.",What data do we actually have?,,yes,ch09-chime-05,,all (AI variant),,ch09-chime-05
ch09-chime-06-v1,AI variant of ch09-chime-06,9,"bootstrap, confidence intervals",MC,The 95% bootstrap confidence interval is found from the _____ of the bootstrap estimates.,"A) 2.5th and 97.5th percentiles
B) Mean
C) Standard deviation
D) Minimum and maximum",A,The middle 95% of bootstrap estimates (between the 2.5th and 97.5th percentiles) gives the percentile 95% CI.,"B) The mean is a single center value.
C) The SD gives the SE, not the interval.
D) The min–max isn't 95%.",Cut off 2.5% in each tail.,,yes,ch09-chime-06,,all (AI variant),,ch09-chime-06
ch09-chime-06-v2,AI variant of ch09-chime-06,9,"bootstrap, standard error",MC,1000 bootstrap means have mean 70.9 and SD 0.82. The original data have SD 13.6. Which is the bootstrap SE?,"A) 0.82
B) 13.6
C) 70.9
D) 13.6 / 1000",A,The bootstrap SE is the SD of the bootstrap estimates.,"B) That's the SD of individual observations.
C) That's the center of the bootstrap distribution.
D) The number of replicates isn't the sample size.",SE = spread of estimates.,,yes,ch09-chime-06,,all (AI variant),,ch09-chime-06
ch09-chime-07-v1,AI variant of ch09-chime-07,9,"standard error, standard deviation",MC,A sample of 64 trees has a trunk-diameter SD of 16 cm. Roughly what would the bootstrap SE of the mean be?,"A) About 2 cm
B) About 16 cm
C) About 0.25 cm
D) About 128 cm",A,"SE ≈ SD/√n = 16/8 = 2 cm, and a bootstrap SE should come out close to that.","B) That's the SD of individual trees.
C) That's 16/64: divide by √n, not n.
D) Means vary less than individuals, not more.",SE ≈ SD/√n.,,yes,ch09-chime-07,,all (AI variant),,ch09-chime-07
ch09-chime-07-v2,AI variant of ch09-chime-07,9,"standard error, standard deviation, sample size",MC,"For a sample of size n = 1, how would the standard error of the mean compare to the standard deviation?","A) They'd be the same (SD/√1 = SD), because the 'mean' of one observation is just that observation
B) The SE would be smaller
C) The SE would be larger
D) The SE would be zero",A,"With one observation, its mean varies exactly as much as individuals do. Averaging only reduces spread when n > 1. (In practice you can't estimate an SD from one value, but the idea holds.)","B) Only with n > 1.
C) The SE is never larger than the SD.
D) Different samples of one would give different values.",Plug n = 1 into SD/√n.,,yes,ch09-chime-07,,all (AI variant),,ch09-chime-07
ch09-chime-08-v1,AI variant of ch09-chime-08,9,"bootstrap, standard error",MC,Which is a non-bootstrap way to estimate the standard error of a mean?,"A) SE = SD/√n
B) SE = the mean/√n
C) SE = the range/2
D) There is none",A,The mathematical formula SE = SD/√n approximates the spread of the sampling distribution of the mean without any resampling.,"B) The mean doesn't determine the spread.
C) Half the range isn't an SE.
D) Math-based approaches exist (and we'll use them later).",The formula with √n.,,yes,ch09-chime-08,,all (AI variant),,ch09-chime-08
ch09-chime-08-v2,AI variant of ch09-chime-08,9,bootstrap,TF,True or false: the bootstrap requires the data to be normally distributed.,"A) TRUE
B) FALSE",B,"The bootstrap just resamples your data; it makes no normality assumption. (It does need a reasonably large, representative sample.)",A) Many formula-based methods lean on normality; the bootstrap doesn't.,What does the bootstrap actually do with your data?,,yes,ch09-chime-08,,all (AI variant),,ch09-chime-08
ch09-chime-09-v1,AI variant of ch09-chime-09,9,"confidence intervals, interpretation",MC,You calculated a 90% CI for mean wing length: 41.2 to 43.0 mm. Which statement is correct?,"A) This interval either contains the true mean or it doesn't; 90% of intervals made this way capture the truth
B) There's a 90% chance the true mean is in 41.2–43.0
C) 90% of birds have wings 41.2–43.0 mm
D) There's a 10% chance the true mean is outside this interval",A,"Once calculated, the interval is fixed and the mean is fixed. The 90% describes the long-run success rate of the procedure.","B) and D) These attach probability to this one finished interval.
C) The CI is about the mean, not individuals.",Before vs after calculating.,ch09-gquiz-ringtoss.png,yes,ch09-chime-09,,all (AI variant),,ch09-chime-09
ch09-chime-09-v2,AI variant of ch09-chime-09,9,"confidence intervals, interpretation",MC,Two researchers each compute a correct 95% CI from different samples. Researcher 1's is narrower. Which is true?,"A) Researcher 1's estimate is more precise, but neither interval has a 'probability' of containing the truth once calculated
B) Researcher 1's interval has a higher probability of containing the truth
C) Researcher 1's interval is less likely to contain the truth
D) The narrower interval must be biased",A,"Width reflects precision (sample size, variability). Both come from 95% methods; after calculation each one simply did or didn't capture the parameter.","B) and C) Width doesn't change the interpretation for a finished interval.
D) Narrow means precise, not biased.",What does width tell you?,ch09-gquiz-ringtoss.png,yes,ch09-chime-09,,all (AI variant),,ch09-chime-09
ch09-chime-10-v1,AI variant of ch09-chime-10,9,"confidence intervals, coverage",MC,Over your career you will compute 40 independent 95% confidence intervals. About how many do you expect to MISS their true parameter?,"A) About 2
B) 0
C) About 5
D) About 38",A,"5% of 40 is 2, so expect about 2 misses (and you won't know which ones).","B) 95% isn't 100%.
C) That's 5 of 100, not 5% of 40.
D) That's how many succeed.",5% of 40.,,yes,ch09-chime-10,,all (AI variant),,ch09-chime-10
ch09-chime-10-v2,AI variant of ch09-chime-10,9,"confidence intervals, coverage",MC,"Before collecting any data, what is the probability that the 99% CI you're about to compute will contain the true parameter?","A) 0.99
B) 0.01
C) It either will or won't, so there's no probability
D) It depends on the sample mean",A,"Before sampling, the outcome is still random, so the method's 99% success rate applies. Only after calculation does it become 'did or didn't'.","B) That's the chance of missing.
C) That applies after the interval is calculated.
D) The sample mean doesn't exist yet.",Has the randomness happened yet?,,yes,ch09-chime-10,,all (AI variant),,ch09-chime-10
ch09-book-01-v1,AI variant of ch09-book-01,9,"standard error, sampling distribution",MC,The ___ summarizes the spread of the sampling distribution in one number.,"A) Standard error
B) Standard deviation of the sample
C) Bootstrap
D) Sample mean
E) Confidence level",A,The SE is the standard deviation of the sampling distribution: the typical size of sampling error.,"B) That's spread of individuals.
C) The bootstrap is a method for approximating the sampling distribution.
D) That's an estimate, not a spread.
E) That's a chosen percentage, like 95%.",Spread of estimates.,,yes,ch09-book-01,,all (AI variant),,ch09-book-01
ch09-book-01-v2,AI variant of ch09-book-01,9,"bootstrap, sampling distribution",MC,The bootstrap distribution is best described as:,"A) An approximation of the sampling distribution, made by resampling our one sample with replacement
B) The exact sampling distribution
C) The distribution of values in our sample
D) The population distribution",A,"We can't observe the true sampling distribution, so we approximate it by treating our sample as the population and resampling.","B) It's an approximation; its quality depends on the sample.
C) Its values are estimates, not individual observations.
D) It describes estimates, not individuals.","What do we resample, and what does that approximate?",,yes,ch09-book-01,,all (AI variant),,ch09-book-01
ch09-book-02-v1,AI variant of ch09-book-02,9,bootstrap,MC,"To make a bootstrap replicate from a sample of size n, we draw ___ observations ___ replacement.","A) n, with
B) n, without
C) n/2, with
D) 2n, without",A,"Same size, with replacement: that mimics drawing a new sample of size n from a population shaped like our data.","B) Without replacement just reshuffles the data.
C) Smaller resamples exaggerate uncertainty.
D) You can't draw 2n without replacement from n values.",Same size as the original?,,yes,ch09-book-02,,all (AI variant),,ch09-book-02
ch09-book-02-v2,AI variant of ch09-book-02,9,sampling distribution,MC,The true sampling distribution is made by drawing many ___ from the ___.,"A) new samples, population
B) resamples, sample
C) individuals, sample
D) estimates, bootstrap",A,The sampling distribution comes from repeated independent samples of the population; the bootstrap approximates it with resamples of our one sample.,"B) That's the bootstrap.
C) That just gives the sample distribution.
D) Backwards: the bootstrap approximates the sampling distribution.",Where do truly new samples come from?,,yes,ch09-book-02,,all (AI variant),,ch09-book-02
ch09-book-03-v1,AI variant of ch09-book-03,9,"standard error, confidence intervals, sample size",select-all,Which of these tend to get SMALLER as sample size gets larger? (Select all that apply.),"A) Standard error
B) Width of a 95% CI
C) Standard deviation
D) Median","A, B",Uncertainty shrinks with more data. The SD and median describe the population; they're estimated more precisely but don't trend smaller.,"C) and D) These describe individuals, not precision.",Precision vs description.,,yes,ch09-book-03,,all (AI variant),,ch09-book-03
ch09-book-03-v2,AI variant of ch09-book-03,9,"confidence intervals, sample size",MC,Study 1 (n = 20) and Study 2 (n = 200) sample the same population. Which is most likely?,"A) Study 2's 95% CI will be narrower, but both have the same coverage
B) Study 2's CI is more likely to contain the true mean
C) Study 1's CI will be narrower
D) Both CIs will be about the same width",A,Larger n → smaller SE → narrower CI. A correctly made 95% CI catches the truth 95% of the time regardless of n.,"B) Coverage stays 95%; only width changes.
C) Smaller samples give wider CIs.
D) Ten times the data makes a big difference.",Width and coverage are different things.,,yes,ch09-book-03,,all (AI variant),,ch09-book-03
ch09-book-04-v1,AI variant of ch09-book-04,9,"confidence intervals, interpretation",MC,A 95% CI for the proportion of infected ticks is 0.21 to 0.34. Which statement is correct?,"A) Whether the true proportion lies in 0.21–0.34 is settled; it either does or doesn't
B) There's a 95% chance the true proportion is between 0.21 and 0.34
C) 95% of ticks have infection proportions between 0.21 and 0.34
D) The true proportion is 0.275",A,"After calculation, the interval and the parameter are fixed. The 95% refers to the method.","B) Attaches the method's rate to this one interval.
C) Individual ticks are infected or not; the CI is about the population proportion.
D) 0.275 is the midpoint, an estimate, not the truth.",Is anything random left once the interval is computed?,ch09-gquiz-ringtoss.png,yes,ch09-book-04,,all (AI variant),,ch09-book-04
ch09-book-04-v2,AI variant of ch09-book-04,9,"confidence intervals, interpretation",select-all,Which change would make a newly calculated 95% CI narrower? (Select all that apply.),"A) A larger sample
B) Less variable data
C) Choosing 99% instead of 95% confidence
D) Calculating it more carefully","A, B",Width depends on the SE (SD/√n): more data or less variability narrows it. Higher confidence widens it.,"C) A 99% interval must be wider to catch the truth more often.
D) A correct calculation doesn't change the width.",Width tracks the SE and the confidence level.,,yes,ch09-book-04,,all (AI variant),,ch09-book-04
ch09-book-05-v1,AI variant of ch09-book-05,9,"confidence intervals, coverage",MC,In a simulation you know the true mean is 50. You draw 1000 samples and compute a 90% CI from each. About how many contain 50?,"A) About 900
B) About 950
C) About 100
D) All 1000",A,90% coverage: about 900 of 1000 intervals catch the true mean.,"B) That's 95% coverage.
C) That's how many miss.
D) Some always miss.",Confidence level × number of intervals.,,yes,ch09-book-05,,all (AI variant),,ch09-book-05
ch09-book-05-v2,AI variant of ch09-book-05,9,"confidence intervals, coverage",MC,"In a simulation, only 80% of supposedly 95% CIs contain the true parameter. What does this suggest?","A) The CI method isn't working as advertised for these data (e.g., the sample is too small for the bootstrap, or assumptions are violated)
B) That's expected: coverage varies with the sample mean
C) The true parameter changed during the simulation
D) Nothing; 80% is close to 95%",A,Simulations check coverage. A 95% method should catch the truth about 95% of the time; 80% means the intervals are too narrow.,"B) Coverage should hold across samples.
C) The parameter is fixed in a simulation.
D) Missing 20% vs 5% is a big difference.",What should coverage be?,,yes,ch09-book-05,,all (AI variant),,ch09-book-05
ch09-book-06-v1,AI variant of ch09-book-06,9,"shape of distributions, histograms",MC,"Palmer penguins: 342 birds with flipper lengths. Mean flipper length = 200.9 mm (SD = 14.1).

The histogram shows flipper lengths of all three species together. The distribution is:","A) Bimodal
B) Unimodal and symmetric
C) Uniform",A,"There are two humps (around 190 mm and 215 mm): Adelie and Chinstrap have shorter flippers, Gentoo longer ones.","B) There's a clear dip near 205 mm between two peaks.
C) Counts are far from flat.",Count the humps.,ch09-var-flipper-hist.png,yes,ch09-book-06,,all (AI variant),,ch09-book-06
ch09-book-06-v2,AI variant of ch09-book-06,9,"shape of distributions, histograms",MC,"We timed 150 bee visits to flowers. Mean time at a flower = 14.9 s (median 10.2 s, SD = 13.8 s).

The histogram shows the visit times. The distribution is:","A) Right-skewed
B) Left-skewed
C) Symmetric
D) Bimodal",A,"Most visits are short, with a long tail of a few long visits. The mean (14.9) above the median (10.2) is another sign of right skew.","B) The long tail is to the right.
C) The tail is lopsided, and mean ≠ median.
D) There's one peak.",Which side has the long tail?,ch09-var-bee-hist.png,yes,ch09-book-06,,all (AI variant),,ch09-book-06
ch09-book-07-v1,AI variant of ch09-book-07,9,"bootstrap, sampling distribution, shape of distributions",select-all,"Palmer penguins: 342 birds with flipper lengths. Mean flipper length = 200.9 mm (SD = 14.1).

The plot shows 5000 bootstrap replicates of mean flipper length. Even though flipper lengths are bimodal, the bootstrap distribution is roughly: (select all that apply)","A) Unimodal
B) Bimodal
C) Symmetric","A, C","Each resample mixes short- and long-flippered birds, so the means pile up in one roughly symmetric peak. This previews the central limit theorem.",B) Bimodal individuals don't make bimodal means.,Does averaging keep the two humps?,ch09-var-flipper-boot.png,yes,ch09-book-07,,all (AI variant),,ch09-book-07
ch09-book-07-v2,AI variant of ch09-book-07,9,"bootstrap, sampling distribution, shape of distributions",MC,"We timed 150 bee visits to flowers. Mean time at a flower = 14.9 s (median 10.2 s, SD = 13.8 s).

The plot shows 5000 bootstrap means. Compared with the raw data (strongly right-skewed), the bootstrap distribution of the mean is:","A) Much closer to symmetric, with only a slight right tail
B) Just as right-skewed as the data
C) Left-skewed
D) Bimodal",A,"Averaging 150 visits smooths out the skew a lot, though a little remains with skewed data. The bootstrap distribution is single-peaked and nearly symmetric.","B) Means are much less skewed than individuals.
C) Averaging doesn't flip skew.
D) There's one peak.",What does averaging do to a long tail?,ch09-var-bee-boot.png,yes,ch09-book-07,,all (AI variant),,ch09-book-07
ch09-book-08-v1,AI variant of ch09-book-08,9,"bootstrap, confidence intervals, standard error",MC,"Palmer penguins: 342 birds with flipper lengths. Mean flipper length = 200.9 mm (SD = 14.1).

In the plot of 5000 bootstrap means, the red dashed lines mark the 2.5th and 97.5th percentiles (about 199.5 and 202.4 mm). The SD of the bootstrap means is 0.75 mm. Which is correct?","A) The 95% CI for mean flipper length is about 199.5 to 202.4 mm, and the bootstrap SE is about 0.75 mm
B) The 99% CI is about 199.5 to 202.4 mm, and the SE is 14.1 mm
C) 95% of penguins have flippers between 199.5 and 202.4 mm
D) The SE is 200.9 mm, the mean of the bootstrap distribution",A,The middle 95% of bootstrap means gives the 95% CI. The SE is the SD of the bootstrap means (≈ 14.1/√342 ≈ 0.76).,"B) 2.5th–97.5th percentiles give 95%, and 14.1 is the SD of individual birds.
C) Individual flippers range from about 172 to 231 mm; the CI is for the mean.
D) The mean of the bootstrap means is the estimate, not its SE.","Which percentiles, and what does the SD of bootstrap means measure?",ch09-var-flipper-boot.png,yes,ch09-book-08,,all (AI variant),,ch09-book-08
ch09-book-08-v2,AI variant of ch09-book-08,9,"bootstrap, confidence intervals",MC,"We timed 150 bee visits to flowers. Mean time at a flower = 14.9 s (median 10.2 s, SD = 13.8 s).

In the plot of 5000 bootstrap means, the red dashed lines mark the 5th and 95th percentiles (about 13.2 and 16.8 s). Which is correct?","A) This is a 90% CI for the mean visit time: about 13.2 to 16.8 s
B) This is a 95% CI for the mean visit time
C) 90% of visits last 13.2 to 16.8 s
D) This is a 90% CI for the median visit time",A,"5th to 95th percentiles leaves 5% in each tail: a 90% interval. It's for the mean, because the replicates are means.","B) 95% would use the 2.5th and 97.5th percentiles.
C) Individual visits range from about 1 s to over 90 s; the CI is for the mean.
D) The replicates are means, not medians.",How much is cut from each tail?,ch09-var-bee-boot.png,yes,ch09-book-08,,all (AI variant),,ch09-book-08
ch09-gquiz-04-v1,AI variant of ch09-gquiz-04,"6, 9","Cohen's d, confidence intervals",MC,"A study compared plant height with vs without fertilizer. Cohen's d (fertilized − control) = 0.95, 95% CI [0.60, 1.30]. Benchmarks: tiny 0.01–0.20, small 0.20–0.50, medium 0.50–0.80, large 0.80–1.20, very large > 1.20. What does this mean?","A) Fertilized plants were taller, a large effect; plausible values run from medium to very large, and zero is not plausible
B) A small effect that could be zero
C) There's a 95% chance the true d is 0.95
D) Because the CI is wide, we can't say anything",A,"0.95 is a large effect. The CI [0.60, 1.30] spans medium to very large and excludes 0, so the data support a substantial positive effect.","B) 0.95 is large, and the CI excludes 0.
C) 0.95 is the best estimate; the CI gives a plausible range.
D) Even the low end (0.60) is a medium effect.",Place both the estimate and the CI ends on the benchmark scale.,,yes,ch09-gquiz-04,,all (AI variant),,ch09-gquiz-04
ch09-gquiz-04-v2,AI variant of ch09-gquiz-04,"6, 9","Cohen's d, confidence intervals",MC,"Caffeinated vs decaf students' quiz scores: Cohen's d (caffeine − decaf) = 0.12, 95% CI [−0.15, 0.39]. Benchmarks: tiny 0.01–0.20, small 0.20–0.50, medium 0.50–0.80. What's the best summary?","A) The estimated effect is tiny; plausible values range from a slight disadvantage to a small advantage, including zero, so the data don't establish an effect either way
B) Caffeine has a small positive effect
C) Caffeine has no effect
D) There's a 95% chance d is between −0.15 and 0.39",A,"The CI includes 0 and spans small negative to small positive effects. We can't conclude there's an effect, nor that it's exactly zero; any effect is likely small.","B) The CI includes 0 and negative values.
C) Failing to show an effect isn't showing no effect.
D) The 95% belongs to the method, not to this interval.",Does the CI include 0? How big are the plausible effects?,,yes,ch09-gquiz-04,,all (AI variant),,ch09-gquiz-04
ch10-gquiz-01-v1,AI variant of ch10-gquiz-01,10,"null and alternative hypotheses, two-tailed tests",matching,"A birder wonders whether a robin prefers red or yellow berries. She offers both colors many times and runs a two-tailed test.

Which statement is the null hypothesis, and which is the alternative?

1. Null hypothesis
2. Alternative hypothesis","A) The robin eats red and yellow berries equally often
B) The robin prefers red berries
C) The robin does not eat red and yellow berries equally often
D) The robin prefers yellow berries","1-A, 2-C",Null: no preference. Two-tailed alternative: a preference in either direction ('not equal').,"B) and D) are one-tailed (directional) alternatives, which don't match a two-tailed test.",Two-tailed means no direction is specified.,,yes,ch10-gquiz-01,,all (AI variant),,ch10-gquiz-01
ch10-gquiz-01-v2,AI variant of ch10-gquiz-01,10,"null and alternative hypotheses, one- vs two-tailed tests",matching,"A researcher tests whether a new fertilizer changes mean tomato yield. Match each statement to its role:

1. Null hypothesis
2. Two-tailed alternative
3. One-tailed alternative","A) Mean yield with fertilizer is different from mean yield without it
B) Mean yield is the same with and without fertilizer
C) Mean yield is higher with fertilizer","1-B, 2-A, 3-C",The null says no effect. A two-tailed alternative says 'different' in either direction; a one-tailed alternative picks a direction.,"'Higher' commits to one direction, so it's one-tailed.",Which statement has no direction?,,yes,ch10-gquiz-01,,all (AI variant),,ch10-gquiz-01
ch10-gquiz-02-v1,AI variant of ch10-gquiz-02,10,"confounding, interpreting results",MC,"A birder wonders whether a robin prefers red or yellow berries. She offers both colors many times and runs a two-tailed test.

She counts which berries the robin eats in her yard, finds it eats significantly more red berries, and concludes it prefers red. Her yard has four red-berry bushes and one yellow-berry bush. What's the biggest problem?","A) Red berries are more available, so the robin could eat more of them with no preference at all
B) She should have used a one-tailed test
C) She should never reject the null
D) The sample size is too large",A,Availability is a confound: compare what the robin eats with what it encounters (or offer equal numbers).,"B) The tail choice doesn't fix the comparison problem.
C) Rejecting is fine when the comparison is fair.
D) More data doesn't create this problem.",What would the robin eat if it had no preference?,,yes,ch10-gquiz-02,,all (AI variant),,ch10-gquiz-02
ch10-gquiz-02-v2,AI variant of ch10-gquiz-02,10,"confounding, interpreting results",MC,A study finds that people who own more houseplants report significantly lower stress (p = 0.003). The authors conclude that houseplants reduce stress. What's the biggest problem?,"A) Plant owners may differ in other ways (more free time, bigger homes, income) that affect stress, so this doesn't show causation
B) p = 0.003 is too large to be significant
C) The p-value measures the size of the stress reduction
D) There's no problem",A,"This is observational: confounds (or reverse causation, such as relaxed people buying plants) could produce the association.","B) 0.003 is small.
C) p-values don't measure effect size.
D) The causal claim isn't supported.",Was plant ownership randomly assigned?,,yes,ch10-gquiz-02,,all (AI variant),,ch10-gquiz-02
ch10-gquiz-03-v1,AI variant of ch10-gquiz-03,10,"p-values, effect size",MC,"A study of 500,000 people finds that a supplement lowers blood pressure by 0.3 mmHg on average (p < 0.0001). A headline says the supplement 'dramatically lowers blood pressure.' What's the main mistake?","A) Treating a tiny p-value as evidence of a large effect: 0.3 mmHg is trivially small
B) Ignoring that the result might be due to chance
C) Using a two-tailed test
D) The sample is too small",A,"With half a million people, even a negligible effect is easily detected. The p-value says the effect is probably not zero; the estimate (0.3 mmHg) says it's tiny.","B) p < 0.0001 addresses chance.
C) Tail choice isn't the issue.
D) The sample is enormous.","Look at the size of the estimate, not the p-value.",,yes,ch10-gquiz-03,,all (AI variant),,ch10-gquiz-03
ch10-gquiz-03-v2,AI variant of ch10-gquiz-03,10,"p-values, effect size",MC,Study 1 reports p = 0.001; Study 2 reports p = 0.04. Which conclusion is justified?,"A) Neither p-value tells us which effect is larger; we need the effect sizes (and their CIs)
B) Study 1 found a bigger effect
C) Study 2 found a bigger effect
D) Study 1's effect is 40 times larger",A,p-values depend on both effect size and sample size. A small p could come from a small effect in a huge study.,B)–D) These treat the p-value as a measure of effect size.,What two things does a p-value depend on?,,yes,ch10-gquiz-03,,all (AI variant),,ch10-gquiz-03
ch10-gquiz-04-v1,AI variant of ch10-gquiz-04,10,"p-values, interpretation",MC,"A birder wonders whether a robin prefers red or yellow berries. She offers both colors many times and runs a two-tailed test.

She gets p = 0.03. What does this mean?","A) If the robin truly had no preference, there'd be a 3% chance of a difference this large or larger
B) There's a 3% chance the robin has no preference
C) There's a 97% chance the robin has a preference
D) There's a 3% chance her results are wrong",A,A p-value is P(data this extreme or more | H0 true). It isn't a probability about the hypothesis.,"B), C) and D) all turn it into a probability about the hypothesis (the prosecutor's fallacy).","Probability of what, assuming what?",,yes,ch10-gquiz-04,,all (AI variant),,ch10-gquiz-04
ch10-gquiz-04-v2,AI variant of ch10-gquiz-04,10,"p-values, interpretation",TF,True or false: a p-value of 0.20 means there is a 20% chance the null hypothesis is true.,"A) TRUE
B) FALSE",B,"p = 0.20 means: if the null were true, results this extreme or more would happen 20% of the time. It says nothing directly about the chance the null is true.",A) That's the prosecutor's fallacy: P(data | H0) ≠ P(H0 | data).,The p-value assumes the null is true.,,yes,ch10-gquiz-04,,all (AI variant),,ch10-gquiz-04
ch10-gquiz-05-v1,AI variant of ch10-gquiz-05,10,"non-independence, assumptions",MC,"A researcher compares bill length between two islands by measuring 400 birds, but all birds come from 3 nests per island. Which assumption is most clearly violated?","A) Independence of observations
B) No sampling error
C) Normally distributed data
D) A two-tailed test",A,"Siblings from the same nest share genes and environment, so 400 birds act more like 6 independent units. Treating them as 400 inflates confidence and shrinks p-values.","B) Sampling error is always present.
C) Not the core issue here.
D) That's a choice, not an assumption.",How many truly independent units are there?,,yes,ch10-gquiz-05,,all (AI variant),,ch10-gquiz-05
ch10-gquiz-05-v2,AI variant of ch10-gquiz-05,10,"non-independence, assumptions",MC,A study measures 50 students' reaction times 20 times each and analyzes all 1000 measurements as independent. What's the likely consequence?,"A) Standard errors are too small and p-values too small: the study looks more convincing than it is
B) p-values are too large
C) There's no consequence
D) The estimate becomes biased upward",A,"Repeated measurements on the same person are correlated. Treating them as independent overstates the information, giving too-narrow CIs and too-small p-values.","B) The error goes the other way.
C) Pseudoreplication matters.
D) The main problem is overstated precision, not bias.",Is the 20th measurement of a student new information?,,yes,ch10-gquiz-05,,all (AI variant),,ch10-gquiz-05
ch10-gquiz-06-v1,AI variant of ch10-gquiz-06,10,"confidence intervals, hypothesis tests",select-all,"A study estimates the mean difference in growth between fertilized and control plants as 2.1 cm, 95% CI: −0.4 to 4.6 cm. Which are true? (Select all.)","A) Since 0 is inside the 95% CI, the null of no difference would not be rejected at α = 0.05
B) This shows fertilizer has no effect
C) The data are consistent with effects ranging from slightly negative to fairly large
D) A larger study would likely give a narrower interval","A, C, D",A 95% CI containing 0 corresponds to p > 0.05. That's not evidence of no effect: the interval includes sizable positive effects. More data would narrow it.,B) Failing to reject isn't the same as showing no effect.,Is the null value inside the CI? What else is inside it?,,yes,ch10-gquiz-06,,all (AI variant),,ch10-gquiz-06
ch10-gquiz-06-v2,AI variant of ch10-gquiz-06,10,"confidence intervals, hypothesis tests",select-all,"The proportion of seeds that germinate under a new treatment is estimated at 0.62, 95% CI: 0.55 to 0.69. Untreated seeds germinate at 0.50. Which are true? (Select all.)","A) A test of H0: p = 0.50 would reject at α = 0.05
B) There's a 95% chance the true proportion is between 0.55 and 0.69
C) About 95% of intervals made this way would contain the true proportion
D) A 99% CI from the same data would be wider","A, C, D","0.50 is outside the 95% CI, so p < 0.05. The 95% describes the method. More confidence requires a wider interval.","B) The probability belongs to the method, not this one interval.",Where is 0.50 relative to the interval?,,yes,ch10-gquiz-06,,all (AI variant),,ch10-gquiz-06
ch10-gquiz-07-v1,AI variant of ch10-gquiz-07,10,"p-values, sample size, publication bias",MC,"A tiny study (n = 12) of a memory supplement reports a huge, significant effect (p = 0.04) and gets wide media coverage. Three later studies with n > 500 each find tiny, non-significant effects. What's most likely?","A) The supplement has little or no effect; the small study's large estimate was probably exaggerated by chance (and amplified by attention to striking results)
B) The supplement has a huge effect
C) The later studies were all done wrong
D) The supplement has a moderate effect",A,"Small studies that reach significance tend to overestimate effects (the winner's curse). The large, precise studies carry more weight.","B) One noisy study vs three precise ones.
C) No reason to think so.
D) None of the precise studies supports that.",Which studies are more precise?,,yes,ch10-gquiz-07,,all (AI variant),,ch10-gquiz-07
ch10-gquiz-07-v2,AI variant of ch10-gquiz-07,10,"p-values, sample size, publication bias",MC,Why do significant results from small studies tend to overestimate the true effect?,"A) With small samples, estimates are noisy, and only the ones that happen to be unusually large cross the significance threshold
B) Small studies always measure the wrong thing
C) Small studies have smaller standard errors
D) They don't; small studies are unbiased",A,"To reach p < 0.05 with a large SE, the estimate must be big. If the true effect is modest, only lucky overestimates make the cut. This is the winner's curse.","B) Small isn't wrong.
C) Small studies have larger SEs.
D) Each estimate is unbiased, but the significant subset is biased upward.",What has to happen for a small study to reach p < 0.05?,,yes,ch10-gquiz-07,,all (AI variant),,ch10-gquiz-07
ch10-gquiz-08-v1,AI variant of ch10-gquiz-08,10,"p-values, sample size, power",MC,A small study (n = 15 per group) finds that a mentoring program raises test scores by 4 points (p = 0.30). A large study (n = 800 per group) finds a 3.5-point increase (p < 0.001). Which conclusion is most likely?,"A) The program has a real but modest effect; the small study lacked power
B) The program has no effect, because the first study wasn't significant
C) The studies contradict each other
D) The program has a huge effect",A,Both estimates are similar (about 3.5–4 points). The small study's CI was wide and included 0. Not significant ≠ no effect.,"B) p = 0.30 doesn't show no effect.
C) The estimates agree.
D) Both estimates are modest.","Compare the estimates, not just the p-values.",,yes,ch10-gquiz-08,,all (AI variant),,ch10-gquiz-08
ch10-gquiz-08-v2,AI variant of ch10-gquiz-08,10,"p-values, power",TF,"True or false: if a study fails to reject the null (p = 0.40), we can conclude the treatment has no effect.","A) TRUE
B) FALSE",B,"Failing to reject means the data are consistent with no effect, but they may also be consistent with real effects. The study may have lacked power. Absence of evidence isn't evidence of absence.",A) Not significant ≠ no effect; look at the CI.,What range of effects would be consistent with these data?,,yes,ch10-gquiz-08,,all (AI variant),,ch10-gquiz-08
ch10-hw-01-v1,AI variant of ch10-hw-01,10,null and alternative hypotheses,MC,Which statement is most appropriate as an ALTERNATIVE hypothesis?,"A) Mean seed size differs between plants in shaded and sunny plots
B) Mean seed size is the same in shaded and sunny plots
C) Shaded plants produce seeds exactly 1.2 mg heavier than sunny plants",A,An alternative hypothesis claims a difference or association.,"B) 'The same' is the null.
C) Alternatives don't usually claim an exact value.",Which statement claims something is going on?,,yes,ch10-hw-01,,all (AI variant),,ch10-hw-01
ch10-hw-01-v2,AI variant of ch10-hw-01,10,null and alternative hypotheses,MC,A researcher asks whether salamander abundance is associated with stream temperature. Which is the null hypothesis?,"A) There is no association between salamander abundance and stream temperature
B) Salamanders are more abundant in cooler streams
C) Stream temperature affects salamander abundance
D) Salamanders are rare",A,The null is 'no association'.,"B) and C) These claim an association (alternatives).
D) That isn't a hypothesis about the relationship.",The null says nothing is going on.,,yes,ch10-hw-01,,all (AI variant),,ch10-hw-01
ch10-hw-02-v1,AI variant of ch10-hw-02,10,one- vs two-tailed tests,MC,Alternative hypothesis: 'Mean heart rate DIFFERS between people who drink coffee and those who don't.' One-tailed or two-tailed?,"A) One-tailed
B) Two-tailed",B,"'Differs' allows either direction, so it's two-tailed.",A) A one-tailed alternative would say 'higher' or 'lower.',Is a direction specified?,,yes,ch10-hw-02,,all (AI variant),,ch10-hw-02
ch10-hw-02-v2,AI variant of ch10-hw-02,10,one- vs two-tailed tests,MC,Why does the book generally recommend two-tailed tests?,"A) We'd usually want to know about a surprising effect in the 'wrong' direction too, and one-tailed tests make it too easy to get significance after seeing the data
B) Two-tailed tests always give smaller p-values
C) One-tailed tests are mathematically invalid
D) Two-tailed tests don't need a null hypothesis",A,"A one-tailed test ignores effects in the other direction and halves the p-value for the chosen one, which is tempting to pick after the fact.","B) For the same data, two-tailed p-values are larger.
C) They're valid when justified in advance.
D) Every test needs a null.",What does a one-tailed test ignore?,,yes,ch10-hw-02,,all (AI variant),,ch10-hw-02
ch10-hw-03-v1,AI variant of ch10-hw-03,10,"p-values, sample size, effect size",MC,A study of 2 million smartphone users finds that a new app layout increases time on the app by 0.4 seconds per day (p < 0.0001). What's the best interpretation?,"A) The effect is almost certainly real but practically negligible
B) The effect is large because p is so small
C) The result is probably due to chance
D) The study was biased because it was large",A,Huge samples detect tiny effects. Significance tells you the effect is probably not zero; the estimate (0.4 s) tells you it doesn't matter much.,"B) p-values don't measure effect size.
C) p < 0.0001 makes chance an unlikely explanation.
D) Size doesn't cause bias.",Separate 'is there an effect?' from 'how big is it?',,yes,ch10-hw-03,,all (AI variant),,ch10-hw-03
ch10-hw-03-v2,AI variant of ch10-hw-03,10,"p-values, sample size",MC,"If the true effect is small but not zero, what happens to the p-value as sample size grows (on average)?","A) It gets smaller, eventually falling below 0.05
B) It stays about the same
C) It gets larger
D) It equals the effect size",A,"A larger n shrinks the SE, so even a small real effect becomes more and more detectable.","B) The p-value depends on n.
C) More data gives more evidence, not less.
D) p-values aren't effect sizes.",What does a bigger n do to the SE?,,yes,ch10-hw-03,,all (AI variant),,ch10-hw-03
ch10-hw-04-v1,AI variant of ch10-hw-04,10,"type I error, alpha",MC,"If the null hypothesis is TRUE and you use α = 0.01, what's the probability of a false positive (p < 0.01)?","A) 0.01, regardless of sample size
B) 0.05
C) Smaller for bigger studies
D) Larger for bigger studies",A,"When the null is true, the false-positive rate equals α, whatever the sample size.","B) That's for α = 0.05.
C) and D) Sample size affects power, not the false-positive rate.","When H0 is true, P(reject) = ?",,yes,ch10-hw-04,,all (AI variant),,ch10-hw-04
ch10-hw-04-v2,AI variant of ch10-hw-04,10,"type I error, multiple testing",MC,"A researcher tests 20 different foods for an effect on sleep, and none truly has any effect. Using α = 0.05, about how many tests would you expect to come out 'significant' anyway?","A) About 1
B) 0
C) About 5
D) About 19",A,Each test has a 5% false-positive rate when the null is true: 20 × 0.05 = 1.,"B) False positives happen at rate α.
C) That would need 100 tests.
D) That's how many correctly fail to reject.",Multiply the number of tests by α.,,yes,ch10-hw-04,,all (AI variant),,ch10-hw-04
ch10-hw-05-v1,AI variant of ch10-hw-05,10,"p-values, null distribution",numeric,"Can parents identify their own children by smell? Each of nine mothers was given her own child's worn T-shirt and one from another child, and asked to pick her own. Use a two-sided test with α = 0.05. If mothers were just guessing, the probabilities of each number of correct picks are:

correct | 0 | 1 | 2 | 3 | 4 | 5 | 6 | 7 | 8 | 9
probability | 0.002 | 0.018 | 0.07 | 0.164 | 0.246 | 0.246 | 0.164 | 0.07 | 0.018 | 0.002

Suppose only 2 of 9 mothers picked correctly. Use the probabilities to estimate the two-sided P-value.",,≈ 0.18,"Results at least as extreme as 2 in the low tail: P(0, 1, 2) = 0.002 + 0.018 + 0.07 = 0.09. Doubled for two sides: 0.18. Doing worse than chance counts as extreme in a two-sided test.",Common mistakes: using only P(2) = 0.07; forgetting to double (0.09); adding the upper tail from 2 upward.,"Which results are as far from 4.5 as 2 is, or farther?",ch10-smell-null-dist.png,yes,ch10-hw-05,,all (AI variant),,ch10-hw-05
ch10-hw-05-v2,AI variant of ch10-hw-05,10,"p-values, null distribution",numeric,"Can dogs smell cancer? Each of 10 trained dogs sniffs two breath samples (one from a patient with cancer, one without) and picks one. Use a two-sided test with α = 0.05. The plot and table show the probability of each number of correct picks if dogs were just guessing:

correct | 0 | 1 | 2 | 3 | 4 | 5 | 6 | 7 | 8 | 9 | 10
probability | 0.001 | 0.010 | 0.044 | 0.117 | 0.205 | 0.246 | 0.205 | 0.117 | 0.044 | 0.010 | 0.001

Suppose 8 of 10 dogs pick correctly. Use the probabilities to estimate the two-sided P-value.",,≈ 0.11,"At least as extreme as 8: P(8, 9, 10) = 0.044 + 0.010 + 0.001 = 0.055. Doubled for two sides: 0.11 (exact: 0.109).",Common mistakes: using only P(8) = 0.044; using one tail (0.055); including 7.,"Add the upper tail from 8, then double.",ch10-var-null10.png,yes,ch10-hw-05,,all (AI variant),,ch10-hw-05
ch10-hw-06-v1,AI variant of ch10-hw-06,10,"hypothesis testing decisions, interpretation",MC,"Can dogs smell cancer? Each of 10 trained dogs sniffs two breath samples (one from a patient with cancer, one without) and picks one. Use a two-sided test with α = 0.05. The plot and table show the probability of each number of correct picks if dogs were just guessing:

correct | 0 | 1 | 2 | 3 | 4 | 5 | 6 | 7 | 8 | 9 | 10
probability | 0.001 | 0.010 | 0.044 | 0.117 | 0.205 | 0.246 | 0.205 | 0.117 | 0.044 | 0.010 | 0.001

With 8 of 10 correct, the two-sided P-value is about 0.11. What do we do with the null hypothesis, and what do we know?","A) Fail to reject it; the data don't establish whether dogs can smell cancer
B) Reject it; dogs can smell cancer
C) Accept it; dogs can't smell cancer
D) Fail to reject it; there's an 11% chance dogs are guessing",A,"0.11 > 0.05, so we fail to reject. With only 10 dogs the test has little power, so we can't conclude they're guessing either.","B) p > α.
C) Failing to reject ≠ accepting.
D) The p-value isn't P(H0 | data).","Compare p with α, then ask what 'fail to reject' does and doesn't mean.",ch10-var-null10.png,yes,ch10-hw-06,,all (AI variant),,ch10-hw-06
ch10-hw-06-v2,AI variant of ch10-hw-06,10,"hypothesis testing decisions, power",MC,"Can parents identify their own children by smell? Each of nine mothers was given her own child's worn T-shirt and one from another child, and asked to pick her own. Use a two-sided test with α = 0.05. If mothers were just guessing, the probabilities of each number of correct picks are:

correct | 0 | 1 | 2 | 3 | 4 | 5 | 6 | 7 | 8 | 9
probability | 0.002 | 0.018 | 0.07 | 0.164 | 0.246 | 0.246 | 0.164 | 0.07 | 0.018 | 0.002

Why is it hard to get a significant result with only nine mothers, even if mothers really can identify their child somewhat better than chance?","A) With so few trials, only extreme outcomes (8 or 9 correct, or 0 or 1) have p < 0.05, so the test has low power for modest abilities
B) The null distribution is wrong
C) Two-sided tests can never reject with n = 9
D) Small samples always give biased results",A,"From the table, P(7 or more) × 2 = 0.18, so you'd need 8 or 9 correct to reject. A mother who's right 70% of the time would usually fall short.","B) The null distribution is correct for guessing.
C) 8 or 9 correct would reject.
D) Small samples are noisy, not necessarily biased.",Which outcomes would give p < 0.05?,ch10-smell-null-dist.png,yes,ch10-hw-06,,all (AI variant),,ch10-hw-06
ch10-hw-07-v1,AI variant of ch10-hw-07,10,"prosecutor's fallacy, p-values",MC,A DNA match has a 1-in-a-million chance of occurring for an innocent person. A prosecutor says: 'So there's only a 1-in-a-million chance the defendant is innocent.' What's wrong?,"A) It confuses P(match | innocent) with P(innocent | match); in a city of millions, several innocent people could match
B) DNA evidence is never reliable
C) The chance should be 1 in 2 million
D) Nothing; that's correct",A,The probability of the evidence given innocence isn't the probability of innocence given the evidence. Same for p-values: P(data | H0) ≠ P(H0 | data).,"B) The issue is the logic, not DNA.
C) The number isn't the problem.
D) This is the classic fallacy.",Which way does the 'given' go?,,yes,ch10-hw-07,,all (AI variant),,ch10-hw-07
ch10-hw-07-v2,AI variant of ch10-hw-07,10,"prosecutor's fallacy, p-values",MC,Which statement commits the prosecutor's fallacy?,"A) 'p = 0.02, so there's a 2% chance the null hypothesis is true'
B) 'If the null were true, data this extreme would occur 2% of the time'
C) 'p = 0.02 is below α = 0.05, so we reject the null'
D) 'p = 0.02 doesn't tell us the effect size'",A,It flips P(data | H0) into P(H0 | data).,"B) That's the correct definition.
C) A correct decision rule.
D) True and not a fallacy.",Find the one that makes the p-value a probability about the hypothesis.,,yes,ch10-hw-07,,all (AI variant),,ch10-hw-07
ch10-chime-01-v1,AI variant of ch10-chime-01,10,"p-values, interpretation",TF,"TRUE or FALSE: A p-value is the probability of getting results as extreme as (or more extreme than) those observed, assuming the null hypothesis is true.","A) TRUE
B) FALSE",A,That's the correct definition: P(data this extreme or more | H0).,B) This one gets the conditional the right way around.,Check which way the 'given' goes.,,yes,ch10-chime-01,,all (AI variant),,ch10-chime-01
ch10-chime-01-v2,AI variant of ch10-chime-01,10,"p-values, interpretation",TF,TRUE or FALSE: A small p-value proves the alternative hypothesis is true.,"A) TRUE
B) FALSE",B,"A small p-value says the data would be surprising if the null were true. It's evidence against the null, not proof; false positives happen at rate α.",A) Nothing in a single test proves a hypothesis.,Can a true null ever produce a small p-value?,,yes,ch10-chime-01,,all (AI variant),,ch10-chime-01
ch10-chime-02-v1,AI variant of ch10-chime-02,10,power,select-all,Which of these increase statistical power (the chance of rejecting a false null)? (Select all.),"A) A larger sample size
B) A larger true effect
C) Less variable data
D) A smaller α (e.g., 0.01 instead of 0.05)","A, B, C","Power rises with sample size, effect size and precision. A stricter α makes rejection harder, so power drops.",D) Lowering α trades fewer false positives for less power.,What makes a real effect easier to detect?,,yes,ch10-chime-02,,all (AI variant),,ch10-chime-02
ch10-chime-02-v2,AI variant of ch10-chime-02,10,type II error,MC,A type II error is:,"A) Failing to reject a null hypothesis that is false
B) Rejecting a null hypothesis that is true
C) Using the wrong test
D) Getting p exactly 0.05",A,Type II: missing a real effect. Its probability is 1 − power.,"B) That's a type I error.
C) and D) Not error types.","Missed a real effect, or false alarm?",,yes,ch10-chime-02,,all (AI variant),,ch10-chime-02
ch10-chime-03-v1,AI variant of ch10-chime-03,10,"type I error, alpha",MC,"We use α = 0.10. Assuming the null is TRUE, what's the probability we reject it?","A) 0.10
B) 0.90
C) Depends on sample size
D) Depends on effect size",A,"When the null is true, we falsely reject with probability α = 0.10.","B) That's the probability of (correctly) failing to reject.
C) and D) α alone sets the false-positive rate.","When H0 is true, P(reject) = α.",,yes,ch10-chime-03,,all (AI variant),,ch10-chime-03
ch10-chime-03-v2,AI variant of ch10-chime-03,10,type I error,MC,A type I error is:,"A) Rejecting a null hypothesis that is actually true
B) Failing to reject a false null hypothesis
C) Having a small sample
D) Making a calculation error",A,Type I: a false positive. Its probability (when H0 is true) is α.,"B) That's type II.
C) and D) Not error types.",False alarm or missed effect?,,yes,ch10-chime-03,,all (AI variant),,ch10-chime-03
ch10-chime-04-v1,AI variant of ch10-chime-04,10,"p-values, interpretation",MC,"Spot the flaw: a news article says, 'The trial found the drug reduced migraines (p = 0.04), meaning there is a 96% chance the drug works.' Which misinterpretation is this?","A) Treating the p-value as a probability about the hypothesis
B) A causal story that ignores confounds
C) Ignoring sampling error
D) Using the p-value as a measure of effect size",A,1 − p isn't the probability the drug works. The p-value is P(data this extreme | no effect).,"B) A randomized trial handles confounds; that's not the error.
C) The p-value addresses sampling error.
D) Nothing about effect size is claimed.",What does the p-value assume?,,yes,ch10-chime-04,,all (AI variant),,ch10-chime-04
ch10-chime-04-v2,AI variant of ch10-chime-04,10,"p-values, effect size",MC,"Spot the flaw: 'Our new teaching method had a highly significant effect (p < 0.0001), so it's a huge improvement.' Which misinterpretation is this?","A) Using the p-value as a measure of effect size
B) Treating the p-value as the probability that the null is true
C) A causal story that ignores confounds
D) Ignoring sampling error",A,A tiny p-value can come from a small effect in a large study; 'huge' needs the estimate.,"B) No probability of the null is stated.
C) Possible, but the stated flaw is jumping from p to 'huge'.
D) The p-value does address sampling error.",Does p measure 'how big'?,,yes,ch10-chime-04,,all (AI variant),,ch10-chime-04
ch10-chime-05-v1,AI variant of ch10-chime-05,10,"correlation vs causation, confounding",MC,Spot the flaw: a survey finds that children who eat breakfast get better grades. A school board concludes that serving breakfast will raise grades. What's the main problem?,"A) It tells a causal story while ignoring confounds (e.g., family income or routines may affect both breakfast and grades)
B) It misinterprets a p-value as the probability the null is true
C) It ignores sampling error
D) It uses a p-value as a measure of effect size",A,Observational association doesn't show causation. Families that serve breakfast may differ in many ways that also affect grades.,B)–D) No p-value is misused; the problem is the causal leap.,Was breakfast randomly assigned?,,yes,ch10-chime-05,,all (AI variant),,ch10-chime-05
ch10-chime-05-v2,AI variant of ch10-chime-05,10,"correlation vs causation, confounding",MC,"Spot the flaw: 'Cities with more police officers have more crime, so police cause crime.' What's the most likely issue?","A) Reverse causation or confounding: cities with more crime hire more police, and bigger cities have more of both
B) The p-value was misread
C) Sampling error
D) Effect size was ignored",A,The association could run the other way (crime → more police) or be driven by city size.,B)–D) The problem is the causal interpretation.,Which way could the arrow point?,,yes,ch10-chime-05,,all (AI variant),,ch10-chime-05
ch10-book-01-v1,AI variant of ch10-book-01,10,null and alternative hypotheses,MC,Which statement is most appropriate as a NULL hypothesis?,"A) Mean lifespan is the same for fruit flies raised on high- and low-sugar diets
B) High-sugar diets shorten fruit fly lifespan
C) Diet affects fruit fly lifespan",A,The null states no difference.,B) and C) claim an effect.,Which says nothing is going on?,,yes,ch10-book-01,,all (AI variant),,ch10-book-01
ch10-book-01-v2,AI variant of ch10-book-01,10,null and alternative hypotheses,MC,Which statement is most appropriate as a NULL hypothesis for a study of whether bee visits are associated with flower color?,"A) Bee visit rate is not associated with flower color
B) Bees prefer blue flowers
C) Flower color affects bee visits
D) Bees visit flowers",A,Null: no association.,"B) and C) are alternatives.
D) Not a testable statement about the association.",No association = ?,,yes,ch10-book-01,,all (AI variant),,ch10-book-01
ch10-book-02-v1,AI variant of ch10-book-02,10,"type I error, power, sample size",matching,"Compare a study using α = 0.01 with one using α = 0.05 (same sample size).

1. If the null is TRUE, the α = 0.01 study is ____ likely to reject it.
2. If the null is FALSE, the α = 0.01 study is ____ likely to reject it.","A) more
B) less
C) equally","1-B, 2-B",A stricter threshold means fewer false positives (1%) but also less power to detect real effects.,Lowering α makes rejection harder whether or not the null is true.,A stricter threshold makes rejecting harder... always.,,yes,ch10-book-02,,all (AI variant),,ch10-book-02
ch10-book-02-v2,AI variant of ch10-book-02,10,"type I error, power, effect size",matching,"Two studies have the same n and α. In Study 1 the true effect is large; in Study 2 it's small.

1. Which study has higher power?
2. If both nulls were actually true instead, which study would have a higher false-positive rate?","A) Study 1
B) Study 2
C) Neither: the same","1-A, 2-C","Larger effects are easier to detect. When the null is true, the false-positive rate is α for both.","Effect size affects power, not the false-positive rate.",What sets the false-positive rate?,,yes,ch10-book-02,,all (AI variant),,ch10-book-02
ch10-book-03-v1,AI variant of ch10-book-03,10,"null and alternative hypotheses, two-tailed tests",matching,"Ten dogs each pick between two breath samples (one from a cancer patient). Using a two-tailed test:

1. The null hypothesis is ____
2. The alternative hypothesis is ____","A) Dogs pick the cancer sample more than half the time
B) Dogs pick the cancer sample half the time
C) Dogs do not pick the cancer sample half the time
D) Dogs pick the cancer sample less than half the time","1-B, 2-C","Null: guessing (50%). Two-tailed alternative: not 50%, in either direction.",A) and D) are one-tailed alternatives.,Two-tailed: no direction.,,yes,ch10-book-03,,all (AI variant),,ch10-book-03
ch10-book-03-v2,AI variant of ch10-book-03,10,"null and alternative hypotheses, one- vs two-tailed tests",MC,"In the T-shirt study, a researcher uses the one-tailed alternative 'mothers pick correctly more than half the time.' What is the risk compared with a two-tailed test?","A) If mothers were actually worse than chance (e.g., reliably picking the wrong shirt), the test couldn't detect it
B) The null changes to 'mothers always pick correctly'
C) The p-value gets larger
D) There is no difference",A,A one-tailed test only looks for an effect in one direction. Evidence in the other direction is ignored.,"B) The null is still 50%.
C) For results in the predicted direction, one-tailed p-values are smaller.
D) The tails matter.",What does a one-tailed test ignore?,,yes,ch10-book-03,,all (AI variant),,ch10-book-03
ch10-book-04-v1,AI variant of ch10-book-04,10,"p-values, null distribution",numeric,"Can dogs smell cancer? Each of 10 trained dogs sniffs two breath samples (one from a patient with cancer, one without) and picks one. Use a two-sided test with α = 0.05. The plot and table show the probability of each number of correct picks if dogs were just guessing:

correct | 0 | 1 | 2 | 3 | 4 | 5 | 6 | 7 | 8 | 9 | 10
probability | 0.001 | 0.010 | 0.044 | 0.117 | 0.205 | 0.246 | 0.205 | 0.117 | 0.044 | 0.010 | 0.001

Suppose 9 of 10 dogs pick correctly. Use the probabilities to estimate the two-sided P-value.",,≈ 0.022,"At least as extreme as 9: P(9, 10) = 0.010 + 0.001 = 0.011. Doubled: 0.022 (exact 0.021).",Common mistakes: using only P(9) = 0.010; one tail (0.011); including 8.,"Add the upper tail from 9, then double.",ch10-var-null10.png,yes,ch10-book-04,,all (AI variant),,ch10-book-04
ch10-book-04-v2,AI variant of ch10-book-04,10,"p-values, null distribution",numeric,"Can parents identify their own children by smell? Each of nine mothers was given her own child's worn T-shirt and one from another child, and asked to pick her own. Use a two-sided test with α = 0.05. If mothers were just guessing, the probabilities of each number of correct picks are:

correct | 0 | 1 | 2 | 3 | 4 | 5 | 6 | 7 | 8 | 9
probability | 0.002 | 0.018 | 0.07 | 0.164 | 0.246 | 0.246 | 0.164 | 0.07 | 0.018 | 0.002

Suppose only 1 of 9 mothers picked correctly. Use the probabilities to estimate the two-sided P-value.",,≈ 0.04,"At least as extreme as 1 (in the low tail): P(0, 1) = 0.002 + 0.018 = 0.02. Doubled for two sides: 0.04.",Common mistakes: using only P(1) = 0.018; one tail (0.02); adding the tail above 1.,"Results as far from 4.5 as 1 is: 0, 1, 8, 9.",ch10-smell-null-dist.png,yes,ch10-book-04,,all (AI variant),,ch10-book-04
ch10-book-05-v1,AI variant of ch10-book-05,10,"hypothesis testing decisions, interpretation",MC,"Can dogs smell cancer? Each of 10 trained dogs sniffs two breath samples (one from a patient with cancer, one without) and picks one. Use a two-sided test with α = 0.05. The plot and table show the probability of each number of correct picks if dogs were just guessing:

correct | 0 | 1 | 2 | 3 | 4 | 5 | 6 | 7 | 8 | 9 | 10
probability | 0.001 | 0.010 | 0.044 | 0.117 | 0.205 | 0.246 | 0.205 | 0.117 | 0.044 | 0.010 | 0.001

With 9 of 10 correct, the two-sided P-value is about 0.02. What do we do with the null, and what do we know?","A) Reject it; but we can't be certain it's false (this could be a type I error)
B) Reject it; we've proven dogs can smell cancer
C) Reject it; there's a 2% chance dogs are guessing
D) Fail to reject it",A,"p < 0.05, so reject. Rejecting isn't proof, and the p-value isn't the probability that the null is true.","B) Rejecting isn't proof.
C) That's the prosecutor's fallacy.
D) p < α.",Compare p to α; then remember what a p-value isn't.,ch10-var-null10.png,yes,ch10-book-05,,all (AI variant),,ch10-book-05
ch10-book-05-v2,AI variant of ch10-book-05,10,"hypothesis testing decisions, effect size",MC,"Can dogs smell cancer? Each of 10 trained dogs sniffs two breath samples (one from a patient with cancer, one without) and picks one. Use a two-sided test with α = 0.05. The plot and table show the probability of each number of correct picks if dogs were just guessing:

correct | 0 | 1 | 2 | 3 | 4 | 5 | 6 | 7 | 8 | 9 | 10
probability | 0.001 | 0.010 | 0.044 | 0.117 | 0.205 | 0.246 | 0.205 | 0.117 | 0.044 | 0.010 | 0.001

With 9 of 10 correct (p ≈ 0.02), a reporter writes: 'Dogs are 98% accurate at detecting cancer.' What's wrong?","A) It turns 1 − p into an accuracy; the observed accuracy was 90% (9/10), and with 10 dogs that estimate is very uncertain
B) Nothing; that's correct
C) The p-value should have been 0.10
D) Dogs were 2% accurate",A,"The p-value is about how surprising 9/10 would be under guessing. The accuracy estimate is 9/10 = 0.9, with a wide CI because n is small.","B) 1 − p is not an accuracy or a probability of anything useful here.
C) The p-value was computed correctly.
D) Misreads p again.",Where does the accuracy estimate actually come from?,ch10-var-null10.png,yes,ch10-book-05,,all (AI variant),,ch10-book-05
ch10-book-06-v1,AI variant of ch10-book-06,10,prosecutor's fallacy,MC,Which pair of probabilities does the prosecutor's fallacy confuse?,"A) P(evidence | innocent) and P(innocent | evidence)
B) P(guilty) and P(innocent)
C) α and β
D) The mean and the median",A,"The fallacy swaps the conditional: how likely the evidence is if innocent, vs how likely innocence is given the evidence.","B) These are complements, not the confusion.
C) Error rates, but not this fallacy.
D) Unrelated.",Which way does the 'given' go?,,yes,ch10-book-06,,all (AI variant),,ch10-book-06
ch10-book-06-v2,AI variant of ch10-book-06,10,"prosecutor's fallacy, p-values",MC,"In hypothesis testing, the prosecutor's fallacy is treating ___ as if it were ___.","A) P(data | H0), P(H0 | data)
B) P(H0 | data), P(data | H0)
C) α, the power
D) the effect size, the p-value",A,The p-value is P(data this extreme | H0). The fallacy reads it as the probability that H0 is true given the data.,"B) Backwards: the p-value is P(data | H0).
C) and D) Different confusions.",Which conditional probability is the p-value?,,yes,ch10-book-06,,all (AI variant),,ch10-book-06
ch11-hw-01-v1,AI variant of ch11-hw-01,11,bootstrap,matching,"In each BOOTSTRAP replicate, are these TRUE or FALSE?

1. The overall mean of the response variable is identical to the original
2. Some observations may be duplicated while others are omitted
3. Each replicate has the same sample size as the original data","A) TRUE
B) FALSE","1-B, 2-A, 3-A","The bootstrap resamples with replacement at the original size, so some observations repeat, others drop out, and the overall mean changes from replicate to replicate.","1: A fixed overall mean is a feature of permutation, which reuses every observation exactly once.",Resampling with replacement vs shuffling.,,yes,ch11-hw-01,,all (AI variant),,ch11-hw-01
ch11-hw-01-v2,AI variant of ch11-hw-01,11,permutation,MC,"In a permutation test of whether mean growth differs between two fertilizers, which stays the same in every permuted replicate?","A) The set of growth values (each used exactly once), so the overall mean is unchanged
B) The mean of each fertilizer group
C) The difference between group means
D) Which plants get which fertilizer label",A,Permutation only reshuffles labels; the same numbers appear in every replicate. Group means and their difference change because the labels move.,"B) and C) These change as labels are shuffled; that variation forms the null distribution.
D) That's exactly what gets shuffled.","What does shuffling move, and what does it leave alone?",,yes,ch11-hw-01,,all (AI variant),,ch11-hw-01
ch11-hw-02-v1,AI variant of ch11-hw-02,11,permutation,select-all,Select all true characteristics of permutation tests:,"A) They shuffle labels (or one variable) to break any association
B) They require a null hypothesis to simulate
C) They resample with replacement
D) They're mainly used to produce confidence intervals","A, B","Permutation simulates the null by breaking the association, producing a null distribution and a p-value.","C) That's the bootstrap.
D) CIs come from the bootstrap; permutation gives p-values.",Which method needs a null?,,yes,ch11-hw-02,,all (AI variant),,ch11-hw-02
ch11-hw-02-v2,AI variant of ch11-hw-02,11,bootstrap,MC,What is the main goal of bootstrapping?,"A) To estimate the uncertainty in an estimate (an SE or CI) by mimicking repeated sampling
B) To test a null hypothesis by breaking associations
C) To remove bias from a sample
D) To increase the sample size",A,"The bootstrap approximates the sampling distribution, so its spread gives the SE and its percentiles a CI.","B) That's permutation.
C) Bias in the sample stays in every resample.
D) Resamples are the same size as the data.",Uncertainty or hypothesis test?,,yes,ch11-hw-02,,all (AI variant),,ch11-hw-02
ch11-hw-03-v1,AI variant of ch11-hw-03,11,"bootstrap, sampling distribution",matching,Fill in the blanks: (1) ____ resamples individuals from our sample with replacement to (2) ____.,"A) Bootstrapping
B) Permutation
C) Random assignment
D) approximate the sampling distribution of our estimate, treating our sample as if it were the population
E) approximate the null distribution by breaking the association","1-A, 2-D",The bootstrap treats the sample as a stand-in population and resamples it to see how much estimates would vary.,B) with E) describes permutation.,With replacement → which method?,,yes,ch11-hw-03,,all (AI variant),,ch11-hw-03
ch11-hw-03-v2,AI variant of ch11-hw-03,11,"permutation, null distribution",MC,Why does shuffling the explanatory variable relative to the response produce a null distribution?,"A) Shuffling destroys any real association, so the statistics from shuffled data show what chance alone produces when there's no association
B) Shuffling removes sampling error
C) Shuffling makes the data normal
D) Shuffling increases the sample size",A,"After shuffling, any remaining pattern is coincidence. Repeating many times shows the range of statistics expected under 'no association'.","B) Sampling error remains; it's what the null distribution displays.
C) Shuffling doesn't change the values' distribution.
D) n stays the same.",What's left after you break the association?,,yes,ch11-hw-03,,all (AI variant),,ch11-hw-03
ch11-hw-04-v1,AI variant of ch11-hw-04,11,"scatterplots, associations",MC,"Adelie penguins on Torgersen island (n = 47). Is bill length associated with bill depth? The observed correlation is r = 0.22. Panel A shows 5000 bootstrap replicates of r (red dashed lines: 2.5th and 97.5th percentiles, about −0.11 and 0.50). Panel B shows 5000 permuted replicates of r (solid blue line: observed r; dotted line: −r).

Looking at the scatterplot (with best-fit line), it looks like:","A) Penguins with longer bills tend to have slightly deeper bills, but the association is weak and noisy
B) Penguins with longer bills have shallower bills
C) A strong, tight positive association",A,"The line tilts gently upward, but the points scatter widely around it (r = 0.22).","B) The slope is positive.
C) The points are far from the line.",Direction from the line; strength from the scatter.,ch11-var-torg-scatter.png,yes,ch11-hw-04,,all (AI variant),,ch11-hw-04
ch11-hw-04-v2,AI variant of ch11-hw-04,11,"scatterplots, correlation",MC,Two scatterplots both have a positive best-fit line. In Plot 1 the points hug the line; in Plot 2 they scatter widely around it. Which is true?,"A) Plot 1 has a stronger correlation (r closer to 1)
B) Plot 2 has a stronger correlation
C) Both have the same correlation because both lines slope up
D) The steeper line always has the larger r",A,"Correlation measures how tightly points follow a line, not how steep it is.","B) Wide scatter means weaker correlation.
C) Direction alone doesn't set strength.
D) Slope and r are different things.",r measures tightness.,,yes,ch11-hw-04,,all (AI variant),,ch11-hw-04
ch11-hw-05-v1,AI variant of ch11-hw-05,11,"bootstrap, confidence intervals, correlation",select-all,"Adelie penguins on Torgersen island (n = 47). Is bill length associated with bill depth? The observed correlation is r = 0.22. Panel A shows 5000 bootstrap replicates of r (red dashed lines: 2.5th and 97.5th percentiles, about −0.11 and 0.50). Panel B shows 5000 permuted replicates of r (solid blue line: observed r; dotted line: −r).

Using Panel A, which values are within the 95% confidence interval for the correlation? (Select all correct.)","A) −0.20
B) 0.00
C) 0.20
D) 0.40
E) 0.60","B, C, D","The bootstrap 95% CI runs from about −0.11 to 0.50, so 0, 0.20 and 0.40 are inside. Note that 0 is a plausible value.","A) Below −0.11.
E) Above 0.50.",Read off the dashed lines.,ch11-var-torg-boot-perm.png,yes,ch11-hw-05,,all (AI variant),,ch11-hw-05
ch11-hw-05-v2,AI variant of ch11-hw-05,11,"bootstrap, confidence intervals, correlation",MC,"Adelie penguins on Torgersen island (n = 47). Is bill length associated with bill depth? The observed correlation is r = 0.22. Panel A shows 5000 bootstrap replicates of r (red dashed lines: 2.5th and 97.5th percentiles, about −0.11 and 0.50). Panel B shows 5000 permuted replicates of r (solid blue line: observed r; dotted line: −r).

The 95% CI includes 0. What does that tell us?","A) No association is among the plausible values, so the data don't clearly establish a correlation (a test would not reject at α = 0.05)
B) The correlation is exactly 0
C) The correlation is definitely positive
D) The bootstrap failed",A,"A CI that includes the null value matches a non-significant test. The interval also includes moderate positive values, so we can't say there's no association either.","B) 0 is plausible, but so are values up to 0.5.
C) Negative values are also plausible.
D) Wide intervals are normal with n = 47.",Is the null value inside the CI?,ch11-var-torg-boot-perm.png,yes,ch11-hw-05,,all (AI variant),,ch11-hw-05
ch11-hw-06-v1,AI variant of ch11-hw-06,11,"confidence intervals, interpretation",MC,"Adelie penguins on Torgersen (n = 47): the correlation between bill length and bill depth is r = 0.22, with a bootstrap 95% CI of about −0.11 to 0.50. Which statement best describes this CI?","A) If we repeated this study many times and built a 95% CI each time, about 95% of those intervals would contain the true correlation
B) There's a 95% probability the true correlation is between −0.11 and 0.50
C) 95% of penguins have correlations in this range",A,The 95% is the method's long-run success rate.,"B) This interval either contains the truth or doesn't.
C) Correlation describes the population, not individual birds.",Where does the 95% live?,,yes,ch11-hw-06,,all (AI variant),,ch11-hw-06
ch11-hw-06-v2,AI variant of ch11-hw-06,11,"confidence intervals, sample size",MC,"Adelie penguins on Torgersen (n = 47): r = 0.22, 95% CI about −0.11 to 0.50. If we measured 470 Torgersen Adelies instead, what would most likely happen to the CI?","A) It would be narrower
B) It would be wider
C) It would stay the same width
D) It would be guaranteed to exclude 0",A,"More data shrinks the SE, so the interval narrows. Whether it then excludes 0 depends on the true correlation.","B) More data means less uncertainty.
C) Width depends on n.
D) If the true r were near 0, it could still include 0.",What does a bigger n do to uncertainty?,,yes,ch11-hw-06,,all (AI variant),,ch11-hw-06
ch11-hw-07-v1,AI variant of ch11-hw-07,11,"permutation, p-values, hypothesis testing decisions",MC,"Adelie penguins on Torgersen island (n = 47). Is bill length associated with bill depth? The observed correlation is r = 0.22. Panel A shows 5000 bootstrap replicates of r (red dashed lines: 2.5th and 97.5th percentiles, about −0.11 and 0.50). Panel B shows 5000 permuted replicates of r (solid blue line: observed r; dotted line: −r).

Using Panel B: about 14% of permuted correlations are as or more extreme (in either direction) than the observed r = 0.22. What's the p-value, and what do we do?","A) p ≈ 0.14; fail to reject the null (but this doesn't show there's no association)
B) p ≈ 0.14; reject the null
C) p ≈ 0.86; fail to reject
D) p ≈ 0.14; there's a 14% chance there's no association",A,"The p-value is the proportion of permuted r's at least as extreme as ±0.22: about 0.14 > 0.05. We fail to reject, but the CI shows a moderate correlation is still plausible.","B) p > 0.05.
C) 0.86 is the proportion less extreme.
D) The prosecutor's fallacy.",What fraction is beyond both blue lines?,ch11-var-torg-boot-perm.png,yes,ch11-hw-07,,all (AI variant),,ch11-hw-07
ch11-hw-07-v2,AI variant of ch11-hw-07,11,"permutation, p-values",MC,"In a permutation test with 1000 shuffles, 37 permuted statistics are as or more extreme (in either direction) than the observed value. What's the approximate two-sided p-value?","A) 0.037
B) 0.074
C) 0.963
D) 37",A,Counting both directions already gives the two-sided count: 37/1000 = 0.037.,"B) Don't double: 'either direction' already covers both tails.
C) That's the proportion less extreme.
D) That's a count, not a proportion.",Proportion of shuffles at least as extreme.,,yes,ch11-hw-07,,all (AI variant),,ch11-hw-07
ch11-hw-08-v1,AI variant of ch11-hw-08,11,"permutation, non-independence, blocking",MC,A researcher tests whether a caffeine pill changes reaction time. Each of 20 people is tested twice: once with caffeine and once with a placebo. How should she permute?,"A) Within each person, randomly swap (or keep) the caffeine and placebo labels
B) Shuffle all 40 labels across everyone
C) Shuffle the people's IDs
D) This design can't be permuted",A,Measurements from the same person aren't independent. Shuffling labels within each person breaks the treatment link while keeping each person's pair together.,"B) Ignores the pairing and mixes person-to-person differences into the null.
C) Person isn't the treatment.
D) Paired designs can be permuted within pairs.",Keep the structure; shuffle only the treatment.,,yes,ch11-hw-08,,all (AI variant),,ch11-hw-08
ch11-hw-08-v2,AI variant of ch11-hw-08,11,"permutation, non-independence",MC,Students measure leaf size on sun vs shade branches of 8 trees (several leaves per branch type per tree). Why is shuffling sun/shade labels across ALL leaves from all trees a problem?,"A) Leaves on the same tree are not independent; shuffling across trees mixes tree-to-tree differences into the null and misrepresents the design
B) There are too many leaves to shuffle
C) Sun and shade labels can't be shuffled
D) It isn't a problem",A,"Shuffle within each tree instead, so the null keeps the tree structure.","B) Number of leaves isn't the issue.
C) They can, just within trees.
D) Ignoring the trees violates independence.",Which leaves are related to each other?,,yes,ch11-hw-08,,all (AI variant),,ch11-hw-08
ch11-chime-01-v1,AI variant of ch11-chime-01,11,"permutation, assumptions",select-all,"Which of these is a permutation test robust to, or not dependent on? (Select all correct.)","A) Non-normal data
B) Biased sampling
C) Non-independent observations analyzed as independent",A,"Permutation makes no normality assumption. But like any test it needs unbiased, independent data (or a shuffling scheme that respects the dependence).","B) Bias gives a misleading answer whatever the test.
C) Must be handled, e.g., by shuffling within groups.",What does shuffling assume about the data?,,yes,ch11-chime-01,,all (AI variant),,ch11-chime-01
ch11-chime-01-v2,AI variant of ch11-chime-01,11,"permutation, assumptions",MC,"A permutation test finds a significant difference in songbird size between two forests, but all birds were caught with nets that miss small birds in one forest only. What's the problem?","A) Biased sampling: the permutation test can't fix how the data were collected
B) Not enough permutations
C) Permutation tests require normal data
D) No problem",A,Permutation tests assume unbiased sampling. A difference created by the nets would look 'significant' too.,"B) More shuffles won't remove bias.
C) Permutation doesn't assume normality.
D) The bias could explain the result.",Can any test fix biased data?,,yes,ch11-chime-01,,all (AI variant),,ch11-chime-01
ch11-chime-02-v1,AI variant of ch11-chime-02,11,"permutation, null distribution",MC,What does each permuted replicate represent?,"A) A dataset like ours in which any real association has been removed: what we might see if the null were true
B) A new sample from the population
C) A dataset with the outliers removed
D) A resample with replacement",A,"Shuffling breaks the link between variables, so each replicate is one possible 'null world' version of our data.","B) No new data are collected.
C) All values are kept.
D) That's the bootstrap.",What does shuffling destroy?,,yes,ch11-chime-02,,all (AI variant),,ch11-chime-02
ch11-chime-02-v2,AI variant of ch11-chime-02,11,"permutation, p-values",MC,"After building a permutation null distribution, how is the p-value found?","A) The proportion of permuted statistics as or more extreme than the observed statistic
B) The SD of the permuted statistics
C) The 2.5th and 97.5th percentiles of the permuted statistics
D) The mean of the permuted statistics",A,How often does the null world produce something as extreme as what we saw?,"B) That's a spread, not a p-value.
C) Those percentiles would give an interval, not a p-value (and bootstrap percentiles give the CI).
D) That's near 0 by design.",How often does the null produce data like ours?,,yes,ch11-chime-02,,all (AI variant),,ch11-chime-02
ch11-chime-03-v1,AI variant of ch11-chime-03,11,"bootstrap, permutation",matching,"For each output, which method produces it?

1. A p-value
2. A 95% confidence interval
3. A standard error
4. A null distribution","A) Bootstrap
B) Permutation","1-B, 2-A, 3-A, 4-B","The bootstrap estimates uncertainty (SE, CI); permutation simulates the null (null distribution, p-value).",Swapping them is the key confusion.,Uncertainty vs testing.,,yes,ch11-chime-03,,all (AI variant),,ch11-chime-03
ch11-chime-03-v2,AI variant of ch11-chime-03,11,"bootstrap, permutation",MC,Where is each distribution centered?,"A) Bootstrap: near the observed estimate; permutation: near the null value (e.g., 0)
B) Both near 0
C) Both near the observed estimate
D) Bootstrap near 0; permutation near the estimate",A,"The bootstrap keeps the association, so it centers on our estimate. Permutation destroys it, so it centers on the null value.",B)–D) Mix up which method keeps the association.,Which one keeps the association?,,yes,ch11-chime-03,,all (AI variant),,ch11-chime-03
ch11-chime-04-v1,AI variant of ch11-chime-04,11,"permutation, null distribution",MC,"Permutation eye-test: the plot shows 20 panels of Chinstrap penguin flipper length for females (F) and males (M), with means and 95% CIs. One panel is the real data; the other 19 were made by shuffling the sex labels.

Which panel do you think is the real data?","A) 2
B) 6
C) 13
D) 20",B,"In panel 6 males are clearly longer-flippered, with non-overlapping intervals. Shuffled panels show small differences in either direction.","A), C) and D) These show small differences in either direction with overlapping intervals, as expected from shuffling.",Which panel doesn't look like random shuffling?,ch11-var-lineup.png,yes,ch11-chime-04,,all (AI variant),,ch11-chime-04
ch11-chime-04-v2,AI variant of ch11-chime-04,11,"permutation, null distribution",MC,"In a line-up of 20 panels (1 real, 19 shuffled), the real panel can't be distinguished from the shuffled ones. What does that suggest?","A) The real data look like what the null produces, so the p-value is probably not small and we likely wouldn't reject the null
B) The real data show a strong effect
C) The null is true
D) The shuffling was done wrong",A,"If data look typical of shuffled data, chance alone can easily explain them. That's not proof the null is true, just no evidence against it.","B) A strong effect would stand out.
C) Failing to find evidence isn't proof.
D) This is what happens when there's little or no effect.",What would a weak or absent effect look like?,,yes,ch11-chime-04,,all (AI variant),,ch11-chime-04
ch11-chime-05-v1,AI variant of ch11-chime-05,11,"permutation, p-values",MC,"In a line-up with 1 real panel and 99 shuffled panels, you correctly pick the real one. If the null were true, what's the chance of that by luck?","A) 1/100 = 0.01
B) 1/20 = 0.05
C) 99/100
D) 0",A,"Under the null, the real panel is just one of 100 equally random-looking panels.","B) That's for 20 panels.
C) That's the chance of picking wrong.
D) A lucky guess is always possible.",One in how many?,,yes,ch11-chime-05,,all (AI variant),,ch11-chime-05
ch11-chime-05-v2,AI variant of ch11-chime-05,11,"permutation, p-values, interpretation",MC,"Permutation eye-test: the plot shows 20 panels of Chinstrap penguin flipper length for females (F) and males (M), with means and 95% CIs. One panel is the real data; the other 19 were made by shuffling the sex labels.

If most of the class picks panel 6 correctly, what can we say?","A) Data like ours are rare under the null (p ≲ 0.05): evidence that flipper length differs by sex, though not proof
B) The null is definitely false
C) p ≈ 0.95
D) Nothing; line-ups are just for fun",A,Picking the real panel reliably means it doesn't look like a shuffled one: the logic of a permutation test.,"B) Evidence isn't proof.
C) Standing out means the data are unusual under the null.
D) The line-up is a visual permutation test.","If the null were true, how often would you pick it?",ch11-var-lineup.png,yes,ch11-chime-05,,all (AI variant),,ch11-chime-05
ch11-book-01-v1,AI variant of ch11-book-01,11,"bootstrap, permutation",matching,"Which method (bootstrap, permutation, both, or neither):

1. uses every original observation exactly once in each replicate?
2. can give some observations twice in a replicate?
3. requires collecting new data from the population?","A) Bootstrap
B) Permutation
C) Both
D) Neither","1-B, 2-A, 3-D",Permutation reshuffles the same values; the bootstrap samples with replacement. Neither collects new data; that's their whole appeal.,3: Both methods work from the one sample we have.,Shuffling vs resampling with replacement.,,yes,ch11-book-01,,all (AI variant),,ch11-book-01
ch11-book-01-v2,AI variant of ch11-book-01,11,"bootstrap, permutation",matching,"Which method (bootstrap, permutation, both, or neither):

1. approximates a distribution using only our sample?
2. assumes the data are normally distributed?
3. keeps the association between the explanatory and response variables?","A) Bootstrap
B) Permutation
C) Both
D) Neither","1-C, 2-D, 3-A","Both are computational methods using only our data, and neither assumes normality. Only the bootstrap keeps each individual's x and y together.",3: Permutation deliberately breaks the association.,Which keeps pairs intact?,,yes,ch11-book-01,,all (AI variant),,ch11-book-01
ch11-book-02-v1,AI variant of ch11-book-02,11,"bootstrap, permutation, null distribution",matching,"Chinstrap penguins (34 males, 34 females). Males' flippers are 8.2 mm longer on average. One plot shows 5000 bootstrap replicates of the male − female difference, and the other shows 5000 permutations (blue line = observed 8.2 mm).

For each statement, which method makes it true?

1. The overall mean flipper length (195.8 mm) is identical in every replicate
2. The female mean is identical in every replicate
3. The distribution of the sex difference is centered near 0
4. The distribution of the sex difference is centered near 8.2 mm","A) Bootstrap
B) Permutation
C) Both
D) Neither","1-B, 2-D, 3-B, 4-A",Permutation reuses the same 68 values (fixed overall mean) and centers the difference at 0. The bootstrap centers near the observed 8.2 mm. Neither keeps the female mean fixed.,2: Shuffling changes which values are labeled female; resampling changes the values.,What stays the same when you shuffle labels?,ch11-var-chin-boot-perm.png,yes,ch11-book-02,,all (AI variant),,ch11-book-02
ch11-book-02-v2,AI variant of ch11-book-02,11,"bootstrap, permutation",MC,"Chinstrap penguins (34 males, 34 females). Males' flippers are 8.2 mm longer on average. One plot shows 5000 bootstrap replicates of the male − female difference, and the other shows 5000 permutations (blue line = observed 8.2 mm).

Why is the permutation distribution centered at 0 while the bootstrap distribution is centered near 8.2 mm?","A) Shuffling sex labels removes any real sex difference; bootstrapping keeps each bird's sex, so the real difference remains
B) Permutation uses fewer replicates
C) The bootstrap removes sampling error
D) It's a coincidence",A,Permutation simulates the null (no difference); the bootstrap simulates sampling variation around our estimate.,"B) Both use 5000.
C) The bootstrap shows sampling error.
D) It's by design.",Which method keeps the association?,ch11-var-chin-boot-perm.png,yes,ch11-book-02,,all (AI variant),,ch11-book-02
ch11-book-03-v1,AI variant of ch11-book-03,11,"bootstrap, permutation, null distribution",matching,"Chinstrap penguins (34 males, 34 females). Males' flippers are 8.2 mm longer on average. One plot shows 5000 bootstrap replicates of the male − female difference, and the other shows 5000 permutations (blue line = observed 8.2 mm).

1. Which plot is the bootstrap distribution?
2. Which plot is the permutation (null) distribution?","A) Distribution 1
B) Distribution 2","1-A, 2-B","Distribution 1 is centered on the observed 8.2 mm (bootstrap). Distribution 2 is centered at 0, with 8.2 far in the tail (permutation).",Look at the centers: the estimate vs the null value.,Where is each centered?,ch11-var-chin-boot-perm.png,yes,ch11-book-03,,all (AI variant),,ch11-book-03
ch11-book-03-v2,AI variant of ch11-book-03,11,"permutation, null distribution",MC,"Chinstrap penguins (34 males, 34 females). Males' flippers are 8.2 mm longer on average. One plot shows 5000 bootstrap replicates of the male − female difference, and the other shows 5000 permutations (blue line = observed 8.2 mm).

What does the position of the blue line in Distribution 2 tell you?","A) The observed difference is far beyond anything shuffling produced, so p is very small
B) The observed difference is typical under the null
C) The CI includes 0
D) The bootstrap failed",A,The blue line (8.2 mm) lies well past the largest permuted difference (about 6.5 mm in absolute value).,"B) It's way out in the tail.
C) Distribution 2 isn't used for a CI.
D) Distribution 2 is the permutation.",Is 8.2 mm unusual for the null distribution?,ch11-var-chin-boot-perm.png,yes,ch11-book-03,,all (AI variant),,ch11-book-03
ch11-book-04-v1,AI variant of ch11-book-04,11,"bootstrap, confidence intervals",MC,"Chinstrap penguins (34 males, 34 females). Males' flippers are 8.2 mm longer on average. One plot shows 5000 bootstrap replicates of the male − female difference, and the other shows 5000 permutations (blue line = observed 8.2 mm).

The 2.5th and 97.5th percentiles of the bootstrap distribution are about 5.5 and 11.1 mm. What is the 95% CI, and how do you read it?","A) About 5.5 to 11.1 mm: a range of plausible values for the true male − female difference in mean flipper length
B) About 5.5 to 11.1 mm: 95% of males have flippers in this range
C) About −6 to 6 mm, from the permutation distribution
D) 8.2 ± 1.96 mm",A,The middle 95% of bootstrap differences gives the CI: males' flippers are plausibly about 5–11 mm longer on average.,"B) The CI is about the mean difference, not individuals.
C) The permutation distribution is for testing.
D) Uses the wrong spread.",Middle 95% of which distribution?,ch11-var-chin-boot-perm.png,yes,ch11-book-04,,all (AI variant),,ch11-book-04
ch11-book-04-v2,AI variant of ch11-book-04,11,"bootstrap, standard error",MC,"Chinstrap penguins (34 males, 34 females). Males' flippers are 8.2 mm longer on average. One plot shows 5000 bootstrap replicates of the male − female difference, and the other shows 5000 permutations (blue line = observed 8.2 mm).

How would you get the standard error of the sex difference?","A) The standard deviation of the 5000 bootstrap differences
B) The standard deviation of the 5000 permuted differences
C) The mean of the bootstrap differences
D) 8.2 / √5000",A,"The bootstrap distribution approximates the sampling distribution, so its SD is the SE.","B) The permutation SD describes the null world, not the uncertainty around our estimate.
C) That's near the estimate itself.
D) The number of replicates isn't the sample size.",SE = spread of which distribution?,ch11-var-chin-boot-perm.png,yes,ch11-book-04,,all (AI variant),,ch11-book-04
ch11-book-05-v1,AI variant of ch11-book-05,11,null and alternative hypotheses,matching,"Chinstrap penguins (34 males, 34 females). Males' flippers are 8.2 mm longer on average.

1. What is the null hypothesis?
2. What is the (two-tailed) alternative?","A) Male and female Chinstraps have the same mean flipper length
B) Male and female Chinstraps differ in mean flipper length
C) Male Chinstraps have longer flippers than females
D) The sample difference is 0","1-A, 2-B",Hypotheses are about population means. Null: no difference. Two-tailed alternative: some difference.,"C) One-tailed.
D) Hypotheses are about the population; our sample difference is 8.2.","Population, not sample; no direction for two-tailed.",,yes,ch11-book-05,,all (AI variant),,ch11-book-05
ch11-book-05-v2,AI variant of ch11-book-05,11,null and alternative hypotheses,MC,Adelie penguins on Torgersen: is bill length correlated with bill depth? Which is the null hypothesis?,"A) In the population, the correlation between bill length and depth is 0
B) In our sample, r = 0
C) The correlation is positive
D) Longer bills cause deeper bills",A,The null is about the population: no association (ρ = 0).,"B) Our sample r is 0.22; hypotheses are about the population.
C) An alternative (one-tailed).
D) A causal claim, and not a null.",Null = no association in the population.,,yes,ch11-book-05,,all (AI variant),,ch11-book-05
ch11-book-06-v1,AI variant of ch11-book-06,11,"permutation, p-values, reporting",MC,"Chinstrap penguins (34 males, 34 females). Males' flippers are 8.2 mm longer on average. One plot shows 5000 bootstrap replicates of the male − female difference, and the other shows 5000 permutations (blue line = observed 8.2 mm).

None of the 5000 permuted differences was as extreme as 8.2 mm (the largest in absolute value was about 6.5 mm). How should you report the p-value?","A) p < 3/5000 (about 0.0006); reject the null
B) p = 0; the null is impossible
C) p = 0; reject the null
D) p ≈ 1; fail to reject",A,Zero out of 5000 means p is very small but not exactly 0; report it as below a bound such as 3/reps.,"B) and C) A true p-value is never 0; we just didn't run enough shuffles to see such an extreme value.
D) Nothing in the null comes close.",Can a p-value be exactly zero?,ch11-var-chin-boot-perm.png,yes,ch11-book-06,,all (AI variant),,ch11-book-06
ch11-book-06-v2,AI variant of ch11-book-06,11,"permutation, p-values, reporting",MC,A permutation test with 1000 shuffles finds 0 permuted statistics as extreme as the observed one. A classmate reports 'p = 0.000.' What's better?,"A) Report p < 0.003 (3/1000), or run more permutations
B) p = 0.000 is correct
C) Report p = 1
D) Report p = 0.05",A,With 1000 shuffles you can't distinguish p = 0.0001 from p = 0.0005; report a bound.,"B) p-values are never exactly 0.
C) The result is extreme, not typical.
D) There's no reason to use 0.05.",What's the smallest p you can resolve with 1000 shuffles?,,yes,ch11-book-06,,all (AI variant),,ch11-book-06
ch12-book-01-v1,AI variant of ch12-book-01,12,"random sampling, external validity",MC,Random sampling (random selection) means the researcher:,"A) Chooses which individuals from the population are included in the study at random
B) Randomly assigns study individuals to treatments
C) Randomly decides which variables to measure",A,Random sampling is about who gets into the study; it helps results generalize to the population. Random assignment is about who gets which treatment.,"B) That's random assignment.
C) Not a design principle.","Into the study, or into a treatment?",,yes,ch12-book-01,,all (AI variant),,ch12-book-01
ch12-book-01-v2,AI variant of ch12-book-01,12,"random assignment, random sampling",MC,A study recruits volunteers from one university (not random sampling) but flips a coin to decide who gets a new study technique (random assignment). What can it support?,"A) A causal claim about the technique for people like these volunteers, but generalizing to everyone is less certain
B) Generalization to all people, but no causal claim
C) Neither causation nor generalization
D) Both, fully",A,Random assignment supports causation (internal validity); random sampling supports generalization (external validity). Here only the first was done.,"B) Backwards.
C) The coin flip supports causal inference.
D) The sample wasn't random.","Which randomization was done, and what does it buy?",,yes,ch12-book-01,,all (AI variant),,ch12-book-01
ch12-book-02-v1,AI variant of ch12-book-02,12,"effect size, correlation vs causation, observational studies",MC,A survey finds that people who drink more green tea have slightly lower blood pressure (difference in means = 3 mmHg). A report calls this 'the effect of green tea.' Why is that wording misleading?,"A) In an observational study we've measured an association, not an effect; tea drinkers may differ in many other ways
B) 3 mmHg is too small to be an effect
C) Effects can only be measured as correlations
D) It isn't misleading",A,"'Effect' implies causation. Without random assignment, confounders (diet, exercise, income) could create the difference.","B) Size isn't the problem; causality is.
C) Effects can be expressed many ways.
D) The wording implies a causal claim the design can't support.",Was green tea randomly assigned?,,yes,ch12-book-02,,all (AI variant),,ch12-book-02
ch12-book-02-v2,AI variant of ch12-book-02,12,"effect size, experimental design",MC,When is it most appropriate to call a difference in means an 'effect size'?,"A) When the explanatory variable was randomly assigned in an experiment
B) Whenever the p-value is below 0.05
C) Whenever the difference is large
D) Never",A,"Random assignment lets us attribute the difference to the treatment, so 'effect' is justified.","B) Significance doesn't establish causation.
C) Big associations can still be confounded.
D) It's fine for well-designed experiments.",What design justifies a causal word?,,yes,ch12-book-02,,all (AI variant),,ch12-book-02
ch12-book-03-v1,AI variant of ch12-book-03,12,scientific vs statistical models,MC,Which of these is a SCIENTIFIC model (rather than a statistical one)?,"A) Birds with deeper beaks can crack harder seeds, so they survive droughts better
B) Survival = 0.2 + 0.05 × beak depth + error
C) Beak depth is normally distributed with mean 9.5 mm
D) The correlation between beak depth and survival is 0.3",A,A scientific model proposes a mechanism. B–D describe patterns in data mathematically.,"B), C) and D) These are statistical descriptions of data.",Which one explains how the world works?,,yes,ch12-book-03,,all (AI variant),,ch12-book-03
ch12-book-03-v2,AI variant of ch12-book-03,12,scientific vs statistical models,MC,A statistical model shows that hybrid seed increases with petal area. Why doesn't this alone confirm the scientific model 'pollinators prefer large petals'?,"A) Other mechanisms (e.g., a gene affecting both petal size and mating) could produce the same pattern; the statistical pattern is consistent with the hypothesis but doesn't prove it
B) Statistical models are always wrong
C) Scientific models can't be tested
D) It does confirm it",A,"Many scientific models can predict the same statistical pattern. Distinguishing them needs targeted tests (e.g., experiments with pollinators).","B) Statistical models are useful descriptions.
C) They can be tested through their predictions.
D) A pattern is consistent with, not proof of, a mechanism.",Could another mechanism produce the same pattern?,,yes,ch12-book-03,,all (AI variant),,ch12-book-03
ch12-book-04-v1,AI variant of ch12-book-04,12,"blocking, power and precision",MC,"A researcher tests two fertilizers on 6 farms, applying both fertilizers to plots within every farm. What's the main benefit of this blocked design?","A) Comparing fertilizers within each farm removes farm-to-farm variation, so the fertilizer difference is estimated more precisely
B) It eliminates the need for randomization
C) It lets results generalize to all farms worldwide
D) It removes sampling error",A,"Blocking means each comparison happens under similar conditions, reducing noise unrelated to the treatment.","B) Treatments are still randomized within farms.
C) Generalization depends on which farms were sampled.
D) It reduces noise but can't remove sampling error.",What variation is taken out of the comparison?,,yes,ch12-book-04,,all (AI variant),,ch12-book-04
ch12-book-04-v2,AI variant of ch12-book-04,12,"matching, power and precision",MC,"To test a new drug, researchers form pairs of patients matched on age and disease severity, then flip a coin to give the drug to one member of each pair. Why match?","A) Comparing similar patients reduces variability from age and severity, increasing precision and power
B) Matching replaces random assignment
C) Matching guarantees the drug works
D) Matching increases the sample size",A,"Within-pair comparisons cancel out shared differences, so the drug effect stands out more clearly. Randomizing within pairs still protects against confounding.","B) The coin flip is still needed.
C) Design can't guarantee a result.
D) n is unchanged.",What do matched pairs share?,,yes,ch12-book-04,,all (AI variant),,ch12-book-04
ch12-book-05-v1,AI variant of ch12-book-05,12,"random assignment, confounding",TF,"TRUE or FALSE: Random assignment balances confounders across treatment groups on average, even confounders the researcher never thought to measure.","A) TRUE
B) FALSE",A,"Because treatment is assigned by chance, it can't be systematically related to anything about the subjects, measured or not.",B) This is the main power of random assignment.,Does a coin flip know who's healthier?,,yes,ch12-book-05,,all (AI variant),,ch12-book-05
ch12-book-05-v2,AI variant of ch12-book-05,12,"random assignment, confounding, statistical adjustment",MC,"How does statistically adjusting for covariates (e.g., including age in a model) differ from random assignment?","A) Adjustment only handles the covariates you measured and modeled correctly; random assignment balances all of them by design
B) They're the same thing
C) Adjustment is always better than random assignment
D) Random assignment only works for measured covariates",A,"Unmeasured confounders can still bias an adjusted observational analysis, but not a randomized experiment (on average).","B) One is design, the other is modeling.
C) Adjustment can't fix unmeasured confounding.
D) Backwards.",What about confounders you never measured?,,yes,ch12-book-05,,all (AI variant),,ch12-book-05
ch12-book-06-v1,AI variant of ch12-book-06,12,"non-significant results, power, ecological validity",matching,"A greenhouse experiment tests whether a soil fungus increases plant growth, and fails to reject the null. Is each statement a valid reason a real effect could have been missed?

1. The greenhouse soil was so rich in nutrients that plants didn't need the fungus's help
2. Only 6 plants per group were used
3. The fungus was added at a much lower density than occurs in nature
4. The non-significant result shows the fungus has no effect","A) TRUE
B) FALSE","1-A, 2-A, 3-A, 4-B","Unnatural conditions, low power and an unrealistic dose can all hide a real effect. A non-significant result doesn't prove no effect.",4: Failing to reject is not evidence of no effect.,Absence of evidence ≠ evidence of absence.,,yes,ch12-book-06,,all (AI variant),,ch12-book-06
ch12-book-06-v2,AI variant of ch12-book-06,12,"non-significant results, power",MC,"A small experiment (n = 8 per group) finds a non-significant effect of a training program, with a 95% CI for the improvement of −2 to +15 points. What's the best conclusion?","A) The study is inconclusive: effects from slightly negative to large are consistent with the data; a larger study is needed
B) The training program doesn't work
C) The training program clearly works
D) The CI proves no effect",A,The CI includes 0 but also big improvements. The study lacked precision to tell.,"B) Non-significant ≠ no effect.
C) The CI includes 0.
D) A CI including 0 doesn't prove 0.","Look at the whole CI, not just whether it includes 0.",,yes,ch12-book-06,,all (AI variant),,ch12-book-06
ch12-book-07-v1,AI variant of ch12-book-07,12,"internal validity, confounding",MC,"Hypothetical scenario: 'Weedex' is a lawn herbicide. Studies of professional landscapers, who spray it daily for years, find somewhat higher rates of a rare kidney disease than in other workers. Thousands of homeowners who used Weedex occasionally have since filed complaints with a consumer agency.

Landscapers who spray Weedex also handle fuels, fertilizers and other pesticides. Why is this a threat to INTERNAL validity?","A) It's unclear whether Weedex, the other chemicals, or a combination is responsible for the higher disease rate
B) Landscapers aren't representative of homeowners
C) Disease diagnoses might be inaccurate
D) The sample is too small",A,"Co-exposure confounds the comparison: Weedex use travels with other exposures, so we can't isolate its role.","B) That's external validity.
C) That's measurement.
D) That's precision/power.",Internal validity = can we attribute the cause?,,yes,ch12-book-07,,all (AI variant),,ch12-book-07
ch12-book-07-v2,AI variant of ch12-book-07,12,"internal validity, confounding",MC,An observational study finds that people who own dogs have lower rates of heart disease. Which is the clearest threat to INTERNAL validity?,"A) Healthier, more active people may be more likely to get dogs in the first place
B) The study only included people from one country
C) Heart disease is rare
D) Some owners had cats too",A,"If fitness affects both dog ownership and heart disease, it confounds the association (or the causation runs in reverse).","B) That's about generalization (external validity).
C) Rarity affects power.
D) Not the main confound.",Could something cause both dog ownership and heart health?,,yes,ch12-book-07,,all (AI variant),,ch12-book-07
ch12-book-08-v1,AI variant of ch12-book-08,12,external validity,MC,"Hypothetical scenario: 'Weedex' is a lawn herbicide. Studies of professional landscapers, who spray it daily for years, find somewhat higher rates of a rare kidney disease than in other workers. Thousands of homeowners who used Weedex occasionally have since filed complaints with a consumer agency.

The evidence comes from landscapers with heavy daily exposure, but most complaints come from occasional home users. Why does this raise a question of EXTERNAL validity?","A) It's unclear whether results from years of heavy professional exposure apply to occasional home use
B) Homeowners weren't randomly assigned to use Weedex
C) Homeowners may misremember how much they used
D) Landscapers are a larger group",A,External validity asks whether findings from one group or setting generalize to another.,"B) That's about causal inference.
C) That's measurement.
D) Size affects precision, not generalization.",Do results transfer from one population to another?,,yes,ch12-book-08,,all (AI variant),,ch12-book-08
ch12-book-08-v2,AI variant of ch12-book-08,12,external validity,MC,A drug is tested in a randomized trial of adults aged 30–50. A doctor wants to prescribe it to 85-year-olds. What's the concern?,"A) External validity: the trial's results may not generalize to much older patients
B) Internal validity: the trial couldn't show causation
C) The trial had no control group
D) No concern",A,"Randomization gives internal validity for the trial population, but older patients may respond differently.","B) Randomization supports causation within the trial.
C) Not stated.
D) Age could change how the drug works.",Does the trial population match the patient?,,yes,ch12-book-08,,all (AI variant),,ch12-book-08
ch12-book-09-v1,AI variant of ch12-book-09,12,"ecological validity, dose",MC,"Hypothetical scenario: 'Weedex' is a lawn herbicide. Studies of professional landscapers, who spray it daily for years, find somewhat higher rates of a rare kidney disease than in other workers. Thousands of homeowners who used Weedex occasionally have since filed complaints with a consumer agency.

In lab studies, rats were fed Weedex at 500 times the dose a landscaper would absorb. Some developed kidney damage. Why does this raise a question of ECOLOGICAL validity?","A) An effect at an extreme dose doesn't necessarily tell you what happens at realistic exposures
B) Rats can never tell us anything about humans
C) The rats weren't randomly assigned
D) Kidney damage can't be measured in rats",A,"High doses help detect rare effects with few animals, but there's a gap between those conditions and real-world exposure.","B) Too strong.
C) Not indicated.
D) Not the issue.",Lab conditions vs real-world conditions.,,yes,ch12-book-09,,all (AI variant),,ch12-book-09
ch12-book-09-v2,AI variant of ch12-book-09,12,ecological validity,MC,A study finds that a fish species avoids predators in small aquarium tanks with constant bright light. What's the main ecological validity concern?,"A) Fish behavior in small, brightly lit tanks may differ from behavior in natural rivers
B) The fish weren't randomly sampled from the river
C) The study had too few fish
D) Fish can't be studied experimentally",A,Ecological validity asks whether the experimental conditions resemble the natural situation of interest.,"B) That's external validity / sampling.
C) That's power.
D) They can.",Do the lab conditions resemble nature?,,yes,ch12-book-09,,all (AI variant),,ch12-book-09
ch12-book-10-v1,AI variant of ch12-book-10,12,"sampling bias, measurement",matching,"Hypothetical scenario: 'Weedex' is a lawn herbicide. Studies of professional landscapers, who spray it daily for years, find somewhat higher rates of a rare kidney disease than in other workers. Thousands of homeowners who used Weedex occasionally have since filed complaints with a consumer agency.

Is each a legitimate reason the number of consumer complaints is an untrustworthy estimate of how many people Weedex harmed?

1. People with kidney disease for other reasons might blame Weedex and complain anyway
2. Many harmed people may never have heard of the complaint process
3. The complaint count is a round number
4. A lot of complaints means Weedex must be harmful","A) TRUE
B) FALSE","1-A, 2-A, 3-B, 4-B","Complaints are a self-selected, biased sample: they can overstate harm (blaming the product without evidence) or understate it (harmed people who never complain).","3: Roundness says nothing about accuracy.
4: Complaint counts reflect awareness and incentives, not just harm.","Who complains, and why?",,yes,ch12-book-10,,all (AI variant),,ch12-book-10
ch12-book-10-v2,AI variant of ch12-book-10,12,sampling bias,MC,A restaurant estimates customer satisfaction from online reviews. Why might this be biased?,"A) People with very good or very bad experiences are more likely to write reviews, so reviewers aren't representative
B) Online reviews have too much sampling error
C) Reviews are always fake
D) There's no bias with many reviews",A,Self-selected samples overrepresent strong opinions. More reviews don't fix the bias.,"B) The main problem is bias, not chance.
C) Too strong.
D) Bias doesn't shrink with n.",Who chooses to write a review?,,yes,ch12-book-10,,all (AI variant),,ch12-book-10
ch12-book-11-v1,AI variant of ch12-book-11,12,"causal inference, natural experiments, predictions",MC,"Hypothetical scenario: 'Weedex' is a lawn herbicide. Studies of professional landscapers, who spray it daily for years, find somewhat higher rates of a rare kidney disease than in other workers. Thousands of homeowners who used Weedex occasionally have since filed complaints with a consumer agency.

Suppose one state bans Weedex for home use while a neighboring state doesn't, and landscapers keep using it in both. If home use of Weedex causes kidney disease, what would you predict?","A) Disease among homeowners should drop more in the banning state than in the neighboring state
B) Disease should drop equally in both states
C) Disease should rise among landscapers in the banning state
D) No prediction is possible",A,This natural experiment changes exposure in one group but not a comparable one. A larger drop where the ban applies supports a causal role; equal drops suggest something else.,"B) Equal drops would point to another cause.
C) Landscapers' exposure didn't change.
D) The comparison makes a clear prediction.",Compare the change where exposure changed with where it didn't.,,yes,ch12-book-11,,all (AI variant),,ch12-book-11
ch12-book-11-v2,AI variant of ch12-book-11,12,"causal inference, natural experiments",MC,A city adds bike lanes on half its streets (chosen by a construction schedule unrelated to accident rates). Bike accidents drop 30% on those streets and 5% on the others. What's the best interpretation?,"A) The extra drop on bike-lane streets is evidence the lanes reduced accidents, since the other streets account for city-wide trends
B) The 30% drop proves bike lanes work, regardless of the other streets
C) Since accidents dropped everywhere, the lanes did nothing
D) No conclusion is possible without randomization",A,The untreated streets serve as a comparison for background trends. The difference in changes (about 25 points) is the best estimate of the lanes' effect.,"B) Ignores the 5% background drop.
C) The drop was much bigger on lane streets.
D) Natural experiments can support causal inference when assignment is unrelated to the outcome.","Compare the changes, not just one change.",,yes,ch12-book-11,,all (AI variant),,ch12-book-11
ch12-hw-01-v1,AI variant of ch12-hw-01,12,"experimental design, causation",MC,Why is a randomized experiment better than an observational study for inferring causation?,"A) Random assignment makes treatment groups alike on average in everything except the treatment, so differences can be attributed to it (plus chance)
B) Experiments have larger sample sizes
C) Experiments never have sampling error
D) Observational studies can't detect associations",A,Random assignment breaks links between treatment and confounders.,"B) Not necessarily.
C) Sampling error is always present.
D) They detect associations fine; they struggle with causation.",What does random assignment balance?,,yes,ch12-hw-01,,all (AI variant),,ch12-hw-01
ch12-hw-01-v2,AI variant of ch12-hw-01,12,"observational studies, causation",MC,When might researchers rely on observational studies to investigate causes?,"A) When an experiment would be unethical or impossible (e.g., assigning people to smoke)
B) When they want stronger causal evidence than an experiment provides
C) Never
D) Only when sample sizes are small",A,Observational studies are essential when we can't manipulate the cause. Careful designs and multiple lines of evidence can still build a causal case.,"B) Experiments give stronger causal evidence.
C) Much important science is observational.
D) Sample size isn't the reason.",When can't you randomly assign a treatment?,,yes,ch12-hw-01,,all (AI variant),,ch12-hw-01
ch12-hw-02-v1,AI variant of ch12-hw-02,12,"observational studies, reverse causation",MC,"In an observational study, people who sleep more report less anxiety. Which explanation is reverse causation?","A) Less anxious people find it easier to sleep
B) More sleep reduces anxiety
C) A third factor (e.g., stress at work) affects both
D) The association is a chance result",A,Reverse causation: the response is actually causing the explanatory variable.,"B) That's the forward causal story.
C) That's confounding.
D) That's sampling error.",Flip the arrow.,,yes,ch12-hw-02,,all (AI variant),,ch12-hw-02
ch12-hw-02-v2,AI variant of ch12-hw-02,12,"observational studies, confounding",MC,Ice cream sales and sunburns are positively correlated across days. What's the most likely explanation?,"A) A confounder, sunny hot weather, increases both
B) Ice cream causes sunburn
C) Sunburns make people buy ice cream
D) It must be sampling error",A,Sunny days drive both. This is the classic common-cause pattern.,"B) and C) No plausible mechanism.
D) Possible, but a confounder is far more likely with an obvious common cause.",What makes both go up?,,yes,ch12-hw-02,,all (AI variant),,ch12-hw-02
ch12-hw-03-v1,AI variant of ch12-hw-03,12,"experimental design, causation",MC,"In a well-designed experiment, researchers randomly assign plants to receive extra nitrogen and find they grow taller (p = 0.01). Why can't 'height causes nitrogen' explain this?","A) The researchers set nitrogen themselves before the plants grew, so height couldn't have determined it
B) Because p < 0.05
C) Because nitrogen is a chemical
D) It could explain it",A,Manipulating the explanatory variable rules out reverse causation; random assignment rules out confounders. What remains: a causal effect or chance.,"B) Significance doesn't address direction.
C) Irrelevant.
D) Manipulation rules it out.",Who decided which plants got nitrogen?,,yes,ch12-hw-03,,all (AI variant),,ch12-hw-03
ch12-hw-03-v2,AI variant of ch12-hw-03,12,"experimental design, sampling error",MC,A well-designed randomized experiment finds a significant effect. Which alternative explanation is still possible?,"A) Chance: a false positive (type I error)
B) Confounding by an unmeasured variable that systematically differs between groups
C) Reverse causation
D) None; the effect is proven",A,"Random assignment handles confounding and reverse causation, but chance can still produce a significant result.","B) Randomization balances confounders on average.
C) The researcher set the treatment.
D) There's always some chance of a false positive.",What can randomization not remove?,,yes,ch12-hw-03,,all (AI variant),,ch12-hw-03
ch12-hw-04-v1,AI variant of ch12-hw-04,12,"spurious correlation, multiple testing",MC,A researcher checks correlations between 50 lifestyle variables and 20 health outcomes (1000 pairs) and reports the 50 that are 'significant' at α = 0.05. What's the main problem?,"A) About 50 significant results are expected by chance alone even if nothing is related
B) 50 is too many variables to measure
C) Significance proves causation
D) No problem",A,1000 tests × 0.05 ≈ 50 false positives when no real associations exist. Searching many pairs guarantees spurious hits.,"B) Measuring many variables is fine; the problem is the search.
C) It doesn't.
D) These could all be false positives.",How many false positives does α = 0.05 allow over 1000 tests?,,yes,ch12-hw-04,,all (AI variant),,ch12-hw-04
ch12-hw-04-v2,AI variant of ch12-hw-04,12,"spurious correlation, time trends",MC,"Across 20 years, a country's internet use and its average life expectancy both rose and are strongly correlated. Why should we be cautious about a causal claim?","A) Both trend upward over time for many reasons, and things that trend over time tend to correlate even without a causal link
B) The correlation is too strong to be real
C) Life expectancy can't be measured
D) Internet use certainly causes longer life",A,"Shared time trends create correlations. Without a mechanism or better design, this isn't causal evidence.","B) Strength doesn't rule out a spurious link.
C) It can.
D) Unjustified.",What else changed over those 20 years?,,yes,ch12-hw-04,,all (AI variant),,ch12-hw-04
ch12-hw-05-v1,AI variant of ch12-hw-05,12,"response variable, correlation vs causation",MC,Why can calling Y the 'response' variable be misleading in an observational study?,"A) It implies Y responds to (is caused by) X, when we've only observed an association
B) Y should always be called the 'explanatory' variable
C) It makes the p-value incorrect
D) It isn't misleading",A,Statistical vocabulary often carries causal assumptions that the design can't support.,"B) The labels are conventions; the issue is what they imply.
C) Words don't change the math.
D) The word suggests causation.",What does 'response' suggest?,,yes,ch12-hw-05,,all (AI variant),,ch12-hw-05
ch12-hw-05-v2,AI variant of ch12-hw-05,12,"correlation vs causation, language",select-all,Which phrases in a report on an OBSERVATIONAL study wrongly imply causation? (Select all.),"A) 'Exercise reduces depression'
B) 'The effect of income on lifespan'
C) 'Exercise is associated with lower depression'
D) 'People with higher incomes tended to live longer'","A, B",'Reduces' and 'effect of' are causal language. 'Associated with' and 'tended to' describe the pattern without claiming a cause.,C) and D) These are appropriately non-causal.,Which words claim a cause?,,yes,ch12-hw-05,,all (AI variant),,ch12-hw-05
ch12-hw-06-v1,AI variant of ch12-hw-06,12,counterfactuals,MC,What is a counterfactual in the context of causal inference?,"A) What would have happened to the same individual if they had received the other treatment
B) A false fact in the data
C) A control group that got nothing
D) A statistical test",A,Causal effects compare what happened with what would have happened otherwise. We can never observe both for one individual.,"B) Not a data error.
C) A control group approximates the counterfactual, but isn't the same thing.
D) Not a test.","Same individual, other treatment.",,yes,ch12-hw-06,,all (AI variant),,ch12-hw-06
ch12-hw-06-v2,AI variant of ch12-hw-06,12,"counterfactuals, random assignment",MC,"Since we can't observe the same individual both treated and untreated, how does a randomized experiment approximate the counterfactual?","A) Randomly assigned groups are alike on average, so the control group shows what would have happened to the treated group without treatment
B) By measuring each individual twice
C) By using a very large sample
D) It can't",A,Randomization makes the control group a stand-in for the treated group's 'other world.',"B) Repeated measures help in some designs, but time also changes.
C) Size helps precision, not comparability.
D) That's exactly what randomization does.",Why is the control group a good stand-in?,,yes,ch12-hw-06,,all (AI variant),,ch12-hw-06
ch12-hw-07-v1,AI variant of ch12-hw-07,12,"controls, placebo",MC,A study tests whether a new surgical procedure reduces knee pain. What is the best control?,"A) A sham surgery (incisions but no actual repair), with patients unaware of which they got
B) No surgery at all
C) Patients who refused surgery
D) The same patients before surgery",A,"A sham control matches everything except the active ingredient: anesthesia, recovery, expectation of improvement.","B) Differs in many ways besides the repair (including placebo effects).
C) Self-selected, so confounded.
D) Pain changes over time anyway.",Match everything but the factor of interest.,,yes,ch12-hw-07,,all (AI variant),,ch12-hw-07
ch12-hw-07-v2,AI variant of ch12-hw-07,12,controls,MC,"In a plant experiment, treated pots get a fertilizer dissolved in water. What should control pots get?","A) The same amount of plain water, applied the same way
B) Nothing
C) A different fertilizer
D) Half the fertilizer",A,"The control should differ only in the fertilizer itself, so extra water or handling can't explain differences.","B) Treated pots also got extra water and handling.
C) and D) Those are other treatments, not controls.",What else does the treatment include besides fertilizer?,,yes,ch12-hw-07,,all (AI variant),,ch12-hw-07
ch12-hw-08-v1,AI variant of ch12-hw-08,12,power,select-all,Which of these would INCREASE the power of a study? (Select all.),"A) A larger sample size
B) Reducing measurement noise
C) A larger true effect
D) Using α = 0.01 instead of 0.05","A, B, C","Power rises with sample size, precision and effect size. A stricter α lowers power.",D) Harder to reject means lower power.,What makes a real effect easier to detect?,,yes,ch12-hw-08,,all (AI variant),,ch12-hw-08
ch12-hw-08-v2,AI variant of ch12-hw-08,12,power,MC,Why should a researcher estimate power BEFORE running an experiment?,"A) To check whether the planned sample size is large enough to detect the smallest effect that would matter
B) To guarantee a significant result
C) To find out whether the null is true
D) To calculate the p-value",A,A power analysis helps avoid wasting effort on a study too small to detect meaningful effects.,"B) Nothing guarantees significance.
C) Power doesn't tell you that.
D) p-values come from the data.",Is the study big enough?,,yes,ch12-hw-08,,all (AI variant),,ch12-hw-08
